X,Y
4.406194770220873,19.724955816176696
1.6290806052225881,55.90326448417806
2.425286272076266,33.74022901766101
30.19755186846146,68.55804149476916
52.2039220828127,51.96313766625016
89.3482545758606,81.67860366068848
76.450962556538,106.16077004523041
42.27692845437755,66.82154276350204
30.3997821538329,59.11982572306631
41.974361951659525,55.779489561327615
19.055033453867765,30.244026763094208
47.50234941809188,60.201879534473505
63.99424880044754,73.39539904035803
56.539694474866344,89.03175557989306
71.24686938209459,96.59749550567567
8.456864122928431,44.565491298342735
44.31840913827892,44.45472731062314
80.36795813828093,81.69436651062473
40.95537572004169,63.364300576033344
98.21288142814645,110.37030514251715
20.920568884740508,51.53645510779239
68.04110396242623,97.03288316994099
81.26328493792869,122.61062795034294
29.35608726776072,48.684869814208575
75.1743763324438,97.33950106595503
38.53146013009825,72.8251681040786
71.47600967297178,87.78080773837743
9.699948453427465,21.55995876274197
43.96975182911205,48.37580146328963
21.20250019055988,45.7620001524479
1.246526712726903,51.99722137018151
50.79664011690732,100.63731209352585
94.61546138216104,126.09236910572884
9.808832244305265,66.0470657954442
31.44784352126925,56.95827481701539
94.69320941751762,132.1545675340141
73.77065636095413,60.816525088763306
63.95075353612448,81.76060282889958
10.915839919466874,63.33267193557349
8.01828314600156,28.614626516801245
18.12657737270745,25.90126189816596
62.92304515305827,104.9384361224466
59.08846101350237,59.87076881080189
92.2649284194209,83.41194273553671
45.43300127962928,72.94640102370343
1.4048788716231608,31.123903097298523
6.940276530363654,18.75222122429092
65.55933742807908,82.44746994246326
99.53415093931208,135.42732075144966
8.95944257653014,31.167554061224106
53.194396220598485,44.95551697647879
87.56494140018309,94.65195312014647
80.6310893183323,65.70487145466585
84.09306113707424,91.87444890965939
82.15308460862678,107.12246768690142
58.48856234970311,62.990849879762486
83.51977947539424,70.41582358031539
23.316915794861824,25.853532635889458
77.79348669801522,115.03478935841216
95.33121742911061,107.46497394328848
6.397075626373505,26.7176605010988
49.16512409521001,61.532099276168005
50.2309222779064,74.38473782232512
12.360365749883861,48.88829259990708
84.65688773275937,106.72551018620749
66.32408194531834,78.25926555625466
86.75212546150696,88.60170036920556
51.95030710777052,76.96024568621641
24.98712511751171,48.18970009400936
0.7592481188959499,39.607398495116755
98.79716069957921,136.63772855966337
83.28127125913805,110.42501700731043
78.70560946264746,116.96448757011795
15.044198728811853,34.23535898304948
19.427405233006688,36.541924186405346
93.70672532033618,99.56538025626894
93.836280382803,120.0690243062424
7.93110850397416,37.544886803179324
56.582259808035694,66.26580784642856
78.86492495298407,68.49193996238725
48.39112078398761,68.71289662719008
50.676428099317505,51.34114247945401
31.073288491886952,84.85863079350955
42.26682602541339,50.01346082033071
80.41305368556438,91.9304429484515
96.60703881368224,80.2856310509458
94.16134862700608,99.92907890160485
12.841344591134229,43.273075672907375
73.66035278646501,97.928282229172
30.529989043278594,46.02399123462287
75.97172548416088,118.3773803873287
15.062809583721803,36.050247666977434
45.308207474189366,45.246565979351494
22.532356475009852,55.82588518000787
27.101255255507738,37.28100420440619
31.499864142480384,65.9998913139843
47.73575265972559,52.588602127780476
61.343611332728344,65.27488906618268
48.287478375260775,79.42998270020861
67.9106243904165,73.5284995123332
66.59058004684127,95.87246403747301
19.65962431509084,69.12769945207266
58.29383724892221,72.43506979913776
15.455246241759102,12.964196993407283
26.108268132661262,23.88661450612901
1.429437727922478,25.743550182337977
24.568864141870506,35.8550913134964
22.06534608631694,29.05227686905355
12.35583882777208,53.68467106221765
61.77975945475691,74.62380756380553
52.17617504448654,73.54094003558923
66.41554942931587,111.3324395434527
5.527700825935211,9.222160660748168
99.76636591964426,81.01309273571542
76.2694845025366,113.81558760202927
91.97596231752652,112.58076985402121
40.345181028179965,35.276144822543976
62.19346131227361,67.15476904981888
62.33874681670216,102.67099745336172
48.85174063135354,57.08139250508283
66.61066750320659,53.28853400256527
84.29881727609376,117.839053820875
55.41555881675443,48.532447053403544
72.42670874353739,74.74136699482992
43.3503238519038,86.88025908152304
5.223120880680754,23.9784967045446
52.83790131225188,68.6703210498015
86.09988012535236,74.87990410028189
98.26199456383074,87.00959565106459
66.81237297790364,64.24989838232291
70.01502415012861,111.21201932010288
90.6380390297509,116.91043122380071
39.83294108827587,43.86635287062069
17.24235443984866,56.393883551878915
52.742102981574405,93.1936823852595
25.92466711455912,42.93973369164729
47.979022174021935,89.98321773921754
65.15789640164003,103.12631712131201
94.20567441888319,110.76453953510655
60.07210725841615,63.05768580673292
98.54702641715795,112.43762113372637
41.84648562421954,49.67718849937563
4.132056114312754,5.105644891450203
83.08051586596656,98.26441269277325
96.4268718684629,92.74149749477031
87.40607928311502,107.12486342649201
16.47636488877683,51.58109191102145
60.328119077642185,50.66249526211375
62.69602279674314,94.55681823739451
21.600282959559024,37.080226367647214
82.9327651862416,99.34621214899326
31.737537111967583,79.39002968957405
52.2309589804965,53.1847671843972
4.5410628937173625,59.43285031497388
90.95818817219268,111.16655053775413
21.68707320677218,49.74965856541773
44.83446575726175,89.86757260580939
93.10442448295393,99.68353958636314
7.700694893474136,7.960555914779309
99.10777412376837,109.2862192990147
17.79298725827161,14.234389806617287
74.26766023350494,106.21412818680395
63.9830582194752,82.38644657558015
63.26857647600564,87.21486118080452
77.59768720955161,78.27814976764128
56.89825741033771,97.71860592827016
49.906110966019256,72.9248887728154
63.731528475144216,71.98522278011538
87.5458684624985,112.0366947699988
92.22480647783533,122.37984518226824
25.09056654802445,39.27245323841956
72.80293935862633,98.44235148690106
13.99172031360112,35.79337625088089
97.77857801659175,129.82286241327338
86.72261306310537,92.17809045048429
97.61291992479725,105.09033593983781
34.51771458425055,34.81417166740044
69.91208775237186,77.52967020189749
65.84376095754388,59.8750087660351
6.193718474930132,64.35497477994409
5.529221742299373,55.42337739383949
40.19770912858144,33.95816730286515
88.65877270661738,103.9270181652939
18.130825268482464,25.90466021478597
97.80877073436898,126.24701658749517
36.31752062539766,85.45401650031812
26.742436864385468,31.593949491508376
1.5035192286979027,15.602815382958319
73.77305100766152,80.01844080612922
47.440486448138266,85.3523891585106
61.85567368964472,92.08453895171576
67.89873028781533,101.71898423025226
57.81851602148749,54.65481281718999
12.406225778362067,69.92498062268965
82.8560959930448,73.48487679443585
43.66701205366963,60.1336096429357
44.391650928576574,53.513320742861254
4.017309365150689,40.41384749212054
22.154351456174282,36.92348116493942
2.868657063317326,46.69492565065385
37.311175908233686,77.24894072658694
57.66872501770129,70.73498001416104
36.79548732609179,78.63638986087342
72.9545449437405,75.7636359549924
66.61357302270892,109.09085841816713
96.02401495410679,123.01921196328543
68.60195556713535,80.08156445370827
86.67236046210178,99.93788836968142
72.56567095826347,116.85253676661077
47.177437815648894,80.3419502525191
93.49822266203766,128.1985781296301
59.47432722672532,99.77946178138025
65.93416292516872,63.54733034013498
44.13668113061004,82.10934490448803
48.30954948104571,69.84763958483656
70.75669563438512,90.2053565075081
60.84710824356899,80.47768659485519
35.833460097215195,78.46676807777214
2.109134581131633,10.087307664905305
62.56485033251259,62.05188026601007
87.9239526856235,87.1391621484988
22.093615335206007,61.474892268164794
53.39006440689421,100.31205152551536
93.69044778562595,106.75235822850075
36.397016388298155,49.51761311063852
94.9355110653071,103.54840885224567
45.056318907296536,81.64505512583722
93.35721864612375,76.485774916899
12.742500307645855,19.194000246116683
67.29549465789201,92.2363957263136
7.111956017662402,29.08956481412992
31.163921388815986,70.53113711105277
94.83200826848721,120.86560661478975
0.804880835450017,28.24390466836001
35.1420881335626,85.71367050685006
86.03455920175072,70.62764736140058
60.531224976714896,76.02497998137191
89.12814157456637,76.7025132596531
41.566760360896346,62.053408288717065
59.14619577735611,76.71695662188489
59.78323464437296,52.62658771549837
28.675500256982723,47.540400205586174
23.098906047905764,28.67912483832461
69.15368722056064,59.52294977644851
36.93601807918494,31.94881446334795
33.28172666989555,68.62538133591643
90.70296397610016,83.36237118088013
55.311332897971745,48.449066318377405
86.75137455565428,95.80109964452342
50.806779206909155,100.04542336552731
20.74592524840375,27.996740198722996
44.79583659976601,70.63666927981279
78.6092380312624,89.28739042500992
70.49203011137467,84.59362408909973
26.956068666935195,73.76485493354815
14.891632990865578,65.91330639269245
73.83591885593391,99.26873508474712
75.6817335717504,81.54538685740032
30.241142167195058,30.192913733756043
66.1645174742796,94.33161397942368
17.374895600749664,16.29991648059973
97.82721589096481,83.06177271277186
60.724136373982226,93.57930909918578
46.06107735681899,48.24886188545519
36.8208008443511,54.05664067548088
84.46178930487766,69.36943144390213
71.93292103536928,86.34633682829542
3.818221936763644,21.65457754941091
25.58347258160134,47.46677806528107
26.269413496374504,22.215530797099603
0.6720976091905362,10.137678087352427
19.88459840939659,44.10767872751727
26.699256166592832,57.95940493327426
19.456090861016385,49.76487268881311
68.78345491305623,77.22676393044497
4.0496612284202875,27.839728982736226
90.03934517303756,72.63147613843005
73.74616430419792,116.59693144335833
11.36737248617603,57.09389798894081
17.95966379310737,57.56773103448589
95.78587534202703,119.8287002736216
93.57417642785894,112.05934114228715
40.585584577534604,85.86846766202768
7.514879308241829,42.01190344659346
68.87822841760742,87.50258273408593
88.15063582999223,120.32050866399376
60.994409201870845,89.59552736149666
62.38508099985665,80.50806479988532
24.512013816873623,67.60961105349888
30.185379346758168,58.34830347740653
61.536666511652506,61.829333209322
98.67005058055426,115.5360404644434
33.8404279891994,67.2723423913595
77.65948913505332,69.32759130804266
68.65892503907054,59.12714003125643
66.11175984893596,55.28940787914877
69.2683645333639,113.6146916266911
57.36967007371808,60.29573605897447
47.2422076609186,66.59376612873487
2.9441816720273795,46.7553453376219
26.285974675793465,57.62877974063477
56.93890651989302,94.1511252159144
70.67242686742122,70.93794149393698
42.92781867346574,82.34225493877258
9.769172146832583,57.615337717466055
72.99463847979194,96.79571078383356
70.64855361729391,57.71884289383514
68.71481314183302,74.17185051346641
97.37497406611439,136.6999792528915
23.911347621128055,26.92907809690244
55.34805605615446,103.07844484492355
38.639639294203974,78.31171143536318
25.775162685325547,56.62013014826043
71.5719889911975,98.657591192958
19.270601531108255,34.6164812248866
1.3062296155838315,59.24498369246705
85.71250057259655,123.77000045807723
71.2139575175122,82.17116601400976
30.301999966051106,83.04159997284088
23.61678964691819,18.89343171753455
0.7851795192488353,10.228143615399066
26.727848609801775,27.98227888784142
50.76187737309038,74.2095018984723
50.37362763702629,42.09890210962103
53.137724940609345,74.91017995248747
31.626334282274016,78.7010674258192
22.307519026219136,22.04601522097531
60.035256613918165,103.22820529113451
45.52880382395218,59.82304305916175
4.153964154117107,25.52317132329368
80.5770279957326,68.6616223965861
45.00186797536341,49.201494380290725
88.6143383798881,115.89147070391047
87.90520896094807,88.32416716875846
15.151292837804531,27.121034270243623
9.659782695348685,32.327826156278945
99.04199140888863,102.6335931271109
68.25236346594899,88.80189077275918
39.14286875184989,76.9142950014799
56.256148910978595,75.00491912878287
91.27664009012447,108.42131207209957
72.62233628753762,59.897869030030094
63.003873280076384,100.8030986240611
78.13953705766595,118.91162964613275
97.6191488433523,102.09531907468184
71.58081698313921,86.06465358651137
96.16460524664038,94.93168419731231
22.400567984263898,58.72045438741111
39.57219940425254,84.45775952340202
82.76198428955252,117.209587431642
70.53244170307573,70.82595336246058
42.83191883770737,87.66553507016589
32.546332718118045,58.43706617449443
84.63623478230036,97.7089878258403
92.03346222699669,123.42676978159736
74.65386029584678,80.12308823667742
72.66724782211685,65.93379825769348
21.421395007206534,75.93711600576522
18.24512899062669,53.596103192501346
97.74196302222857,120.79357041778286
29.59830584102966,65.67864467282372
2.8287679461722393,37.66301435693778
82.61509462619291,109.89207570095434
32.13870931687991,58.11096745350392
27.84652819907958,79.27722255926365
1.237462784190746,54.989970227352586
98.8038505855206,112.64308046841649
51.78956074794762,55.23164859835809
23.301849140724475,29.441479312579578
78.60215101671152,119.28172081336919
13.291397618875111,52.03311809510008
60.791767105438176,104.43341368435054
61.45631443830031,107.36505155064023
83.77632322975948,76.02105858380759
42.11438185318413,54.6915054825473
98.34239985888028,135.6739198871042
35.04488954754399,38.23591163803519
82.79205321098323,86.03364256878658
78.12563491251804,111.70050793001442
80.56125379039268,117.24900303231414
72.80269661067703,95.44215728854161
86.7898154692561,84.43185237540489
98.52158523456634,98.61726818765308
57.63046650273057,74.30437320218445
25.286818647523702,31.02945491801896
78.50098224340371,97.60078579472295
59.89176145919054,82.11340916735243
65.1840607236473,104.94724857891784
65.92654916831516,73.14123933465213
57.12161401040946,90.69729120832756
83.41962743705767,116.53570194964612
96.2939021119583,99.23512168956665
90.79060487084455,94.83248389667563
8.914857323654124,14.331885858923297
17.665935150472777,24.33274812037822
38.58301073972744,62.06640859178195
84.77598710781884,69.02078968625507
15.231722068906716,48.785377655125366
33.89687163418539,82.3174973073483
88.60844033516531,99.08675226813224
98.6889203354782,108.95113626838256
62.40657819868104,90.72526255894482
96.28265085983352,108.22612068786681
78.67019721261842,76.73615777009474
70.21032603176094,70.56826082540876
32.554036440377644,36.843229152302115
29.48498867295757,51.187990938366056
45.933526505232194,78.14682120418576
83.39912067509854,81.71929654007884
43.90580727631516,90.92464582105211
46.2607073804256,52.60856590434047
11.127605360292737,36.50208428823419
23.606752143634225,75.88540171490737
99.67713584772787,106.7417086781823
2.8100135224047307,24.44801081792378
31.436425213723673,79.74914017097893
95.62830216246326,105.9026417299706
14.349702714366586,23.479762171493267
46.91191674117243,74.12953339293794
84.9706668212751,94.97653345702008
8.666509786019816,65.13320782881584
91.75354447154089,97.40283557723271
14.984336206451076,20.38746896516086
36.44149363820186,67.55319491056149
55.371594839488935,98.29727587159114
58.88749885167278,74.70999908133822
10.320131323929449,59.856105059143545
31.595081296944215,44.47606503755537
96.14071116492839,119.5125689319427
0.7162019253958207,41.372961540316645
75.17036531988296,82.33629225590636
73.17736857391513,103.5418948591321
82.0018689549549,116.00149516396391
42.34712270006437,91.47769816005149
81.85928907834081,112.88743126267264
3.4641949038350606,47.77135592306804
99.36359813958052,108.89087851166441
57.44915546132575,99.3593243690606
72.31202642338005,65.04962113870404
79.71207765055954,113.56966212044762
72.4131015784696,101.73048126277567
97.55913636997036,128.44730909597627
61.96891587468708,73.57513269974966
39.105986506041916,84.68478920483352
84.6754657742516,117.54037261940127
82.19578150268774,89.75662520215019
17.97541458807993,58.180331670463936
34.12868816682465,81.90295053345972
37.28627818980609,77.22902255184486
80.77404841377134,97.61923873101708
28.766400272714087,45.21312021817127
3.529306711427438,56.22344536914194
30.742816959295993,61.19425356743679
71.94433069391556,59.95546455513245
62.62038266078035,88.49630612862427
25.625312499559648,40.30024999964772
18.7813844092936,31.82510752743488
9.13598046707833,51.10878437366266
14.39452702673436,45.715621621387484
66.854575199563,96.08366015965039
80.03180994626912,96.4254479570153
39.115076883527756,34.29206150682221
93.53891134195698,98.23112907356557
17.394602499186306,16.915681999349044
89.66996093582274,120.33596874865819
6.377985929058316,26.10238874324665
15.564141277327725,44.251313021862174
88.98432235232711,98.18745788186169
54.3445391666048,70.47563133328384
1.1829941023081325,24.3463952818465
19.617683695184475,22.29414695614758
75.81769102047434,120.65415281637947
79.06046389194994,68.64837111355996
44.872028890039715,62.29762311203177
76.11103984421888,69.28883187537511
16.652359398151205,22.92188751852096
92.5771026215368,116.06168209722944
46.291889494272084,49.033511595417664
77.29838297601297,93.03870638081037
89.7391362390908,129.99130899127263
34.09880749212044,64.47904599369635
43.04966011338641,61.439728090709124
73.93647731861772,63.349181854894184
99.24603248609291,106.39682598887433
81.78601373785884,97.82881099028707
71.46224792579169,71.56979834063334
36.179480558172195,57.74358444653775
13.498185320701472,64.79854825656116
91.04904231626654,93.83923385301323
48.6803901969331,90.54431215754647
7.479919870525675,20.983935896420537
57.0326358352047,81.62610866816377
64.58176615994388,82.26541292795511
83.1444858225552,71.91558865804416
48.41191162784705,81.92952930227763
43.99164377522149,66.39331502017718
45.993268217052275,69.19461457364181
83.6055914247712,81.88447313981696
68.53075150076428,99.22460120061142
10.977373009641445,54.981898407713146
22.4408463330927,26.95267706647416
41.50508741060115,54.20406992848092
31.17812118580924,31.54249694864739
62.96734590607947,107.97387672486357
30.439608900615223,84.35168712049216
56.27638503177542,99.62110802542033
78.6512167192181,66.52097337537448
81.30132687009106,116.04106149607284
9.88511798723909,49.308094389791265
4.698524042316176,43.95881923385293
3.006902103348419,31.80552168267873
91.40506166168488,77.92404932934791
33.56159352714479,46.64927482171583
5.401955312737428,45.721564250189935
23.23626009368973,41.989008074951784
9.23972301479562,39.79177841183649
55.68737713198209,63.74990170558567
50.46276223948054,85.37020979158443
98.97301762673371,131.37841410138697
20.704243167673088,35.76339453413847
15.415879545326948,68.73270363626155
34.77362559536,79.41890047628799
48.09355924976092,53.47484739980874
91.86757277322468,98.09405821857975
55.854759628390084,59.08380770271207
33.21009670536181,50.568077364289444
49.90198951824141,57.921591614593126
62.559302670750405,90.8474421366003
72.97957742938854,88.98366194351084
72.10309274944098,87.68247419955279
46.39802385906153,84.51841908724921
12.984259239666008,18.787407391732806
86.02089902579489,119.8167192206359
57.69964047540085,65.35971238032067
50.0765614642839,87.46124917142711
20.777861146286234,74.22228891702898
47.511258392775126,45.8090067142201
68.15050711184067,78.52040568947254
75.80505865989797,93.04404692791837
70.64069930664084,72.71255944531268
8.621019445264311,63.896815556211436
48.21323479420834,71.57058783536667
96.42735090082157,117.94188072065725
72.9929381159959,103.39435049279672
3.2751797979966635,46.42014383839732
68.61722977920661,96.89378382336528
84.09961084611115,73.87968867688892
22.34141416492409,37.073131331939265
97.67203741012476,109.93762992809981
78.75243889524735,82.80195111619788
79.25125710291451,72.4010056823316
30.423388928603035,61.53871114288242
81.44046146297713,101.7523691703817
63.42096267581914,105.3367701406553
44.61897928057552,63.29518342446041
66.9932804445251,109.39462435562007
52.36492127300232,65.29193701840185
81.49708822003777,101.19767057603022
36.07262770446401,81.6581021635712
94.69659021149232,103.35727216919385
28.196133919436626,45.9569071355493
95.32182555134565,134.45746044107653
97.49643085875826,120.59714468700659
65.71887458520614,96.9750996681649
84.16971666274088,99.1357733301927
4.350727537252186,32.28058202980174
78.99664994934984,111.79731995947986
77.88542795520438,70.1083423641635
85.72229149179532,105.17783319343626
37.306201099170444,63.44496087933635
15.101690084594244,45.08135206767539
55.610600606720595,81.08848048537646
79.2678461725888,69.41427693807104
56.19418786518793,68.35535029215033
78.52736232508819,91.62188986007055
54.286638647707186,90.82931091816575
61.840660245825504,91.47252819666039
62.70542964827176,57.96434371861741
53.55345625705947,52.44276500564757
28.698836889745394,47.55906951179631
41.94083093539518,77.95266474831612
18.065506129364817,33.65240490349185
1.1694958796340194,48.33559670370721
3.672578022420281,58.13806241793621
92.61174110763076,86.08939288610462
46.48549341596756,52.788394732774044
48.16095250885128,67.92876200708102
27.679931569224912,43.14394525537993
42.04370115208855,54.63496092167084
35.01014262319059,65.80811409855247
65.7043725988879,109.5634980791103
69.12672580387544,61.30138064310036
34.11066198744677,29.688529589957415
97.15098291171496,128.12078632937198
48.24205219080072,83.59364175264056
26.7277371163433,35.18218969307463
33.38836206785991,78.91068965428792
40.23582158397664,51.98865726718131
59.97765774176514,73.1821261934121
95.7324538181422,99.98596305451376
50.922884678878745,58.138307743103
92.08066593662376,105.46453274929901
6.740727838271187,26.39258227061695
6.53133058062717,45.42506446450172
10.486440776190175,25.789152620952137
61.87010664316727,49.496085314533815
85.61345244113582,96.09076195290865
35.91141550057257,81.52913240045805
78.39380747345012,66.9150459787601
36.13358417077058,73.30686733661646
41.993700968841594,55.19496077507327
22.532778046034974,21.02622243682798
52.34033916920096,60.472271335360766
50.46053664878273,58.96842931902618
68.37218215518637,96.09774572414909
91.84666119758971,109.47732895807175
2.3528431619749712,26.48227452957997
8.677515210031395,56.142012168025104
99.53330560618137,98.2266444849451
68.43915588541398,69.75132470833118
47.28456893275174,64.22765514620139
87.9259527193411,126.74076217547287
89.33822883655624,105.07058306924499
65.38368076781205,66.10694461424964
38.350918861965575,85.88073508957245
77.75028402554717,77.20022722043774
72.25707482442566,117.80565985954051
57.68388666990163,59.947109335921304
1.467882132432241,33.57430570594578
96.94879280953724,135.1590342476298
19.790640540890713,60.83251243271256
59.00965897604931,65.80772718083944
6.260349862762693,29.008279890210147
20.120294666185366,34.09623573294829
49.721453926306744,80.57716314104539
9.663903688691267,12.531122950953012
88.73622981055924,106.98898384844739
8.26540902900893,22.21232722320714
65.78211815005297,56.825694520042376
3.250203924200712,6.200163139360569
55.53520234812785,82.82816187850227
85.10493971129821,89.08395176903858
20.469551971208656,31.37564157696692
80.68574784667982,67.54859827734386
27.028518129468505,57.02281450357479
90.27290702967046,123.21832562373636
76.30822911848139,66.44658329478511
37.19485202153594,78.95588161722874
68.05804748870182,98.24643799096145
55.82326796528857,78.25861437223085
33.90431735909076,33.72345388727261
0.2154091411174397,4.972327312893951
55.28135894780325,104.22508715824259
27.740994939400387,37.792795951520304
7.051435176948928,43.44114814155913
54.01457491107343,55.21165992885875
32.40619116127393,79.92495292901913
72.95144756463428,58.96115805170743
70.12671738826558,89.70137391061246
4.126181436491805,27.30094514919344
83.70090506456893,74.16072405165515
63.142903159364984,103.91432252749198
20.374370810016483,37.29949664801318
11.316447836459087,38.45315826916726
60.460796992436684,84.36863759394934
93.3133878229145,96.85071025833162
15.301451692434876,27.2411613539479
89.34914053573304,130.27931242858642
92.40822243083635,82.32657794466908
60.2854714238674,105.8283771390939
7.147679337121793,24.31814346969743
90.82330455349316,117.05864364279452
57.5238238318185,85.61905906545479
22.351553007004032,45.481242405603226
17.984044948108814,73.18723595848704
14.38461429445731,70.30769143556584
62.00927410768412,63.407419286147295
58.88765099243943,54.31012079395155
90.11768447552909,120.69414758042325
53.35084228729834,64.28067382983866
0.38469826654011774,32.107758613232086
98.8177642779547,118.05421142236375
67.16582957216066,84.33266365772852
91.99514295365128,117.99611436292102
86.55159028843795,82.44127223075037
88.64171533945412,107.5133722715633
67.8552079887936,102.88416639103487
23.19475048048717,65.95580038438973
58.33005802567086,98.86404642053668
49.1505483705703,62.12043869645623
56.72751039158912,50.7820083132713
92.77494590110754,74.21995672088603
21.742356152103593,43.193884921682866
2.9450274935673537,3.5560219948538827
68.14035501895721,84.51228401516576
70.2625078370936,105.41000626967487
23.83202152913593,28.665617223308743
6.729832937392654,32.383866349914115
4.2967253951969875,32.237380316157584
64.50540382496132,90.60432305996906
19.25190182557196,15.401521460457568
47.069412760917416,56.25553020873393
84.52771879805441,101.82217503844353
73.6648298211806,102.13186385694448
19.648776859362528,52.31902148749002
62.84812010083346,107.27849608066676
34.38132822685124,65.90506258148099
6.161397689898395,52.329118151918706
57.9592427074344,72.76739416594752
27.936309431182348,35.54904754494588
72.95296075883971,97.36236860707177
71.85461196863993,88.08368957491194
54.99740264610473,88.99792211688379
76.61807093279741,62.49445674623793
90.25375301480636,122.00300241184507
57.199177492425065,48.759341993940055
13.945295831080163,25.55623666486413
1.333877573599107,40.06710205887928
81.94650120105894,85.95720096084715
26.663441265254097,48.330753012203274
89.05203429235169,127.04162743388136
32.86834951847199,43.09467961477759
8.031493603595896,26.825194882876712
44.24850424061808,88.19880339249445
12.824969958049559,55.859975966439634
2.588919996437411,2.6711359971499284
3.6242715750121057,40.09941726000967
72.47965490087608,63.98372392070087
79.40449974434604,75.52359979547683
65.24546724565148,61.196373796521186
39.69873955651985,56.35899164521587
84.67916373355041,87.54333098684033
48.96268893200124,75.77015114560099
43.76631157329191,57.81304925863353
75.66310011859636,106.73048009487708
32.759906021571304,55.007924817257035
4.1063777864093876,48.8851022291275
98.59773804576338,93.2781904366107
3.4214982231113966,8.737198578489116
24.314978910193076,66.25198312815445
94.6480440404575,123.71843523236599
34.673093826842816,81.13847506147425
60.90340295173354,49.92272236138684
69.54514722087649,78.43611777670118
70.1393116060634,60.311449284850724
73.12749889966527,99.30199911973222
12.1832686576255,69.14661492610038
26.833698558083064,29.26695884646645
77.50730051036754,86.60584040829403
18.92479343689466,75.13983474951571
48.441173941910684,49.55293915352855
98.44610062194236,123.15688049755389
53.54677099933769,65.03741679947015
84.270014742926,124.41601179434079
62.42803506412036,81.14242805129628
9.647042613282764,52.117634090626204
57.04790286012956,55.83832228810365
94.6410524275252,125.51284194202015
90.11053658448952,119.48842926759161
91.06059731605905,129.24847785284723
0.5896154870660975,19.671692389652875
4.505484853841191,55.20438788307294
28.86804056115392,40.494432448923135
2.9898636101582055,34.19189088812656
70.85293406876214,92.68234725500972
67.16478720528214,60.93182976422571
83.30716442825388,125.44573154260311
52.48355841665157,101.38684673332125
13.795646204321244,43.43651696345699
48.55135120274097,53.241080962192775
27.930572051327417,76.94445764106192
56.49782518662649,99.79826014930119
74.37019824824975,76.8961585985998
97.99530234066187,108.39624187252949
61.12402396584119,80.69921917267295
70.28847007177386,95.23077605741909
23.840765925320895,29.872612740256713
68.62135456216515,108.29708364973212
83.38518990306027,80.5081519224482
89.80283101036993,110.84226480829594
62.31546307362468,64.85237045889974
84.25082919522647,113.00066335618118
30.017719539904586,79.21417563192367
35.7088478914236,51.96707831313888
0.7418776826123685,31.793502146089885
45.36833078834761,62.69466463067809
80.37346984808148,100.2987758784652
89.43018821035974,78.74415056828781
73.57893953895875,83.463151631167
13.981519464075188,14.785215571260151
47.97203178600833,94.17762542880666
75.95761311860856,82.36609049488685
2.524679093926596,49.41974327514127
89.4288917626277,126.74311341010215
17.592013805953822,69.27361104476304
94.73113475337978,99.78490780270383
75.71737555233855,111.57390044187083
68.0210970307667,100.01687762461336
34.99961465705174,73.59969172564138
98.74669612850889,98.19735690280712
41.968428638315224,55.17474291065218
11.052754542642395,35.84220363411391
38.34695761633957,53.47756609307166
26.942078890969878,66.5536631127759
40.80832150137271,69.24665720109817
31.41349759607501,73.13079807686
64.51068202658917,55.208545621271334
59.52008271165836,71.61606616932669
64.43520864065565,85.74816691252451
16.61202837466541,36.089622699732324
79.60554885001507,92.48443908001205
73.5454412823194,78.03635302585552
84.15947225955225,85.3275778076418
64.7712890622515,95.01703124980119
56.55487728935966,47.64390183148773
32.76282419018405,28.61025935214724
61.60588509583057,59.484708076664454
47.291969350298515,63.633575480238804
45.96873419362024,72.77498735489618
54.24494500594579,83.59595600475663
21.875867799017033,42.70069423921362
9.887669262588993,51.11013541007118
20.05010790833479,23.240086326667832
82.13779486466942,95.71023589173552
31.444590486743596,35.95567238939488
74.98851992047561,60.590815936380494
34.1850713368247,29.748057069459758
24.339041417038445,75.87123313363074
88.66621995883908,96.73297596707127
26.909121017293835,67.12729681383506
4.496507198044508,41.9972057584356
59.204930724539516,99.5639445796316
34.26451980808536,37.61161584646829
7.436057374057892,19.14884589924631
42.28689074204283,88.42951259363426
27.710782192002515,64.16862575360202
51.40149486114933,45.32119588891946
99.54056750621474,126.43245400497179
89.81506362797703,125.25205090238161
34.06668066062279,64.45334452849822
93.53898927839198,133.03119142271356
18.7480974968235,47.39847799745879
76.88635445118892,113.70908356095113
94.94466797814907,109.55573438251925
99.6565330879378,91.12522647035024
5.042839111215924,23.834271288972737
49.39750455184778,48.51800364147823
1.2968919287929093,28.637513543034324
85.35346789691498,82.68277431753198
98.54343141319369,123.23474513055494
20.014177532139122,49.611342025711295
69.81626880808307,72.05301504646644
4.443636741124902,31.154909392899917
80.99469742292386,106.19575793833909
75.90622215338779,92.52497772271023
55.95422744325488,101.16338195460389
31.032339248301632,24.825871398641308
24.924375691575385,47.539500553260304
65.57119952896447,56.05695962317158
97.23657675003278,93.98926140002624
2.0939018800428255,28.67512150403425
69.32936889379488,74.06349511503589
95.89696037824903,103.11756830259922
69.22309381160953,89.57847504928762
68.07773305658873,100.06218644527098
34.10462710053136,59.08370168042508
60.26385212541815,54.81108170033452
99.86786545594856,138.69429236475884
78.90989120528502,109.327912964228
25.69665932538099,49.35732746030479
29.71529067914991,74.77223254331992
24.991214281117568,45.192971424894054
57.85739290579479,63.08591432463583
3.2285126495088856,16.382810119607107
79.8995065865582,99.91960526924656
71.79716936748297,70.03773549398637
0.9250391690677318,9.140031335254184
94.1015651763171,110.08125214105368
6.997553165360615,63.79804253228848
74.48772625255077,60.790181002040626
89.24478514067998,104.99582811254398
99.75786699787706,110.40629359830164
33.22383746879901,33.17906997503921
27.31859800779003,60.25487840623202
7.6949469525249174,22.35595756201993
61.644649855614894,87.7157198844919
0.05319122937652576,10.242552983501218
45.00065303896137,92.40052243116908
96.16900268424288,122.5352021473943
2.612796616526858,51.29023729322147
0.5929416913950436,25.674353353116032
80.85489583523584,73.08391666818866
54.479601129590726,101.78368090367258
45.302522943499426,61.442018354799536
46.91300566958107,71.13040453566485
92.1380576056043,124.11044608448344
23.600006244623295,35.68000499569864
54.06558312372907,52.25246649898326
5.825652121122138,46.6605216968977
75.25398776541037,66.2031902123283
9.932467886935948,50.54597430954875
78.4447869931327,112.55582959450615
1.6742056760112978,25.93936454080903
49.11964877910947,82.49571902328756
55.608740791229174,78.08699263298334
73.33572640140349,65.8685811211228
51.99349433224116,48.194795465792936
14.571671424669718,65.65733713973576
73.88177075262605,117.90541660210084
40.91617039802775,33.332936318422206
4.714552300518415,13.97164184041473
21.725501895129995,25.780401516103996
84.27078101255965,71.61662481004772
82.46371238544197,110.97096990835357
73.11584161869877,101.09267329495901
84.46937484283661,96.97549987426929
52.90978257523854,74.72782606019082
42.0212489637144,57.016999170971516
48.17911525675698,51.14329220540559
39.67026755445925,33.5362140435674
1.9115019361331198,6.329201548906495
76.53028446367796,78.62422757094237
71.37727101910207,101.50181681528164
7.268038619762541,24.41443089581003
74.42600623590685,105.14080498872548
5.758265722604639,51.4066125780837
38.12368418872193,38.898947350977544
18.47205348246943,69.97764278597553
17.777141654311535,19.021713323449227
85.41733550752627,92.33386840602103
28.311230691817045,55.04898455345363
87.83164682961858,130.26531746369486
50.46155066205308,92.56924052964246
2.2260039682651334,59.3808031746121
15.76782678056694,24.61426142445355
65.39104716967728,110.51283773574181
53.08539250054526,56.86831400043621
19.72672437586287,29.581379500690293
19.392225755317728,75.51378060425417
81.11611714889139,108.6928937191131
3.6008613083092,57.48068904664735
95.72026615925957,122.17621292740765
53.37549931603714,70.9003994528297
20.55265093287013,52.4421207462961
68.37330143562338,109.29864114849869
86.03209126739138,80.8256730139131
94.56130504158698,97.84904403326959
42.47075920614288,66.37660736491429
81.21322042841494,65.57057634273195
49.037695306006924,74.03015624480554
40.06500517493986,71.05200413995189
58.79052636669837,95.63242109335869
80.08807068320195,102.47045654656155
15.250384603067513,15.80030768245401
54.87780404260047,99.70224323408036
36.87374682945699,80.49899746356559
54.864666728709864,60.69173338296789
38.586791675980024,30.86943334078402
79.05049463081542,122.04039570465233
96.26242733153016,86.00994186522414
74.75106942413994,76.00085553931194
27.32094269363856,53.65675415491084
80.21183935914934,102.56947148731946
92.31575729083865,104.45260583267091
53.09354285145411,92.87483428116329
88.60116507590777,114.6809320607262
7.447120560521059,64.75769644841684
61.36696234699669,57.49356987759735
82.67229758455082,114.73783806764064
8.807544268551803,35.84603541484144
29.95807353178227,30.566458825425816
54.49069817464803,79.59255853971842
42.93159972436668,88.34527977949332
26.17729664613083,62.94183731690466
28.115822587720075,24.292658070176063
75.4575717500763,94.56605740006103
45.18943990084091,94.95155192067273
0.9138643510112177,37.93109148080896
93.03272413631277,90.0261793090502
48.2456854072002,50.59654832576015
6.213779319490886,46.9710234555927
99.00010899552602,120.60008719642082
92.24240163785498,86.39392131028399
97.83508153310626,119.068065226485
20.084199672809955,25.667359738247963
62.65601684750985,81.32481347800787
62.59155172675042,79.47324138140033
9.914581452163972,40.331665161731166
93.12330578152141,126.0986446252171
85.96548918125143,84.37239134500113
78.85036433948608,121.28029147158885
38.963707452012244,83.97096596160978
69.87805421887884,73.30244337510307
61.88162980713242,100.50530384570592
83.90833036822173,120.52666429457737
18.935340764030485,40.34827261122439
56.32246059688227,50.45796847750582
54.99854387295397,50.598835098363175
23.480328504389814,31.984262803511847
37.94220366990757,86.75376293592603
31.953532295785358,83.76282583662828
63.908966961247316,109.32717356899784
93.49206623519754,87.39365298815802
93.43958625167463,114.9516690013397
34.19621666958178,80.15697333566541
63.321652524436004,51.25732201954881
81.48108616082462,105.38486892865969
81.8150319606083,117.05202556848661
72.11835609424624,58.294684875396996
14.998258815249766,52.798607052199806
45.93876808634945,87.75101446907954
39.53170775471943,58.625366203775535
15.550650969346524,27.440520775477218
11.901552131573379,67.12124170525868
89.17787991714124,111.54230393371299
44.58768298850833,83.67014639080665
52.39902173843329,91.71921739074662
70.44869918728365,69.55895934982692
70.72194698932995,110.57755759146394
88.22643779420875,116.181150235367
24.312264967276008,19.449811973820808
32.68492846987149,75.94794277589719
73.20126087796282,100.56100870237026
34.53854733392051,60.0308378671364
7.976183834367978,21.38094706749438
50.74855352853286,91.59884282282627
50.43990700568417,68.55192560454734
60.40461344055701,93.3236907524456
41.60676133702689,34.48540906962152
71.90677428778407,110.92541943022725
29.535015200943903,62.02801216075511
73.51995822844077,78.61596658275262
69.13986320206047,81.11189056164837
98.76810046560868,130.01448037248696
49.402708000839965,79.72216640067197
86.61182149996202,77.08945719996962
34.52055557927595,64.81644446342075
28.494917356953707,60.59593388556296
86.90609556799609,107.32487645439687
43.5933637775222,34.874691022017764
79.95505635119507,66.36404508095606
58.90592373776603,85.52473899021282
15.22710342573388,12.181682740587105
96.22320680262224,115.97856544209779
48.89089728648707,62.512717829189654
83.38077002548334,74.50461602038668
86.28231822212975,96.0258545777038
96.27409088874582,96.21927271099665
56.19537473278486,49.15629978622789
19.216999047998574,49.573599238398856
36.25369384439638,62.0029550755171
80.76950585055931,79.61560468044745
81.56927694439567,74.85542155551653
75.63575347274832,61.70860277819866
53.10426897332601,50.883415178660805
11.076982372170896,9.461585897736716
9.641867001496207,20.91349360119696
77.41737372338471,109.33389897870777
29.192007717589007,25.153606174071207
31.07979322236385,65.66383457789107
52.230152061607605,53.78412164928608
49.91547911177877,45.33238328942302
61.28770646925581,55.03016517540465
44.39912960184036,58.919303681472286
83.53946007941329,86.63156806353064
53.34909606126993,43.87927684901595
57.31936295358238,50.05549036286591
45.75698465236228,43.20558772188983
59.924829830255234,53.33986386420419
96.85236205274427,129.68188964219542
24.702319175806032,37.76185534064483
10.831186883561816,60.26494950684944
62.65418609855169,64.52334887884135
34.76385140171621,85.41108112137296
78.05619828288258,77.44495862630606
68.92980824271456,112.14384659417163
84.4598853975222,102.96790831801775
30.22583648574716,30.180669188597726
33.419719822226035,71.73577585778082
83.39748770283336,106.31799016226668
67.01734029807706,75.81387223846164
62.31679343692302,79.25343474953841
36.238462519619134,34.39077001569531
35.4310592885166,61.944847430813276
99.71439621581402,85.77151697265123
9.645786570780068,61.71662925662404
14.387754337430014,41.510203469944
87.99694525785011,124.39755620628009
1.9675470142741847,21.97403761141934
55.10185706688604,60.88148565350883
72.35425129019829,58.48340103215864
37.589437150124624,60.071549720099696
32.1122893666991,69.48983149335928
33.75057389107579,57.60045911286063
60.176240163863106,84.74099213109048
45.6801013883514,55.14408111068112
96.52068476562087,128.21654781249669
5.091629837401468,23.273303869921172
98.9732861718382,113.97862893747055
82.72568931587581,91.98055145270065
15.899068418684337,58.91925473494746
6.300245972631524,7.440196778105219
67.62146588280228,97.89717270624182
85.20288227214796,89.16230581771838
93.97775429013116,97.38220343210492
97.78183339318217,132.82546671454574
50.995068627556286,43.79605490204503
44.12457216851282,45.499657734810256
87.47494523857024,128.77995619085618
89.2062809452538,119.36502475620303
28.64114713798075,49.91291771038459
93.00050428349338,87.0004034267947
25.95176218103954,61.56140974483162
3.38999101016626,40.511992808133
54.08558540529897,94.86846832423916
34.665887785347735,51.132710228278185
5.117838713875711,53.29427097110056
32.2977577507628,75.03820620061023
98.86139354015239,117.48911483212191
64.61386511933546,70.29109209546837
4.480957988945566,29.984766391156448
24.36314019961764,38.09051215969411
61.86410004579681,60.89128003663745
14.139625964094616,37.71170077127569
62.25566483115964,75.60453186492771
35.125451290919976,47.30036103273598
37.41374235299686,34.13099388239749
61.93226136505552,55.545809092044415
67.304939131646,101.84395130531678
12.152912112549485,36.122329690039585
51.34187705949541,74.07350164759632
59.36912102324941,94.29529681859952
32.76829270079931,78.41463416063944
55.663847632372075,83.53107810589765
24.220284869166132,69.1762278953329
22.235889554716547,30.388711643773235
95.4105874409409,113.52846995275272
61.57710027241319,91.86168021793054
52.098250393523294,95.07860031481863
42.5073804037539,91.00590432300311
76.17983747596988,64.5438699807759
86.15401887981558,105.52321510385246
60.69230660935315,61.153845287482525
33.48986125037277,41.79188900029821
93.16371115311307,89.53096892249046
12.683418102561085,17.346734482048866
57.69452087747522,62.355616701980175
55.396842931104494,96.5174743448836
47.387643516692854,90.71011481335427
56.95731368826079,105.56585095060862
17.43677503849722,69.14942003079777
89.34375570602433,109.27500456481945
68.8720764201953,77.29766113615624
44.18430007128919,50.94744005703134
0.8480171957922833,9.078413756633825
98.7401175723572,129.99209405788577
28.405994426842607,31.724795541474087
3.426834440793891,15.94146755263511
20.683621470549806,68.14689717643984
92.16606837566749,75.53285470053399
55.84701933230247,104.67761546584197
33.10477580354201,55.283820642833604
95.63496747260099,109.5079739780808
74.80246798065774,107.84197438452618
4.611649958022812,34.88931996641824
17.977098836306638,44.381679069045305
47.43076619495594,81.74461295596475
86.61820368980557,85.49456295184444
33.219060458909354,55.97524836712748
0.2686445440424512,58.41491563523395
31.462871878999145,70.17029750319931
20.896837472644958,23.317469978115966
70.04459529431153,103.43567623544922
0.1732855440951031,4.338628435276082
21.021665165564873,43.817332132451895
68.98267512417226,71.38614009933781
70.73856030257966,93.19084824206372
45.06364875554056,83.45091900443245
46.648087475415636,84.7184699803325
53.545918884485864,59.63673510758869
15.249768833147881,54.1998150665183
87.59219290539393,113.27375432431514
61.839663157410094,84.27173052592806
5.298598831376877,48.03887906510149
91.88823201913225,132.3105856153058
88.81182844724027,107.04946275779221
33.17504183991221,45.14003347192977
95.79703889901782,98.83763111921425
81.35740902224903,118.48592721779922
39.531204439855706,41.824963551884565
68.53104064216537,104.62483251373229
34.13900249713263,80.7112019977061
40.594932822041244,58.275946257632995
90.1793726573284,87.14349812586272
10.570888755579288,50.45671100446342
88.22592910550223,70.58074328440179
48.73741069693119,73.78992855754495
42.98938727907511,88.99150982326007
59.80766327911281,62.84613062329025
63.08641637198098,110.46913309758477
33.872465630542095,79.89797250443367
81.88487664422281,98.50790131537823
29.131073738384426,80.30485899070753
29.81072628206499,58.648581025651985
37.65907906148562,41.52726324918849
1.482640772567101,26.386112618053676
7.5566958942758555,51.645356715420675
3.833283382627173,23.466626706101735
66.18243184383095,83.54594547506477
2.7499153722177705,56.799932297774205
29.00062304446577,40.60049843557261
13.5953985933703,45.076318874696234
87.0908243455975,111.672659476478
88.01418840485546,115.41135072388437
35.694576896919585,39.355661517535665
95.39967386665501,118.91973909332398
13.015402461006897,56.01232196880551
19.854150799737656,19.483320639790126
56.54935464288968,83.03948371431173
74.56953124742533,65.65562499794027
8.746866284562193,61.59749302764974
5.206568705369707,38.96525496429575
32.2787242428647,59.42297939429176
50.70946234089099,55.567569872712795
3.4792747957155923,20.78341983657247
95.53788492460895,119.03030793968713
19.08819862085528,26.67055889668422
93.70747598242288,105.5659807859383
66.6750726311272,77.94005810490175
8.922574127480242,67.13805930198419
52.43599898430023,91.14879918744018
68.51317825930278,80.01054260744222
74.47720994236164,81.1817679538893
36.7981917794099,55.23855342352792
1.015253585185194,22.41220286814815
93.63604851775447,77.90883881420358
37.2545655988183,73.60365247905463
2.9110657827057573,59.32885262616459
19.304766594561716,16.643813275649375
67.08134403153021,104.06507522522416
46.0455270947708,56.036421675816634
3.5077381219349113,42.406190497547925
42.39540257697292,48.91632206157833
26.31018257009363,73.8481460560749
26.03995983371489,52.631967866971905
48.582687545703486,93.46615003656278
51.9174684289839,52.93397474318712
83.45352119187068,126.76281695349653
37.909110910913,51.927288728730396
50.55556401239889,94.4444512099191
4.797742964433327,21.23819437154666
20.11439961475938,50.2915196918075
24.92857033119912,73.3428562649593
86.79406714040985,70.63525371232788
8.255206961615135,18.004165569292105
89.91177126731927,101.3294170138554
88.45576824727868,106.16461459782295
2.504532912889268,21.20362633031141
84.71580155881581,80.97264124705265
60.59356020428155,54.47484816342524
30.41999991203712,82.53599992962968
58.11698563460127,87.89358850768102
92.48799172651137,119.59039338120908
60.23336121328633,83.58668897062906
83.534116009665,66.82729280773201
54.94053022743659,77.55242418194928
39.37278501456054,31.498228011648436
12.704616019673654,60.56369281573892
9.99991251730632,59.59993001384505
51.77020277493575,74.4161622199486
17.36961545393376,36.695692363147
89.57080234068097,79.45664187254478
60.758864251442944,93.00709140115436
15.011895271846731,67.20951621747737
27.480404224149567,54.98432337931965
21.053580060964304,37.24286404877144
36.125902664794964,79.90072213183596
81.71646813346995,94.77317450677594
89.53688626260028,94.42950901008022
35.165996591547234,52.132797273237784
88.78400323384285,74.62720258707428
19.894573217446954,15.915658573957565
45.55345267314053,85.04276213851242
55.338171869363805,47.87053749549105
60.715459599826914,67.77236767986153
28.056725949511907,40.44538075960952
61.587943382396034,78.07035470591683
88.75313768718098,110.00251014974478
92.25200588050127,132.00160470440102
42.98785415999801,46.99028332799841
85.81296303508128,114.85037042806502
79.18057112400577,71.14445689920461
89.67686330843104,98.74149064674484
15.198576217938287,57.158860974350624
46.419332107743195,59.33546568619455
1.5814867702520385,61.265189416201615
45.753897867417045,67.80311829393364
43.05220712846545,41.641765702772354
67.32472108532224,76.6597768682578
34.530266409123975,47.42421312729918
44.13863726610822,50.31090981288658
84.74775679424988,81.5982054353999
51.87017071515099,78.69613657212079
43.15509536926637,81.92407629541309
71.67499761657702,95.7399980932616
10.378548916021213,41.902839132816965
58.94235831003546,54.953886648028366
75.3402550818079,114.87220406544631
49.696167131610515,96.7569337052884
88.96334917360993,119.77067933888793
51.59013452443833,80.27210761955067
31.909687684388256,49.5277501475106
47.937738716496646,56.950190973197316
30.31737736123228,59.05390188898581
87.74916578607849,99.59933262886278
7.469007966903851,59.975206373523065
94.30597947012245,85.04478357609796
29.531294256309316,28.425035405047453
81.9884024968189,100.99072199745513
39.26859958344555,40.41487966675644
6.324365998231796,8.659492798585436
36.06797473744842,86.45437978995872
43.13163323918901,51.305306591351204
47.4499512837342,40.359961026987364
21.9125266847796,63.13002134782367
29.013114113259075,57.410491290607254
22.19194365750028,56.75355492600022
43.689875785277465,53.551900628221965
29.800313620814844,53.24025089665187
21.097247517632844,72.67779801410626
92.01430229160827,128.8114418332866
68.78701870342906,64.02961496274324
5.797017310184726,59.83761384814777
83.94407174628836,88.75525739703069
36.12133000070935,60.69706400056748
83.74102414976792,82.59281931981434
26.099260534948332,39.47940842795866
41.73109223353647,62.18487378682917
34.230282363284644,62.18422589062771
92.33808477971334,130.27046782377067
12.293462041906178,49.43476963352494
3.943259151897338,39.75460732151787
7.833901434758117,31.467121147806488
28.37567950027582,68.30054360022064
90.98836931072137,85.39069544857709
34.659352464089885,73.3274819712719
92.03486597968849,115.02789278375079
82.05359588915418,69.84287671132336
90.50062778997373,94.00050223197898
16.37707506975682,25.701660055805455
94.20186393788687,105.9614911503095
25.83448798235981,35.66759038588785
43.19351411557532,81.35481129246025
5.465741675778424,18.172593340622736
56.25205325164009,93.00164260131206
84.24849663130465,87.7987973050437
16.066509864250257,41.0532078914002
92.32577393289945,88.26061914631956
27.40078134082725,81.92062507266179
74.32585910885112,96.66068728708089
0.8924618545425478,45.11396948363403
89.45592788624457,78.16474230899566
88.84116544905024,74.67293235924019
26.337717152286878,28.870173721829502
55.71345198005836,91.97076158404668
85.73474607452135,121.98779685961708
73.13979569226872,105.91183655381496
11.415610083846827,22.33248806707746
80.69986513140245,92.15989210512195
93.16827704118144,125.53462163294515
86.45905021665762,115.36724017332608
1.1051641728507144,17.68413133828057
11.547734965013545,18.238187972010834
26.56224443244235,54.849795545953874
55.23621590606157,101.78897272484924
22.501587969635505,63.0012703757084
13.968206557362306,64.57456524588983
94.14547943626043,127.51638354900834
46.855490754873266,66.28439260389861
89.58900526016643,129.87120420813312
86.31096919899447,99.04877535919556
71.46311664277745,84.77049331422197
98.93029622637515,117.54423698110011
35.460072379366224,59.56805790349297
70.28152834427114,101.82522267541691
5.501559833895719,53.00124786711656
57.55152785487044,70.04122228389636
92.20744530714086,86.96595624571269
88.05588275248178,99.24470620198542
70.22817571004913,93.3825405680393
61.38822290863267,109.11057832690612
47.10838462917346,43.68670770333877
47.82629812147516,72.46103849718013
44.323832059789666,40.25906564783173
74.76229587560799,118.00983670048637
50.08732174526032,55.06985739620825
57.51517091255074,62.21213673004059
71.21782284699528,67.77425827759622
92.28740411188387,84.02992328950711
50.83189150522362,90.46551320417889
32.53695363335903,86.02956290668722
30.743284731836408,65.39462778546911
87.36615078269949,122.09292062615958
10.382949222136617,49.70635937770928
1.1445877317387332,53.115670185390975
60.189260646010325,70.95140851680826
36.25806576311156,54.806452610489245
86.46437551469968,100.97150041175975
48.48892015788082,91.59113612630465
61.13258994816923,102.30607195853538
10.302791831302226,67.04223346504178
77.67564868218531,98.14051894574825
86.96986805433798,124.17589444347038
28.873547902545006,51.898838322036
50.906374157900544,88.12509932632042
10.805897533989484,48.844718027191576
60.07990541610989,52.86392433288791
35.7135284659938,78.97082277279503
2.9562797460008006,43.765023796800634
49.89407903504749,65.11526322803799
53.20328998334063,44.962631986672505
13.481789538149325,24.58543163051946
18.15136013818496,20.521088110547964
93.79876676711027,99.0390134136882
60.98035281769495,64.38428225415596
85.98274587363088,120.38619669890468
30.644313050780514,56.3154504406244
18.170904447736746,22.336723558189394
35.10289310059711,49.082314480477685
39.05620844832101,38.444966758656804
60.16082401626064,82.9286592130085
51.01955806359947,51.615646450879574
4.974541629372542,36.97963330349803
5.617018717402711,12.293614973922168
9.451689994151058,21.361351995320845
57.77765274435317,57.02212219548254
86.94275769835245,102.55420615868195
97.27504537873276,99.4200363029862
81.1612218996675,121.92897751973399
48.33097390746821,76.46477912597456
26.466177898231592,54.772942318585265
32.490060529419814,58.39204842353584
77.12037633840609,92.89630107072486
10.209410844207733,67.56752867536618
75.82897229895424,97.86317783916338
91.2908345930335,73.6326676744268
78.65283911759356,115.72227129407483
32.29020316817524,48.03216253454019
95.45271031622485,111.16216825297988
40.49352874980706,37.79482299984565
1.9798335063189287,56.18386680505513
92.00708994121614,118.6056719529729
63.63000886051149,57.504007088409196
42.9883920411135,69.19071363289079
91.81523187753766,92.05218550203013
40.89816937232536,63.91853549786029
88.65453327260158,78.12362661808127
84.35706055602509,92.68564844482006
44.66367658387135,80.13094126709707
47.482854685295464,92.58628374823635
19.37138508909555,39.497108071276436
47.456237061270286,43.36498964901623
51.982118344219444,87.78569467537554
90.86976457442616,130.89581165954093
53.68869995064189,96.9509599605135
29.161392161587287,28.129113729269832
22.325556190290328,38.86044495223226
87.58618264608874,71.868946116871
13.500506840684967,43.800405472547965
45.32230828044646,73.45784662435716
77.15473224212876,110.92378579370299
35.503493370958886,45.80279469676711
82.32623561151672,106.66098848921337
61.15011024495034,54.920088195960275
46.342751479237364,91.67420118338988
84.70257617837592,116.36206094270074
89.82111571487172,83.85689257189738
92.7451861473716,105.39614891789726
71.2463802692986,76.79710421543888
56.78456593636584,79.62765274909268
1.7349690013903407,30.787975201112268
13.610660914546191,17.48852873163695
64.7811486757524,81.22491894060192
56.178944164782166,86.34315533182573
22.63601178458249,70.90880942766599
11.134927850775444,55.10794228062034
4.793978818866251,53.035183055092986
75.31924957191653,86.65539965753322
41.623051552652136,35.09844124212171
22.753908602100836,64.40312688168066
19.337734344116075,65.27018747529286
32.25359173525083,37.202873388200665
3.1063581946445873,15.085086555715668
21.13261911685189,16.906095293481513
65.38338672253703,87.70670937802961
97.25043213641266,85.00034570913013
1.6770311441851593,15.141624915348125
89.63492635034966,96.90794108027973
36.345116724333984,33.876093379467186
31.78393604926467,48.22714883941173
76.31144112234725,65.8491528978778
82.15986419333473,85.52789135466779
16.049536192319948,47.03962895385595
41.07764901823454,57.462119214587624
76.05445925923955,104.04356740739163
91.31532539916701,83.25226031933362
52.69661738673522,42.15729390938818
57.0939246514622,98.47513972116975
37.70120548592097,75.76096438873677
78.6901342498583,83.35210739988663
16.37639755469744,13.101118043757953
6.687788119746985,45.55023049579758
12.29708377691886,46.437667021535084
33.69802261728415,77.9584180938273
17.929370890982533,24.543496712786023
31.108480427199293,27.286784341759436
25.87826888003101,35.10261510402481
68.00324599401826,77.2025967952146
14.602553220594904,43.48204257647592
82.30926016353965,78.44740813083172
80.74623892730587,108.99699114184469
30.87199154792286,71.49759323833828
77.97553701258558,121.78042961006844
66.55828548816181,98.84662839052945
15.42181552758345,15.93745242206676
71.85906232240717,60.48724985792574
26.523586689718037,41.01886935177443
69.69424040639566,68.35539232511653
57.39047549896716,83.71238039917372
21.369508822564963,18.29560705805197
68.16444061761598,114.53155249409278
66.56312840696967,58.05050272557573
18.925239750284973,37.34019180022798
89.59994825470397,86.67995860376318
89.23387228317921,89.38709782654337
72.037386862949,70.82990949035921
92.6962776080657,116.15702208645254
47.94186263229731,61.15349010583785
13.969728449602437,29.775782759681945
56.098628972334275,44.87890317786742
62.20912667637468,80.36730134109973
68.59995487814543,96.27996390251633
59.73349558518082,58.586796468144655
55.12236034516893,84.29788827613513
29.22491220682305,79.17992976545844
45.77722928842287,55.82178343073829
39.587028931303045,53.26962314504243
75.5075836173705,114.4060668938964
85.92571747368855,89.14057397895084
95.55416399592325,95.04333119673859
65.83398817473889,86.86719053979111
10.117296691688594,42.89383735335087
94.89755321788773,85.51804257431019
72.67445741527632,95.33956593222105
52.41660044370755,50.933280354966044
24.28145341388458,20.025162731107667
3.0898776928107163,9.071902154248573
98.80885469208019,116.84708375366415
56.831068299821155,71.26485463985692
47.989288429799245,77.3914307438394
77.59463140279239,72.87570512223391
52.691163618731,92.5529308949848
66.5181737843347,105.41453902746775
94.0131171204251,93.81049369634007
39.37028938028844,80.09623150423074
64.53908819996478,109.23127055997182
22.681914494635436,59.54553159570834
80.76045124806355,106.00836099845083
24.008835893350188,36.007068714680145
69.76630859542381,57.61304687633905
22.480176408465415,60.58414112677232
18.760042177341408,47.40803374187312
71.11034822477153,109.08827857981721
51.30420575006127,74.04336460004902
44.696776680699756,79.5574213445598
25.48166093096186,26.385328744769488
70.22031702414687,61.57625361931749
60.75169956961323,100.20135965569057
66.37856005395462,95.70284804316368
74.23629185462191,86.38903348369752
16.301017543953233,60.440814035162575
80.61272187515436,76.4901775001235
62.11382799753819,49.69106239803055
76.66963563897929,76.93570851118344
76.63938167204778,73.31150533763822
93.54638899476278,90.43711119581022
96.6533577751196,127.72268622009568
50.561170465330704,56.648936372264565
1.6872779781875735,48.74982238255005
67.62723024491689,71.50178419593351
22.79126732973954,57.83301386379163
33.42139922017243,76.53711937613794
52.775313930075626,64.4202511440605
53.39309698107715,82.31447758486172
0.5739191797377807,35.25913534379021
77.88211244045297,66.50568995236237
37.2064220053263,38.76513760426104
0.4085287921407721,44.726823033712606
70.05836885709155,113.64669508567323
73.5404134765836,69.63233078126687
27.5327827541612,39.42622620332895
28.178862536948312,40.54309002955865
38.865702479581664,58.69256198366533
66.87313421666765,113.4985073733341
85.49087958572203,77.39270366857762
4.361759986683089,8.88940798934647
10.94315120333511,19.554520962668086
1.7595500394251617,11.607640031540127
81.79415624557178,96.03532499645742
63.491108030018914,76.59288642401513
93.45578316538673,113.76462653230939
48.65257828992339,41.322062631938714
78.514979508538,74.2119836068304
92.19194563501728,129.55355650801383
56.57709199820782,77.06167359856626
53.55024600063032,82.44019680050425
2.3725647632509173,9.698051810600731
84.3944990479025,95.71559923832199
32.20795371646663,46.16636297317331
2.133446490289792,5.306757192231833
26.16636530390387,35.3330922431231
63.432250489881646,77.14580039190531
57.11014865519836,86.48811892415867
8.271538224699205,66.61723057975935
54.795861643206976,66.03668931456558
18.1808573047493,45.74468584379943
51.48151861467631,48.98521489174105
71.25727061650338,64.8058164932027
1.6186263565542536,23.4949010852434
23.929938794979545,52.74395103598363
50.46615731030089,57.172925848240716
39.02784692196237,57.02227753756989
62.67393020947664,93.9391441675813
91.58063238784723,80.4645059102778
84.36904897769072,74.09523918215258
46.01772192076222,77.01417753660976
86.314466128147,88.25157290251761
45.37885035126076,80.7030802810086
55.800711509417425,83.04056920753393
4.670582198280893,60.7364657586247
86.06953329316062,128.25562663452848
94.00334680241305,90.80267744193044
40.430640193079114,82.74451215446328
96.69042970240895,119.95234376192715
83.59155520133281,114.27324416106624
68.95874161877337,95.96699329501868
45.05533962522599,66.64427170018078
11.928650799209228,46.142920639367375
19.148310247529466,34.51864819802357
91.46001738568916,107.36801390855132
67.53666951512848,99.62933561210278
87.89730472331931,122.51784377865543
17.085019460930894,39.46801556874471
68.50750951425292,71.00600761140234
14.477081107141409,22.981664885713123
54.78342392035337,90.02673913628269
81.83464915096096,113.46771932076875
62.27346329213115,97.2187706337049
72.71718324604886,95.97374659683908
36.910515475267104,85.92841238021367
0.17910484462256848,14.543283875698052
88.38404354858571,107.90723483886856
49.28686533996446,49.629492271971564
93.75030789026557,94.80024631221247
95.2988657720142,86.43909261761137
88.26748420711861,76.6139873656949
37.89924793921917,45.31939835137534
92.53958980508105,96.83167184406484
83.12588380793977,104.30070704635182
97.80264133730853,135.84211306984682
14.611470181829878,50.6891761454639
69.58522068371823,82.06817654697458
46.77661003427076,54.221288027416605
60.610413392513166,74.28833071401053
36.220578068874076,57.176462455099255
52.56924095541867,96.65539276433492
20.12210364577488,38.297682916619905
86.20022923179201,96.5601833854336
60.95239061850345,104.56191249480275
19.190466239363435,66.35237299149074
28.791389840472416,49.43311187237793
49.57625969233295,59.461007753866355
11.408725068161507,10.326980054529205
24.94539845976472,32.556318767811774
2.1798673543161673,43.143893883452925
19.632119135287507,30.105695308230004
83.70103601655019,71.76082881324015
31.5985044724467,63.07880357795735
61.27455992887179,106.61964794309742
28.201438820943668,23.16115105675494
58.683362430702715,100.94668994456217
42.92730867902607,67.34184694322084
12.589795977657502,67.07183678212598
13.866247242609298,17.692997794087436
64.48471611312108,69.58777289049686
32.25199024618117,68.40159219694493
83.7348245200308,93.38785961602463
92.40358583902794,127.92286867122235
23.699593986706237,72.95967518936497
9.770081079161363,33.616064863329086
43.7195262259013,92.57562098072103
55.85994034840981,82.48795227872785
88.05966932623257,86.04773546098605
95.43070065409717,94.34456052327774
41.75974969103679,50.20779975282943
21.645442047365705,19.116353637892566
84.52220610869152,69.41776488695322
65.84799712959256,91.67839770367405
95.38498249470526,121.3079859957642
53.27058740241877,67.81646992193501
4.955645440050271,4.564516352040217
3.9808527088387335,15.784682167070985
88.08161650022129,122.66529320017702
18.094976714591194,73.87598137167294
70.90627675394472,71.72502140315578
74.78607051471506,117.42885641177205
26.98900947650812,74.39120758120649
57.3195030219359,78.85560241754871
19.459524753199908,46.76761980255992
11.63303259501076,30.906426076008604
22.217586453317384,24.374069162653907
50.94124341130032,41.35299472904026
10.009495894134046,59.00759671530722
62.8684601091251,64.09476808730008
6.108214807702506,40.886571846162
23.69885729439549,19.559085835516395
85.29031408213153,128.2322512657052
84.49561808966124,90.99649447172898
25.987522859038226,62.79001828723057
16.10574350142313,54.284594801138496
78.0708996775245,71.4567197420196
39.80150883391017,43.84120706712814
91.20121557760264,92.76097246208211
89.64503218429068,101.71602574743255
33.620086164799964,63.49606893183997
52.7458906852163,60.19671254817304
66.75505453304936,103.20404362643947
30.854767972275297,45.08381437782023
47.99162158800571,80.99329727040455
14.223254176212109,40.17860334096968
99.34700185306635,88.47760148245308
85.12303355967448,69.89842684773959
63.4595319939527,69.36762559516217
35.4983610373983,57.79868882991863
13.924772308794076,15.33981784703526
18.90700754059115,35.525606032472915
6.189838967807193,39.15187117424575
22.866651370863277,21.293321096690622
24.793073528482523,51.03445882278601
18.42630631355148,40.54104505084118
96.4177020276135,121.53416162209079
59.6173691410399,48.89389531283193
10.122785043457029,58.49822803476562
44.526723145712275,68.62137851656982
61.6596629927925,109.32773039423398
31.720738365225575,44.57659069218046
46.704125632263924,89.56330050581113
72.15388486471988,112.32310789177589
75.36401249489312,95.09120999591448
20.711095488387656,38.76887639071012
49.270421392241516,91.01633711379321
1.5165391703220843,61.21323133625765
98.68321143608098,81.3465691488648
9.522179692472033,51.41774375397762
16.960111065843808,63.36808885267504
59.83548552788973,52.668388422311786
75.25717850230839,69.20574280184671
97.33449366342957,129.46759493074364
70.48850153137008,62.39080122509606
80.55209309406705,84.84167447525363
2.4344330325917207,9.147546426073376
53.59694281969315,71.0775542557545
72.05243374032531,78.64194699226024
11.510517851772251,59.608414281417794
22.683875694531853,54.74710055562548
81.97649806507754,70.98119845206202
41.33932930129044,34.871463441032354
11.038750530467212,25.631000424373767
8.788127731756601,10.63050218540528
73.41861586717373,116.33489269373896
88.08124592109871,130.46499673687896
55.309565562566654,57.44765245005332
28.300980748005834,80.84078459840465
28.267681288545198,41.21414503083615
8.721824907887255,45.3774599263098
1.238034454658965,11.79042756372717
67.79366921254714,72.23493537003772
59.251297045112295,49.80103763608984
42.980298183621876,57.7842385468975
24.790884322535057,64.23270745802805
34.22228604718095,75.37782883774474
61.85556763379599,88.48445410703678
23.399833863752384,61.319867091001896
97.35201929845817,112.68161543876653
16.316091772660148,63.45287341812811
11.675064150526016,38.740051320420804
65.31142785871165,99.04914228696931
8.212195219704267,43.16975617576341
28.243553022662283,54.99484241812982
4.377105447905317,52.70168435832424
62.15879566368658,74.92703653094927
83.7207670096649,97.57661360773191
8.801742618760954,32.84139409500876
91.95281045021457,96.96224836017166
0.7258472745240496,14.380677819619237
24.93495492443587,33.147963939548696
39.99857904442479,73.99886323553983
12.105327833495494,57.68426226679638
40.857020190293106,87.88561615223448
99.78937434818258,109.23149947854606
52.740512353138705,44.592409882510964
74.84091701303886,65.27273361043109
6.35982198084567,18.88785758467653
17.862509943480433,14.290007954784347
12.538143832602122,41.23051506608169
18.636199683475674,16.70895974678054
90.22603223656796,124.38082578925436
30.589843128930262,38.271874503144204
40.88603023000484,68.70882418400387
30.449189230112395,39.95935138408991
9.030651432728309,61.22452114618263
2.9915613546358077,58.79324908370863
83.56457586206837,89.05166068965468
18.386419610795603,41.10913568863648
24.361641948801406,69.28931355904112
66.12132994050958,64.29706395240767
67.13177149046976,75.90541719237581
45.758756436473845,75.60700514917907
2.719944872765556,9.375955898212442
84.5790673933245,68.8632539146596
98.45142345960846,115.36113876768677
95.75043075780845,130.60034460624675
99.69867450800618,129.55893960640495
94.28765696224065,115.03012556979252
60.975974349744654,81.78077947979571
91.47492954508333,127.77994363606666
0.4748946683880706,12.979915734710454
49.567630802864656,52.85410464229172
91.11236700834914,105.8898936066793
70.13237978770363,97.5059038301629
41.986202479629675,50.38896198370374
21.989190904198363,24.19135272335869
80.5980834799297,108.87846678394375
75.54787181642864,74.2382974531429
91.52856921393267,79.82285537114613
2.227032656778749,14.381626125422997
91.55514917742839,78.64411934194271
95.3731815331645,130.2985452265316
44.28260735747431,93.62608588597945
86.48739202972797,82.38991362378238
75.14445777959709,117.71556622367765
3.2718600705626266,5.6174880564501
27.57640647777232,22.061125182217857
49.526455599820785,87.02116447985662
83.6827954519999,114.9462363615999
71.64528148797012,102.91622519037608
32.338283812985814,30.670627050388653
53.584698744341374,57.2677589954731
45.538575790594514,43.030860632475616
49.576986889091444,91.26158951127314
8.60751252456209,14.08601001964967
27.749196843624226,46.19935747489937
49.58786711022887,67.8702936881831
93.24740793055852,95.59792634444682
30.023913966876826,65.41913117350146
45.99699392795448,94.39759514236357
88.8984340391312,89.11874723130497
12.455782130145987,66.96462570411677
69.39846806916621,60.31877445533297
18.97612561413836,48.18090049131068
43.78204109690294,87.82563287752234
37.993808098405545,42.39504647872444
90.24411547095156,74.59529237676125
28.140478727014383,48.9123829816115
88.7517845525008,90.20142764200062
23.739829962904967,68.79186397032396
58.25903683267728,97.00722946614182
3.211885692670735,61.36950855413658
98.52145124513169,109.41716099610535
78.81158098174083,92.44926478539266
36.10262309241812,81.08209847393448
60.87252209378898,105.69801767503117
38.47750955777885,78.18200764622307
90.52509932054006,119.22007945643205
2.1524391160241074,47.32195129281927
52.67944740278606,99.74355792222883
56.21566391783463,68.3725311342677
17.983219950108797,53.38657596008703
48.70607958438876,95.364863667511
38.93839953935644,40.15071963148515
53.70334500518004,100.56267600414402
5.10334258750198,22.68267407000158
18.13434582509511,18.70747666007609
0.12239149303252539,55.89791319442601
57.84476878970397,105.67581503176316
25.093520146162586,62.67481611693006
46.95817322278938,51.3665385782315
73.46814612184168,102.57451689747333
37.59575518906044,63.67660415124835
61.512822159428616,67.2102577275429
95.97762423942714,87.58209939154172
87.88013384939627,111.10410707951701
2.316502580332025,60.653202064265614
69.27704586514002,102.22163669211201
64.65856164306409,52.32684931445127
67.62837129207618,91.90269703366093
98.72844559491244,105.38275647592995
50.29574931392439,51.03659945113951
65.10732846693838,82.0858627735507
45.71287815210672,88.77030252168537
98.28723117531865,88.22978494025492
95.5524099233264,87.24192793866112
76.17558111512406,98.14046489209923
78.17665548105823,102.74132438484658
81.9755705640914,78.78045645127312
91.59755334777071,88.27804267821658
34.675957640881414,52.94076611270513
22.009318870638637,53.0074550965109
41.66114664329641,87.32891731463712
71.09046247449339,86.27236997959471
25.37703325981876,79.101626607855
26.668633426896825,53.73490674151745
13.733977147437205,13.987181717949763
10.077149155133425,66.26171932410674
73.41413191930725,101.3313055354458
53.857362031368105,59.285889625094484
7.450052792570494,52.760042234056385
18.053964785107645,52.243171828086105
44.29262704659739,57.03410163727791
95.40469389549689,118.3237551163975
87.22259675681158,127.97807740544926
93.55374051111336,83.2429924088907
62.895497929077074,99.51639834326164
69.69122970464912,92.95298376371929
37.06272230300941,74.05017784240752
69.73338701263728,63.58670961010982
89.35754124557926,86.48603299646341
79.89875011579103,113.71900009263283
27.12764258822694,71.50211407058154
73.2952738626439,79.03621909011511
17.670434613840158,16.536347691072127
68.53459039725192,68.02767231780153
48.60122040164501,67.68097632131601
5.03739468995863,46.62991575196689
30.89651579170134,72.11721263336106
75.5221530820337,116.21772246562695
91.98057953389126,104.784463627113
9.061782177786604,30.04942574222928
80.88728181833295,109.70982545466634
15.586701076541242,67.66936086123299
51.36314184160366,52.490513473282924
71.9469053592179,69.55752428737432
29.824911736753556,44.25992938940284
54.20696622781478,84.76557298225183
54.7297926798849,53.98383414390792
74.23629281551557,66.58903425241246
71.04056031270785,63.43244825016629
85.57454089644575,99.6596327171566
59.6720105972554,92.13760847780432
93.49514710867108,77.19611768693687
90.16576944999684,76.33261555999748
51.98911811919887,47.5912944953591
5.013206790367741,34.010565432294186
90.95893256634857,105.76714605307885
99.39381050400455,107.71504840320364
60.92259583138719,49.33807666510976
90.65511350957233,90.52409080765787
31.14022360880466,29.11217888704373
36.31074182790408,38.64859346232326
16.09922835934906,32.67938268747925
38.31148983702926,45.64919186962341
48.506608574673336,89.80528685973866
48.33968336583685,69.27174669266947
86.29410100106311,86.43528080085048
91.02527798659143,117.22022238927315
70.94303990107385,59.754431920859076
54.96180785226884,45.16944628181508
75.5963266872938,94.07706134983503
39.74198262346968,51.593586098775745
35.50229919320649,78.80183935456519
56.97501604650977,49.78001283720782
48.01928676809515,83.41542941447611
5.984336803781787,25.187469443025424
4.155782398947894,62.7246259191583
68.34261744869565,58.27409395895652
69.27264937800027,60.818119502400215
21.94991741013228,46.95993392810582
7.845362614916995,58.476290091933585
3.732461996826719,50.38596959746137
84.03296557921439,121.2263724633715
38.588973914485244,32.071179131588195
39.87538112181148,81.70030489744917
68.97241947622751,65.977935580982
74.40752633212803,110.52602106570241
15.898610441550797,59.51888835324063
37.55231280794562,82.24185024635648
21.511020594581453,49.00881647566516
79.74787746179976,115.99830196943981
14.612778688901408,32.09022295112112
80.76905052414334,79.01524041931467
62.464243915275844,85.37139513222067
75.63960906521557,80.91168725217246
73.33865128657634,73.67092102926107
51.391961932747286,72.31356954619783
7.636495270910249,40.90919621672819
28.191309769818083,67.55304781585446
79.96607277742294,65.17285822193836
86.88429166552348,115.70743333241877
35.18420049149918,74.34736039319934
58.06386170266792,54.25108936213434
84.51276936696875,109.010215493575
24.99486859070107,65.59589487256085
20.325709252354727,20.460567401883782
44.36824479160558,82.89459583328446
88.372872290292,73.0982978322336
30.942237861443722,66.15379028915497
37.800548775327094,31.440439020261675
11.620617035257407,24.896493628205924
92.95271618556589,104.3621729484527
34.32077912435361,55.05662329948288
35.87247573588262,71.29798058870608
94.73971463418277,105.79177170734621
78.28199266712657,77.62559413370126
99.95319337482721,80.56255469986176
90.52849957481209,119.22279965984967
38.044218441592506,50.835374753273996
59.318844852617595,54.655075882094074
55.04125286916253,87.83300229533
62.92935515138398,97.14348412110718
41.87521867503629,50.30017494002903
76.08363332984808,114.86690666387845
51.62817909477106,88.70254327581685
88.93163795151884,120.34531036121506
30.638756736707307,58.711005389365845
12.9116586648372,39.72932693186976
24.694255807876154,55.155404646300916
62.64472377723405,87.31577902178722
69.587172217712,83.26973777416958
84.4264967325515,68.74119738604121
8.466799506186806,13.373439604949443
43.68469038620035,61.947752308960276
97.56841477507207,101.45473182005766
4.695049612929003,40.356039690343195
47.07460471264257,79.65968377011404
88.44884526448718,102.55907621158974
23.19831918998717,65.35865535198973
14.530710297768701,48.22456823821496
72.0689317843856,66.05514542750848
28.525169055091737,76.82013524407338
61.21340524333204,54.970724194665635
84.0612740129371,127.24901921034967
66.71597824142839,106.1727825931427
21.643310772117317,34.11464861769385
30.739739294670866,80.39179143573668
81.47487767828167,81.97990214262533
99.45002141717322,79.56001713373858
47.664918587798255,38.731934870238604
41.48454072741673,42.78763258193338
46.22403967869913,92.7792317429593
17.953920134162615,67.76313610733008
77.80477832502496,75.44382266001996
34.5157343888284,66.61258751106271
99.3903973743914,104.71231789951312
53.64378453192528,77.71502762554022
7.586727011821804,39.06938160945744
96.99439294483942,97.39551435587154
59.942299871343884,99.55383989707511
36.302002216382526,47.041601773106024
16.414783757167605,28.731827005734083
3.065293489776799,12.052234791821437
95.85498241692342,132.48398593353872
13.87232778347256,51.89786222677804
89.48081417474751,127.984651339798
39.75206409157579,56.401651273260626
79.11563849379573,79.49251079503658
74.21074191209973,79.76859352967979
50.44369975088839,59.55495980071071
71.53795293680443,110.63036234944354
6.522972575039421,8.818378060031536
41.32696637564825,54.0615731005186
3.1045698213429618,43.88365585707436
93.36324244266646,98.09059395413317
76.86695489256324,119.69356391405059
33.19495127745684,39.15596102196547
41.6270195151235,60.30161561209879
93.56384023601058,118.05107218880845
59.40049677966262,81.72039742373009
66.29200121727841,82.43360097382272
14.502234512854894,17.001787610283912
90.74490109405191,131.99592087524152
5.347077913138665,61.877662330510915
7.198076354055916,57.95846108324472
60.50251623845173,85.00201299076139
28.53543359108134,61.22834687286506
72.49683243109648,70.59746594487719
91.84826899821394,107.67861519857115
42.30116404458906,72.84093123567123
74.98900677259358,73.19120541807487
66.69269463949372,83.95415571159498
43.26084797716317,52.60867838173054
59.49299834680086,67.99439867744069
68.02237560561248,66.41790048448999
18.214217534125655,27.171374027300523
43.66445784552538,75.7315662764203
97.02784720191475,92.0222777615318
64.4565514144919,97.76524113159351
9.364506781365478,27.89160542509238
63.79007668263359,72.03206134610687
50.29965644971712,64.23972515977368
17.075437572817954,48.460350058254356
46.68148782831034,49.34519026264827
47.30790048422848,45.64632038738279
71.58323897913264,116.06659118330612
67.42775169207705,58.74220135366164
58.398176464134956,106.71854117130795
41.611514742446964,83.08921179395756
64.85397893325376,95.683183146603
52.68579026239449,45.1486322099156
81.55807557061398,68.84646045649119
82.72701451506545,117.78161161205236
15.638974027565112,36.511179222052085
41.1043994151566,92.28351953212527
33.53977331739696,74.23181865391756
39.77076456452647,87.01661165162116
47.594057201579965,42.87524576126397
4.262847829242755,57.41027826339419
21.378399689164283,52.50271975133142
78.61068062117268,97.68854449693814
82.3562196130586,102.48497569044687
91.20911981937377,128.167295855499
2.650757591533548,22.520606073226833
49.94369807930396,93.95495846344315
37.629577251373725,54.703661801098974
48.26789407398686,57.21431525918948
56.2809427165954,93.0247541732763
21.698694230534244,28.758955384427395
66.95600519830627,66.16480415864501
65.11971680818364,101.2957734465469
3.8310946303468763,18.064875704277497
63.582539001069215,105.46603120085535
29.49965771893347,24.19972617514678
94.77001081307472,117.21600865045977
22.83026017648122,77.06420814118496
21.642963384980675,44.91437070798453
15.90565103121584,72.72452082497266
63.61118028871346,83.28894423097077
88.936379516445,89.749103613156
16.74743918001732,73.39795134401385
98.8694630509058,123.49557044072463
22.66947665396707,78.13558132317364
70.05629650615252,60.845037204922015
86.90720962892449,98.32576770313959
76.2311289346568,87.38490314772544
96.66193799985749,127.12955039988597
72.93943837318004,66.15155069854403
48.17459928107496,94.33967942485995
4.387263251586305,43.709810601269034
28.06221124648105,73.44976899718483
95.99552820075108,96.59642256060087
65.38961383919168,66.71169107135334
66.14550672617375,102.116405380939
1.0625214270793437,48.25001714166346
89.59166580095471,109.47333264076377
79.93620105894219,92.14896084715375
79.41616701687254,74.33293361349803
9.228036851125,46.382429480899994
90.67785356445499,80.94228285156399
24.387013509358635,64.5096108074869
12.182793031532736,62.54623442522618
34.67238127148723,87.73790501718977
81.98142955116096,86.58514364092876
65.50065470900597,102.80052376720477
61.15834394048334,70.52667515238667
32.64890091410575,66.31912073128458
94.60379645815163,127.8830371665213
74.87420469338326,95.2993637547066
37.55833357154735,47.44666685723787
27.44620436136801,45.956963489094406
42.18752716632089,51.75002173305671
90.81550961232804,88.85240768986245
20.874732027203947,76.09978562176315
29.860009453509274,61.088007562807405
31.811887894665546,57.24951031573244
0.7355056396153303,51.58840451169225
14.885393882619924,47.30831510609593
13.789670514914953,47.03173641193196
4.7815253802940045,14.025220304235201
56.512750015612504,52.41020001249
14.054783172581375,20.2438265380651
77.1087024308725,70.086961944698
17.81983663429607,30.455869307436853
66.8445005156054,62.475600412484326
24.432621070082018,76.5460968560656
64.64808204625803,103.31846563700641
14.902099147397541,21.521679317918032
50.05053411201874,96.44042728961497
29.109878200695782,77.88790256055661
95.31808943333404,131.4544715466672
48.117013298889454,71.49361063911155
64.76923581875504,57.81538865500403
29.292374403932232,30.033899523145784
44.08044647101026,54.46435717680821
12.514411332967846,67.61152906637426
11.620049393757704,27.296039515006157
53.09535760088635,50.876286080709086
36.120570130197436,57.696456104157946
63.80199495655652,75.04159596524522
37.91824308287514,50.73459446630011
99.61346907708419,112.69077526166734
49.43286007364264,92.9462880589141
15.064388874642276,24.65151109971382
13.194157580371701,60.35532606429735
63.96472241769596,61.97177793415677
80.74754283567991,120.39803426854391
46.65768321561521,90.72614657249215
15.590617653594418,53.87249412287552
8.98841190417905,57.59072952334323
79.51473522776055,98.41178818220843
83.57197984411964,73.45758387529571
79.32709992645289,85.06167994116231
24.496954440196795,57.99756355215743
94.7995237735775,131.639619018862
66.2577149024823,98.60617192198583
87.52887059824718,73.62309647859774
31.672357691461272,70.33788615316901
29.078779772820972,70.06302381825677
92.85890237997782,109.08712190398225
85.66689742567218,77.53351794053775
94.64608082716643,130.91686466173314
55.727762085130394,51.18220966810432
89.24287563846569,86.99430051077255
1.8804829302138892,28.504386344171103
1.163969638401563,35.131175710721244
71.49698494334248,70.397587954674
63.17023053383917,83.53618442707133
88.23359387797338,96.3868751023787
50.387474492077864,59.50997959366229
36.78178919977838,37.8254313598227
22.6198257966006,54.695860637280475
69.20213682599957,91.96170946079965
0.04685348960670188,2.437482791685361
64.56657106433018,87.65325685146414
35.289015921781306,82.83121273742503
44.68583263605562,93.34866610884448
85.26291994521131,69.41033595616905
58.18957130544919,75.35165704435936
50.825946950139134,56.8607575601113
25.433395797040824,26.34671663763266
83.0732862408184,86.85862899265472
86.90631533252375,74.92505226601901
7.979706183608681,30.383764946886938
93.62818253237623,122.30254602590098
1.1488958785012549,35.719116702800996
40.122768097341876,47.6982144778735
0.07390977482411021,18.059127819859285
64.33552288762822,77.86841831010257
68.11262847525256,90.49010278020205
99.35470272698498,123.28376218158797
43.818311171607064,88.45464893728564
81.82669660429428,71.46135728343543
40.67440750598662,39.1395260047893
36.47325556000421,75.97860444800335
36.80825529346016,80.44660423476812
19.61587521058249,74.49270016846599
83.66459003851892,85.53167203081513
45.73576933366053,80.98861546692842
20.660634207569263,62.1285073660554
39.34241313546024,76.47393050836818
24.95234733856575,76.96187787085259
0.501452537723901,21.401162030179115
42.87396606356595,54.09917285085276
22.798123463340183,39.238498770672145
27.96806698193467,67.37445358554773
97.61621827970214,119.49297462376171
41.32280804389693,83.45824643511753
82.88591662678833,98.10873330143066
84.40757158021562,68.12605726417249
19.2793562283483,55.623484982678626
24.78376444037985,36.627011552303884
45.45890753124873,36.36712602499898
46.4805392286866,94.18443138294927
43.50578962070893,84.00463169656715
23.431498149764572,27.145198519811657
72.25507189778763,102.80405751823011
15.326306262216772,35.06104500977341
28.08262145589594,74.06609716471674
18.361466801374103,38.68917344109928
44.960024618760066,55.16801969500805
14.128716253776364,18.50297300302109
7.103809188537181,21.88304735082974
99.24802329730814,114.79841863784651
15.314602802848952,12.251682242279163
87.33678732992752,83.66942986394201
86.82194334931445,124.05755467945156
48.74422187456421,59.99537749965137
68.2154154849663,95.37233238797303
96.83603132020605,109.26882505616484
79.53566752401905,115.22853401921523
34.84350801265912,72.2748064101273
36.74340936329939,80.3947274906395
86.9487874638404,120.5590299710723
67.79680435403354,70.43744348322683
30.89450862695714,31.915606901565713
85.28854968784702,76.03083975027762
63.25956217810761,75.20764974248608
17.31795907040481,60.65436725632384
38.56640223579528,43.453121788636224
69.86984392392381,85.89587513913904
41.6201671879795,87.89613375038358
79.31779908999587,119.25423927199668
10.455982502081707,16.164786001665362
86.80145044674872,71.84116035739898
10.539472601831857,33.631578081465484
35.08333721227499,43.66666976981999
65.29934076661407,72.03947261329125
2.4245028271210334,6.739602261696826
81.87949352557294,76.30359482045836
19.257335921529204,23.205868737223362
85.33154102322136,125.26523281857708
39.73589476777944,73.18871581422354
8.627106880932834,7.501685504746267
11.082998513254438,28.666398810603546
0.9002477751720694,51.120198220137645
65.85588149318977,92.2847051945518
9.620638448494223,10.696510758795377
57.49487234056122,57.99589787244898
89.52046336750823,130.4163706940066
72.89225317824112,114.71380254259287
37.77278485027195,40.41822788021756
50.39269783998721,54.71415827198977
56.647649519243174,89.11811961539453
8.911793988843753,65.32943519107499
97.89436301115188,96.9154904089215
3.7493559159785694,46.799484732782844
40.543189572650085,69.03455165812007
63.15290861249394,64.32232688999515
44.26494080467444,70.81195264373955
1.390704958134592,58.11256396650766
57.75296639808446,54.60237311846757
94.68258839278919,103.94607071423134
70.32804819074155,73.06243855259325
94.93099752427959,116.74479801942365
82.20314631137272,75.96251704909818
2.099954881481658,17.279963905185323
40.226138679541414,90.98091094363312
62.92142994873567,71.33714395898853
40.45520206372157,43.164161650977256
70.92866480514715,83.74293184411772
99.59384384708832,120.47507507767065
42.18312438413684,40.94649950730947
97.18854333491164,104.15083466792932
93.92653044473018,79.94122435578414
0.37902726919092355,47.103221815352725
5.428017966913979,30.74241437353118
77.54786823929233,96.83829459143385
23.02885199235454,67.62308159388363
3.2889088856971727,14.031127108557735
44.830976889567765,50.26478151165421
28.37305505403309,46.098444043226465
1.9698412441609192,15.375872995328733
96.50007742685213,136.6000619414817
43.92815308506894,38.74252246805516
78.8958381465223,65.51667051721785
78.80934234979526,88.2474738798362
73.37544480865796,67.10035584692636
42.781320891384475,57.025056713107574
23.838648557939702,49.67091884635175
86.07957493440253,83.86365994752202
46.458543899635096,58.76683511970807
42.45243163174306,49.561945305394445
41.52470679235364,64.4197654338829
7.968003055562045,31.574402444449632
85.91803660978292,84.93442928782633
35.641540424419524,78.3132323395356
82.49737575242459,86.99790060193968
42.55236100448393,44.84188880358714
68.9721190855992,59.977695268479366
21.553183945876185,42.44254715670094
64.91923735828841,55.53538988663073
83.54041656584214,70.4323332526737
53.90158623329591,69.52126898663673
33.661501368794575,52.729201095035656
12.764148328557612,47.41131866284608
46.26049886422248,83.20839909137797
92.9086233921183,123.52689871369464
28.523911257251232,36.019129005800984
80.5143349276979,120.21146794215832
18.640941288596412,55.112753030877116
15.482497385258664,54.98599790820692
17.505911810646722,57.20472944851737
80.28283390729909,87.02626712583927
91.42930842936909,82.74344674349527
54.24521387089002,64.39617109671201
8.329672822435775,55.86373825794861
55.480413934413505,59.3843311475308
67.76579161134319,71.01263328907456
61.71523450386819,88.97218760309454
98.55106208660092,116.64084966928073
87.53574456300298,88.62859565040237
99.29090955062259,95.03272764049807
74.05116538774521,91.04093231019617
30.374212359663353,56.099369887730674
27.61716183501628,23.293729468013023
29.24673648099596,54.59738918479676
70.76645220797539,79.41316176638031
69.13417989830668,72.70734391864535
59.63355100220211,74.10684080176169
50.131060945809494,67.70484875664759
49.29952233709207,62.83961786967366
19.25133584252745,34.00106867402195
34.29030612889148,74.83224490311318
86.45846424898924,95.5667713991914
20.069482346144717,52.655585876915765
66.19226610561901,85.3538128844952
60.42467496175025,106.53973996940019
66.8648297439144,102.69186379513151
77.85560023758697,119.88448019006957
16.58284469173754,18.666275753390032
31.187775586153787,33.95022046892303
13.60770631721886,38.48616505377508
72.51555401747775,90.4124432139822
12.529067767595258,63.423254214076195
33.195905485268405,31.956724388214724
88.62442761805467,74.49954209444373
23.781904449878255,40.0255235599026
33.59388976017006,29.875111808136047
97.30844643643812,135.4467571491505
76.17134044369271,114.93707235495415
98.30246802775766,126.04197442220612
96.847003945694,116.4776031565552
84.35897949586504,102.28718359669202
54.50247497373159,98.20197997898526
57.78984193421748,59.43187354737398
40.2798247539784,55.02385980318272
85.81834118282592,71.65467294626073
56.34975515739793,84.07980412591834
75.18826883165191,87.75061506532153
61.96252289642733,97.57001831714186
67.56107874640033,76.84886299712026
50.375924508448065,96.70073960675845
74.70271569059385,82.56217255247508
0.8040953655147232,58.843276292411765
96.34623334701577,134.0769866776126
2.0026331783946416,37.6021065427157
34.16916575944203,32.13533260755362
85.78573703944906,115.42858963155925
38.942632891772874,91.15410631341828
80.06707034381549,65.85365627505239
42.317957336987966,34.454365869590376
24.38618337159767,40.508946697278134
63.31767282486884,99.85413825989507
45.15479540612386,37.923836324899085
59.73396484077655,48.387171872621245
19.287888724587077,59.830310979669655
5.98600583277663,13.188804666221303
0.34448382759729723,37.47558706207783
91.82620485131925,99.8609638810554
47.35116012554265,71.48092810043411
7.62159161487147,9.697273291897176
70.67595750412026,85.34076600329621
59.96377176187689,68.3710174095015
72.95948733019327,75.76758986415462
5.268117752691981,31.81449420215358
4.667489954659054,36.13399196372723
57.54738659599254,64.63790927679403
22.242914188152874,59.19433135052229
65.09742250603215,102.47793800482572
94.76268101811782,128.01014481449425
87.94548904774719,100.95639123819775
95.93475447311512,97.14780357849209
77.79835896777696,76.03868717422156
47.99680052176578,39.59744041741263
94.47225416746217,121.17780333396973
39.87927572066094,58.903420576528745
98.81049301513036,84.4483944121043
31.815560964157086,34.45244877132567
63.61748817643396,58.093990541147164
33.33141612403128,57.26513289922502
59.79308346788468,77.83446677430774
20.6965271839067,30.357221747125358
40.318746289524896,70.6549970316199
33.363169748671936,54.89053579893754
73.04161885402593,98.63329508322073
46.81853908203851,46.45483126563081
57.65418987425931,56.32335189940745
10.266322257481253,41.213057805984995
70.8172283585618,74.05378268684944
4.618544082975273,61.894835266380205
68.59215502377266,102.87372401901811
38.783203091481056,62.22656247318484
5.170103354056144,41.936082683244905
94.57074074660453,79.25659259728361
97.55531955438644,126.64425564350915
85.86506798368724,120.89205438694978
24.49273188925597,41.19418551140477
30.191032911022265,49.95282632881781
17.804223164941646,57.44337853195331
9.424525926846417,30.339620741477127
17.030525787886962,70.02442063030955
43.53900481187865,83.43120384950291
30.232710040434064,64.98616803234725
58.786401674826,69.8291213398608
73.48682597348733,118.78946077878985
67.28006200265901,73.0240496021272
97.92814428708532,122.14251542966824
58.09227612012866,96.87382089610293
22.50184382093923,37.20147505675138
58.459696202204036,104.96775696176323
42.443865108324154,39.95509208665933
59.56042011064751,101.648336088518
38.04402699757361,62.83522159805888
18.960705876397167,23.568564701117733
0.40451094090864226,43.5236087527269
52.52450008934899,65.4196000714792
50.04563543604657,99.43650834883724
47.79044412963934,94.03235530371146
43.73490917771158,59.58792734216926
91.64676551748786,109.91741241399029
33.50670971350909,28.605367770807273
13.05604779440489,30.244838235523908
29.98681648549647,77.38945318839717
84.18355965529885,118.34684772423907
92.94837260377393,94.75869808301914
59.872678580617276,88.09814286449381
86.67447752578504,102.93958202062802
6.793627895130861,10.834902316104689
91.65627403715114,86.52501922972091
25.7506342200016,77.60050737600127
76.86017519194867,78.28814015355894
55.56675960322772,52.25340768258218
47.12406817916177,58.09925454332941
93.7575262823832,107.40602102590655
62.747146958942224,88.59771756715378
91.472374436292,131.9778995490336
70.46905945656377,110.375247565251
56.038247737883474,58.030598190306776
2.7692218529840273,46.01537748238721
74.02128465533929,116.81702772427141
19.78076825646057,65.02461460516844
18.686860449552533,24.549488359642027
92.23765595560499,108.59012476448399
93.25810258395202,120.2064820671616
69.21275520466969,82.97020416373576
31.67807472354299,71.54245977883438
60.10715660073742,48.68572528058994
57.83311709938158,46.86649367950527
39.2598048637536,83.00784389100286
36.57166977050802,68.25733581640641
59.198089629865756,81.5584717038926
54.16192670861179,68.52954136688942
89.91707666089394,98.33366132871515
67.73865910069684,108.79092728055747
28.55821830572821,30.04657464458257
52.785500326797,94.42840026143759
47.988331971989474,78.59066557759158
9.524565033614074,58.619652026891245
24.62447558608105,62.29958046886483
86.53928292013347,87.83142633610677
8.965048695622402,20.97203895649792
84.9701255765834,77.57610046126672
24.864555443169458,31.891644354535565
94.01983590581041,89.61586872464832
89.29731802779443,112.83785442223554
84.59757966248816,115.67806372999051
3.2321362722632196,39.18570901781057
54.15046190774437,98.52036952619548
90.23881505226561,90.19105204181248
76.70792118649548,67.36633694919638
17.055675380457547,40.04454030436604
89.59078446030595,113.07262756824476
45.25930578532742,62.007444628261936
54.85132630774606,78.68106104619685
96.30514042666071,117.84411234132855
59.46984857811217,74.57587886248973
95.11029742033918,81.48823793627133
73.00148220709669,87.20118576567735
86.39486442025361,79.91589153620289
22.258796845302587,39.40703747624207
84.48298399689821,99.98638719751857
77.12002966041163,64.09602372832931
91.30471803456601,129.44377442765278
97.2109506399367,123.96876051194936
60.98058629773369,52.98446903818696
77.21231608026575,93.56985286421259
32.494671799018114,46.395737439214486
15.005041928349605,55.204033542679674
95.9828502733062,88.78628021864496
58.43210015501481,64.14568012401185
33.50880429075438,58.6070434326035
37.85154278073788,40.4812342245903
88.1925184548978,128.75401476391824
98.02335709368833,107.81868567495066
87.59148553538678,113.87318842830942
80.57928992629625,120.86343194103699
44.088981699110484,36.47118535928839
64.48217174640547,109.78573739712436
55.89946235071787,81.91956988057429
8.454114829991543,57.16329186399322
43.338731842941314,76.67098547435305
41.750066288165286,55.00005303053222
53.58971271868398,56.07177017494718
40.668214182464865,44.534571345971884
50.59995732339531,71.67996585871624
5.95108486774053,22.760867894192423
47.08642832273775,96.4691426581902
93.56494810402384,83.25195848321908
38.013689946264506,35.8109519570116
71.75384836173318,82.60307868938654
91.59210557879818,133.27368446303853
87.86518430175299,127.29214744140238
32.91056232502536,65.92844986002028
62.53031062779931,63.22424850223945
42.667032958279364,90.53362636662348
6.211225390130714,42.76898031210456
44.16601583180589,75.53281266544471
85.63118233721887,85.90494586977509
98.54916392999662,117.8393311439973
43.437672571791744,86.35013805743338
22.949912654783166,18.359930123826533
54.14868141425567,58.918945131404534
98.80764523585138,92.84611618868111
60.01277002440347,52.210216019522775
95.69004453888901,132.9520356311112
68.12979955597648,94.10383964478117
25.843498223343396,41.07479857867472
21.595707684455,21.476566147564
39.507264946885,35.805811957508
94.25728004472118,75.40582403577694
12.40612047559917,12.924896380479336
36.886042865623516,51.10883429249881
5.709257187923978,30.96740575033918
2.6681503080140723,31.534520246411255
73.08415074642497,92.06732059713997
30.675276770375337,82.74022141630026
19.524869624948437,24.01989569995875
37.1088142105681,74.68705136845448
81.51992395539921,104.81593916431936
77.42004140150517,95.53603312120413
9.33996200541376,29.071969604331002
94.23304008617163,92.7864320689373
53.14490675446657,68.31592540357325
42.2541514898778,44.00332119190224
44.50765487644617,75.20612390115693
82.01793792232137,105.81435033785708
3.0764460039509722,54.661156803160765
68.67390239269268,108.93912191415413
99.37027862100152,133.4962228968012
37.696908149820196,35.557526519856154
90.05637640357456,82.24510112285965
70.64088479392355,105.71270783513883
82.54357642685598,75.03486114148478
38.69665937000774,50.15732749600619
27.609503988370598,60.487603190696476
76.65003494229347,87.12002795383478
41.33296083001233,61.866368664009855
93.12253094830844,130.89802475864673
9.01544301727336,24.612354413818686
84.92594303186743,114.14075442549394
99.37320563478063,106.49856450782451
98.14163240934953,80.91330592747963
53.409608612341884,64.3276868898735
17.74359368695918,23.794874949567344
43.48894626783783,36.591157014270266
4.196378659674648,35.157102927739714
94.65244644702567,107.52195715762053
99.6377685519819,136.71021484158553
15.110817328722026,14.488653862977621
58.16147154756791,66.32917723805433
77.27676607898404,103.82141286318722
38.2461632633364,39.59693061066912
39.28009803220414,84.22407842576331
64.7360168871418,54.18881350971344
65.61214863099502,101.68971890479601
83.40598527525358,111.72478822020287
56.002708562615375,91.60216685009229
88.77316875685122,81.21853500548099
46.56192587142971,57.04954069714376
15.929991317248337,13.34399305379867
99.91239505991827,126.72991604793461
67.71291090320753,68.57032872256602
28.355385057679563,64.68430804614364
68.91166330999775,80.3293306479982
30.991776651536405,73.39342132122911
44.32674797756844,67.86139838205474
83.1423764317877,122.31390114543015
29.488980875909686,30.79118470072775
65.2171625506673,53.97373004053384
58.63493276061779,84.70794620849422
62.96825740543368,88.17460592434693
9.665528692376746,62.93242295390139
85.37792484520027,77.30233987616022
82.42144484898763,112.1371558791901
16.416158145949524,35.33292651675961
82.92961691035,69.34369352828001
59.30210191581392,64.84168153265114
11.8207647138574,50.256611771085915
92.72867677962437,79.58294142369948
79.56996508413398,63.65597206730719
84.37948946657427,88.50359157325941
19.443558937024164,21.55484714961933
70.53322254984049,116.42657803987238
55.947831699238705,60.35826535939096
56.55323314446369,66.24258651557095
46.89361377909559,50.714891023276465
14.546576948217227,44.037261558573775
5.457022862531002,52.365618290024784
44.536113980378936,76.42889118430314
68.46087419778935,56.568699358231484
92.39743090291874,133.31794472233497
24.721075285506778,67.17686022840542
30.59364066995236,82.07491253596189
26.7341051485942,42.38728411887536
7.123382701726111,35.09870616138088
17.679414667792457,20.743531734233965
59.14010232938601,78.5120818635088
38.815864071626095,86.85269125730088
78.4343931917705,75.9475145534164
79.94634353633555,78.35707482906844
4.204233967489069,26.76338717399125
40.385009600027175,44.30800768002173
9.703765395335939,51.56301231626874
5.084189530358973,53.267351624287166
62.27577543039823,56.420620344318586
2.271318115201859,21.617054492161486
39.12729707652556,84.70183766122044
78.5960901665656,111.47687213325247
45.86386440980238,37.29109152784191
37.63455953300754,31.907647626406035
29.116117837965184,54.49289427037214
18.14396626212167,57.11517300969732
6.021887144702298,15.017509715761836
21.093597584776514,58.274878067821206
30.065755417826523,45.65260433426121
61.53450668627934,108.02760534902347
78.48794204419394,120.99035363535515
30.814982177411785,49.851985741929425
17.00723366244381,36.40578692995504
17.289777067580793,19.831821654064633
90.7180519845727,85.17444158765815
88.33824827034417,88.07059861627533
59.31076266270184,98.44861013016146
3.904836549298474,52.323869239438764
42.59101642392955,74.87281313914363
37.58988279323576,49.271906234588606
20.73066745560346,44.18453396448277
62.47270837482324,100.97816669985858
5.665468297261711,38.732374637809365
44.2185026730443,38.37480213843544
83.83877256772347,124.07101805417877
43.251104231674056,78.40088338533923
50.20920418055142,98.96736334444113
69.74129968801621,77.39303975041297
18.568925611846154,38.255140489476915
11.992831119573488,14.99426489565879
72.16960215219025,93.13568172175219
71.55789449904285,80.64631559923427
9.488798374348429,36.991038699478736
84.34316082100355,68.07452865680284
29.631801438673243,55.505441150938594
61.68694002616668,85.34955202093334
90.60937184568047,72.48749747654438
0.5043768419769279,41.803501473581534
5.702594478210276,32.762075582568215
55.89405211119627,75.315241688957
73.66360174232757,77.53088139386205
57.20452615130096,51.16362092104077
91.3467758354831,99.47742066838647
28.63162420212474,47.505299361699784
61.4458756401991,74.35670051215928
30.89658732842383,56.517269862739056
76.52266354583426,106.2181308366674
13.689358709407895,51.751486967526304
74.41682868437127,61.33346294749701
36.404525457179716,89.12362036574376
86.52778430160633,129.22222744128504
71.05932904102792,80.84746323282234
96.17006143968528,93.13604915174824
2.66274568139766,51.93019654511812
39.14835646400384,51.11868517120307
6.119482833081447,12.695586266465156
34.329770040397655,87.4638160323181
52.38690378885963,64.10952303108769
53.31608252698913,50.452866021591305
24.441459657752475,68.15316772620197
35.203322624736224,61.16265809978897
87.74802145671298,122.39841716537038
14.061764427410106,68.24941154192807
43.55907480902843,61.247259847222736
1.739298321335736,30.791438657068582
45.054298597720546,55.243438878176434
65.75024485517193,62.20019588413754
36.99820958064643,50.59856766451715
83.71057591670736,119.16846073336588
73.05565106857844,72.24452085486276
40.47886384702366,55.78309107761892
43.36838858222277,42.49471086577822
65.41584248047242,56.53267398437794
78.38718534529005,103.50974827623203
51.12619951256633,67.90095961005306
8.176700280111348,53.34136022408907
56.80801394413882,55.04641115531106
0.6840248732680965,8.347219898614476
30.479441992723764,72.983553594179
49.00126364333285,50.60101091466628
21.503292446245503,56.8026339569964
30.899726577909647,68.51978126232771
39.39744400584634,55.517955204677065
26.3387992532922,61.871039402633755
71.59198755304872,74.67359004243897
37.952969338027245,39.362375470421796
34.69137915608079,43.95310332486463
20.047590329690724,28.038072263752575
79.80315708396905,116.64252566717524
56.62986198997923,45.30388959198339
38.45896094022948,62.567168752183576
84.15201137405438,117.1216090992435
4.72901707095833,6.183213656766664
39.553509887059754,66.4428079096478
26.203703124065424,80.96296249925233
32.96401584943578,59.37121267954862
63.819989873191865,72.65599189855348
57.15314041510321,69.72251233208257
37.31798070539287,64.65438456431428
80.4894038849356,70.99152310794848
86.56254877795766,105.85003902236612
94.28599188800305,119.82879351040243
13.64969684393481,10.919757475147849
83.0925476978637,73.07403815829095
23.00007315613073,63.40005852490458
67.72467885957109,71.57974308765687
52.76068728839739,75.20854983071791
2.8140049891208774,5.8512039912967015
3.9816569249092937,34.38532553992743
78.31475944737934,68.65180755790348
28.379683241183052,41.90374659294644
37.68246712099847,40.945973696798774
44.75278790464684,91.00223032371747
70.21803625083894,98.17442900067115
69.08025658444372,77.46420526755497
26.75170562085253,50.20136449668202
95.67070938832181,81.33656751065745
21.19810709508725,28.958485676069795
99.59447884727152,136.6755830778172
23.331283098648782,26.465026478919025
25.07611874316431,33.26089499453145
35.629666938488604,66.90373355079088
3.9089661984881396,34.327172958790506
93.80237186114721,79.84189748891777
62.421231565815575,56.536985252652464
17.752902389054313,53.202321911243445
27.88752189357606,27.710017514860848
75.03272004316604,78.02617603453282
45.32761073494637,41.66208858795709
5.795754114940799,11.236603291952637
53.64913859352028,64.51931087481623
98.69636421356884,125.75709137085508
20.28789786582774,73.23031829266218
2.8353985768742374,61.66831886149937
22.421014922630732,75.53681193810458
48.045396399307535,87.63631711944602
57.24737062578842,58.99789650063074
10.357205141376525,27.48576411310122
97.73285215708222,121.38628172566577
22.217383144128846,70.57390651530307
54.54508191938442,97.63606553550753
57.622720826251594,94.69817666100127
31.510104829249563,31.20808386339965
20.770520614098864,40.61641649127908
70.18299415234,75.346395321872
94.53444818471702,109.22755854777361
61.02782132397303,86.62225705917842
42.92297881067654,61.938383048541226
43.05483928765661,47.04387143012529
63.75968352101674,86.40774681681339
85.55673537023742,109.24538829618993
45.46301979239087,63.97041583391269
85.56656538960303,118.25325231168242
21.65040812366408,68.32032649893125
46.33619969394622,64.66895975515698
93.58867702866127,125.870941622929
56.80674281101741,73.64539424881391
4.950394922456858,42.960315937965476
68.74235765295991,66.39388612236793
68.58125753316946,69.26500602653557
57.436274128826135,86.74901930306089
49.39492384014807,71.31593907211845
91.60787282577665,102.68629826062131
48.666417051549175,82.73313364123933
63.814074891899594,53.45125991351968
46.033556063645584,52.42684485091646
60.73295963133181,97.78636770506543
45.14191712350617,51.11353369880493
53.682572203404135,73.54605776272331
27.099463562951176,61.879570850360935
86.48796239023802,88.99036991219042
15.607078193165158,14.885662554532125
3.248968966727628,3.799175173382102
88.61301275908485,75.0904102072679
86.58360694614088,110.0668855569127
75.25594158630267,95.60475326904213
13.076610481641648,70.46128838531331
11.681469323689731,68.14517545895177
1.2222321787954238,32.77778574303633
98.48436308515024,84.7874904681202
85.92498939332668,71.73999151466136
72.8738762842451,65.49910102739608
99.68436704180364,91.74749363344291
45.92733088738375,37.341864709907
68.15868119635013,111.52694495708009
34.04457097923987,68.03565678339189
22.353814421359488,30.48305153708759
89.72476167154512,93.3798093372361
46.845050887925446,79.47604071034036
20.013416119963246,37.61073289597059
99.76146738530964,129.0091739082477
89.08232569215494,71.26586055372395
89.40412309801677,120.1232984784134
0.5557012635951097,25.04456101087608
84.64758998429363,91.1180719874349
46.28334926068871,92.82667940855096
51.11949755677758,56.495598045422064
75.9603223345937,71.56825786767496
24.393629625879488,22.51490370070359
43.78655990746112,48.22924792596889
57.233982963350996,85.98718637068079
74.25074266675304,78.60059413340244
96.3298214389337,106.46385715114697
58.5094231551212,58.807538524096955
69.94543056646691,87.15634445317352
72.71587437412546,71.37269949930037
20.652240880765138,29.721792704612106
45.73318676480823,50.38654941184658
17.212698908297554,64.77015912663803
1.761293777631845,5.609035022105475
7.54910328652093,61.83928262921673
47.96934091797803,53.37547273438243
60.302029243825274,72.24162339506022
33.975575100880775,52.98046008070462
72.35590441198293,80.68472352958635
88.922145119594,78.3377160956752
4.618298910456476,45.694639128365175
69.59976439288683,58.07981151430946
16.63567063763707,30.10853651010965
16.011128192589286,60.808902554071416
28.629710793562445,58.90376863484995
40.5405533509164,49.232442680733115
15.888970154806392,51.71117612384511
35.58894670177203,80.67115736141761
6.5332505495712345,58.026600439656974
47.79245044281686,86.23396035425347
71.2913401894987,87.63307215159895
25.011670039659016,24.809336031727213
19.070161149742017,45.25612891979361
39.31378564353989,63.8510285148319
11.673461169073441,17.738768935258754
19.96325332115314,26.77060265692251
18.096997343734056,71.47759787498723
16.151731733102892,32.72138538648231
10.682994084351883,49.9463952674815
90.12962840461213,86.5037027236897
57.240225525360046,83.59218042028803
81.8493147897813,125.47945183182503
35.16626782412351,43.733014259298805
33.19114673663932,34.35291738931146
31.848897521073916,69.27911801685912
47.75425561245766,81.40340448996612
83.1848449478193,95.94787595825544
45.50298850463048,41.20239080370438
53.4557345272635,84.1645876218108
81.45980334282397,101.16784267425916
37.93618589744309,83.14894871795445
48.77927148602977,67.22341718882382
7.48392114469355,48.587136915754826
3.1635577296766026,24.130846183741276
44.13119084322178,50.90495267457742
41.6935365711399,43.554829256911916
42.54427340456716,71.83541872365372
19.12922980387709,32.10338384310167
74.97027514623228,118.77622011698583
14.07564641056479,11.260517128451832
47.40066672582628,42.72053338066102
59.96170357174476,95.3693628573958
93.52810109500616,116.22248087600492
14.13330460006742,49.70664368005393
11.829052759461655,52.06324220756931
28.716449009306466,55.973159207445164
16.731441399480683,27.785153119584542
59.698584481379626,66.95886758510369
9.411004402161726,51.32880352172937
3.694436985766558,37.755549588613235
33.18081143911979,66.14464915129582
92.49761632521228,113.59809306016982
16.167893026653203,21.93431442132256
12.960074356093676,30.768059484874936
48.76847202619091,88.21477762095273
33.11996912559504,28.89597530047603
22.70453264379102,36.76362611503281
69.15901525709762,96.12721220567809
45.56169946023212,61.649359568185695
38.58543069243115,70.46834455394492
57.28668493201506,60.229347945612055
69.5183267889812,68.81466143118496
53.84223658491158,53.87378926792927
53.794573212432425,56.23565856994594
24.587036251802473,77.26962900144197
57.92686933268803,69.14149546615042
26.671093794686797,75.33687503574943
88.02553188295983,70.42042550636786
2.4212976248980667,48.13703809991844
74.94761604227918,98.35809283382333
55.75395562290336,99.80316449832267
12.741646158929065,64.79331692714324
90.67520710962856,115.74016568770284
78.08445636586353,75.66756509269082
3.356180668419362,44.084944534735484
21.994807770513468,71.59584621641076
25.643693940263745,71.51495515221099
9.47338354319973,20.178706834559783
72.20547700515428,84.16438160412342
81.26106620626629,75.80885296501303
20.635928637414015,62.108742909931195
62.35470851404684,84.68376681123746
25.049038315249316,74.63923065219944
20.836468030508183,23.869174424406545
71.0185367594922,97.61482940759376
2.4217345835667703,20.537387666853412
91.75375366207417,114.80300292965933
77.27757870231535,85.22206296185227
69.71235064657809,74.36988051726246
93.32286648814319,77.65829319051456
10.17898800835846,47.743190406686765
58.77513235779023,102.82010588623217
54.35050351945713,96.2804028155657
53.04666225668719,50.83732980534975
45.76588533969708,64.81270827175766
19.182594073265335,60.946075258612254
90.07409778963252,121.259278231706
63.71774869011648,66.57419895209318
73.11721021358191,85.49376817086554
34.278266572057134,31.622613257645707
44.65091466569433,66.92073173255545
88.89675495073988,120.31740396059189
32.41487804201761,62.531902433614086
16.497214073350676,72.59777125868052
88.90367142267783,90.92293713814226
39.49138749704044,86.19310999763235
45.610803039381764,71.8886424315054
69.75917033434655,96.00733626747723
40.82069725773857,75.85655780619085
34.4867917171497,42.58943337371976
48.012309730577705,46.809847784462164
10.958647549776757,44.1669180398214
42.40632877938065,92.12506302350451
71.02702617297194,93.42162093837754
81.09708317787688,105.6776665423015
11.933110700648742,43.74648856051899
3.8481379962098328,61.27851039696785
54.79572089878173,98.43657671902537
16.608504492356868,18.686803593885493
0.925911774530852,46.940729419624674
6.603122276661,34.08249782132879
0.1645988641316487,50.53167909130531
32.15094850558392,42.520758804467135
37.431398411163045,82.14511872893043
55.84150530597803,56.073204244782424
32.860978793601866,53.888783034881484
27.12950634846617,34.903605078772934
86.70431449389783,76.56345159511827
58.26943942388739,50.21555153910992
9.093603486001978,7.874882788801583
24.054562029561122,54.64364962364889
71.38648708522898,68.50918966818318
79.74202997217678,92.59362397774142
77.15895338983043,82.12716271186434
94.96531934557808,83.77225547646246
83.86246122950261,67.08996898360209
10.351322318890144,12.481057855112114
58.496475084887734,50.39718006791019
25.138637274586618,60.910909819669286
90.46139564425863,103.56911651540689
98.64821661381546,90.31857329105237
68.66622652239764,59.73298121791811
54.86804657585154,43.89443726068123
57.615622584037006,61.6924980672296
44.52741923773471,50.02193539018777
76.82390889022143,72.85912711217715
60.464707142091775,99.37176571367341
28.204151465214068,77.16332117217124
56.28547426089319,93.02837940871454
66.57488660007407,60.45990928005925
82.39215824281541,97.71372659425234
36.498661357914585,77.19892908633166
24.809194750673846,42.04735580053907
30.928508940555076,63.74280715244406
67.3030519105892,79.04244152847136
3.190273340088867,36.75221867207109
97.68145067095111,123.74516053676089
38.93316170969,76.74652936775199
73.6896401217893,113.55171209743142
28.21980744959629,67.57584595967703
21.027492633248922,57.62199410659913
28.558981170550236,25.84718493644019
95.79997195249102,90.43997756199282
67.13197785832511,108.90558228666009
45.036838367818724,64.22947069425497
95.2512681018542,105.00101448148335
98.40035882951462,106.92028706361168
29.43112008940019,49.34489607152015
77.93196923619905,64.74557538895925
80.81741881756682,64.65393505405346
71.66084723308389,60.32867778646711
70.00591251855701,70.40473001484561
58.30552327799785,68.24441862239829
3.01375034492144,45.011000275937135
63.14164533779319,99.11331627023455
14.689374244823094,29.151499395858472
56.81504715138301,71.85203772110641
10.10663474970136,43.48530779976108
45.52608163493066,67.62086530794453
79.77505023131633,119.02004018505306
62.687717024523494,105.9501736196188
51.67080049816866,60.53664039853493
88.97113939161325,91.5769115132906
65.2798234331135,105.02385874649079
72.39156995563252,98.11325596450601
6.662977727861619,35.330382182289284
62.19102410417116,103.75281928333692
58.52572501693006,85.22058001354404
25.542656216989112,52.234124973591285
2.9001328685288152,38.32010629482305
61.72023501673216,73.97618801338572
95.24275728386347,118.79420582709076
22.29994237947984,45.43995390358387
46.179902426657634,74.74392194132611
95.4029656240358,88.92237249922864
4.477936022904283,14.982348818323423
63.703359022618955,98.96268721809516
92.2488653556195,88.7990922844956
6.015245763517186,54.61219661081374
52.81478712781934,71.65182970225547
44.41873829538396,73.93499063630716
19.08228540015955,39.86582832012763
48.84379124901991,61.275032999215924
4.559587613398386,28.247670090718703
38.508106199752326,53.60648495980186
3.2884527489508986,6.2307621991607185
17.553040485312955,24.842432388250362
3.202583500928269,28.962066800742612
71.39746080100541,112.91796864080432
65.91346364784336,112.13077091827466
66.28978688006464,93.2318295040517
66.34803486112382,77.07842788889906
5.4645847803964305,26.57166782431714
61.96314387899014,91.57051510319211
22.166787181853675,24.33342974548294
97.34887014555682,131.27909611644543
56.54961277934951,93.83969022347961
29.845461633880234,47.27636930710418
94.47939492148673,125.98351593718938
76.57242449411777,112.2579395952942
41.29630838846431,90.63704671077144
28.349594074756478,75.47967525980518
18.39278794088164,18.91423035270531
82.97044936058626,99.976359488469
67.39465155948271,68.91572124758616
27.388633254144267,29.110906603315414
29.907201770693128,46.7257614165545
71.21117361622441,77.36893889297953
7.002669881921653,18.20213590553732
49.892121882520314,81.31369750601624
17.94512229053994,26.35609783243195
53.72944070846387,93.38355256677109
40.04883369203841,58.43906695363073
11.606193573951229,18.284954859160983
0.14769729158380374,18.11815783326704
66.95381966752421,107.56305573401936
57.937292888203004,73.94983431056241
21.84093201347217,66.67274561077772
37.985349391273225,75.98827951301857
86.2993799370176,96.03950394961407
69.01559510382117,102.01247608305692
43.43562013254545,46.14849610603636
53.403010000055694,76.92240800004456
89.88279231223272,123.50623384978616
88.86573047582557,92.09258438066045
98.03973984726574,122.83179187781259
29.159154910394335,36.52732392831547
37.86603692765501,32.69282954212401
8.125432831544444,37.10034626523555
37.30300967869227,84.4424077429538
41.12533891729747,44.300271133837974
74.5564738358881,75.84517906871048
3.183302081813777,43.34664166545101
36.59707395932597,76.07765916746077
79.0826806294519,110.66614450356151
70.84395985984749,89.67516788787799
67.19149129518172,93.95319303614536
57.21530283698881,92.57224226959104
34.64473312719147,61.915786501753175
40.65098234113218,63.720785872905736
21.82412683371372,56.45930146697097
51.27974315799841,48.82379452639873
50.14047256154864,89.9123780492389
19.888752304415426,24.91100184353234
66.98012858636982,85.38410286909586
80.75252161939899,91.60201729551918
51.29568064432376,96.236544515459
65.19730738888046,80.35784591110436
88.15923074702205,114.92738459761763
33.84629714950405,45.677037719603234
72.64204635571537,69.5136370845723
23.481379109782697,69.18510328782615
70.45007569441695,102.56006055553355
86.70643370166484,70.56514696133188
84.10362748907446,116.48290199125955
9.879159019484574,12.703327215587658
67.66555386524831,96.13244309219866
81.303181956896,68.0425455655168
55.31648883938709,103.05319107150967
73.60948039211826,76.8875843136946
56.1618180294906,51.52945442359248
76.13351103906251,108.90680883125
49.84686432526188,41.67749146020951
56.12978027916963,94.70382422333569
29.830285225248655,35.86422818019892
8.611267607565608,32.08901408605249
37.89689049826157,62.717512398609244
16.18510224306081,36.348081794448646
48.52234643026648,40.61787714421318
34.0625023322886,60.250001865830875
51.929749239976395,69.1437993919811
21.846959819144796,74.47756785531583
40.13572423351752,40.50857938681402
55.68281501008031,79.94625200806425
88.09968079822738,105.8797446385819
20.356743179635384,25.285394543708307
36.1540204441212,42.723216355296955
99.32167269589495,99.85733815671595
70.9882919268775,101.79063354150199
75.0247541141344,94.81980329130751
39.376211771622025,39.90096941729762
80.30686505952775,108.6454920476222
4.424325075714474,43.13946006057157
60.953127807093864,106.36250224567507
22.35224182018214,62.28179345614571
30.746727386540552,65.99738190923243
73.2377127955557,98.19017023644454
95.40426401232574,87.72341120986059
21.760167292110022,48.008133833688014
23.390488832266797,39.11239106581343
57.126423723223816,66.70113897857905
50.89197768460948,43.71358214768759
93.41492827908387,119.73194262326709
29.316871411307453,50.45349712904596
49.77906830134889,83.62325464107911
95.16265809541775,91.7301264763342
65.81946250749789,61.655570005998314
34.389766197640135,29.31181295811211
63.06331942747472,69.65065554197977
77.73308573278828,70.58646858623064
98.58768836356937,107.6701506908555
62.490017633603436,80.59201410688274
45.6463081981098,44.91704655848784
69.7739355429226,109.21914843433808
70.92016838317977,114.33613470654382
89.85678196878317,82.68542557502653
44.28980358868936,55.23184287095149
34.87560523751536,56.70048419001228
42.99223806697039,37.39379045357631
47.02039251573166,88.01631401258533
96.09355373456016,101.47484298764813
90.52446046783676,77.21956837426941
70.43952459176433,110.95161967341144
75.10691319743604,87.08553055794883
22.99889129612064,38.79911303689651
20.5851313258258,68.06810506066063
1.2366357566280906,28.589308605302467
38.21452003669855,44.97161602935884
62.81090753577946,57.44872602862356
24.912142203573463,72.72971376285876
20.025921366567456,50.82073709325395
67.76552490831897,72.81241992665517
71.18213725773731,68.34570980618984
43.19236129899207,65.75388903919365
28.01141393053629,81.80913114442902
24.79760306901805,44.438082455214435
99.74665366331604,113.39732293065283
66.48187533580864,55.58550026864691
20.074579840899208,40.659663872719364
16.957832947622865,27.966266358098288
67.04339098966118,78.23471279172894
87.59451925057286,89.87561540045829
94.81534053238799,86.0522724259104
71.5237597517006,115.41900780136046
21.482324489644178,27.98585959171534
89.25155143459637,121.80124114767709
5.165548662856656,25.73243893028532
72.86917486519168,65.49533989215335
16.955705610282422,45.96456448822593
69.20923327295611,110.56738661836488
6.830654442889972,9.064523554311977
43.183738301265365,47.146990641012295
51.51294346119827,89.21035476895861
66.99756417042482,64.39805133633986
89.44822932239302,88.95858345791441
3.5046067616917975,6.403685409353438
14.033544553130728,62.22683564250457
43.59669092739297,74.47735274191437
79.57429482780523,68.45943586224419
82.22491835437368,114.37993468349893
63.13154106282498,91.90523285025998
83.07920550233601,71.86336440186881
45.380163963821296,86.70413117105703
34.66455928287899,85.33164742630318
17.375386176729258,46.9003089413834
67.69722493391697,110.55777994713355
45.517869195410285,56.21429535632823
36.70478169163085,59.96382535330467
4.642655483962255,19.314124387169798
44.4538915254046,67.96311322032366
23.48925573873605,46.991404590988836
18.65674497429991,60.52539597943992
42.20290763296758,71.56232610637406
67.26374194782429,72.41099355825943
64.97832853631672,86.78266282905338
7.581598700455661,64.26527896036451
75.57335416443732,93.45868333154985
68.31716617293506,66.05373293834805
95.09375114586408,129.47500091669127
48.057991891531394,63.04639351322511
34.360367558051706,31.688294046441367
95.90363626806632,127.12290901445306
46.280556469602686,66.42444517568215
56.93995804125716,93.55196643300572
87.06297686129717,75.05038148903773
33.55779816530264,52.046238532242114
25.409728509500752,29.9277828076006
86.51243595581846,122.00994876465475
63.007948608742815,78.60635888699424
94.19620844382044,89.75696675505634
16.21674454950057,48.973395639600454
30.270575270233845,45.81646021618707
97.62600940810344,96.10080752648275
30.09355416920353,24.074843335362825
17.144093903197145,54.51527512255771
44.356447783079474,35.48515822646358
28.240478821132587,36.39238305690607
73.29044579032559,110.83235663226046
60.086072331398235,102.66885786511858
6.368070679486704,15.89445654358936
67.75086573561092,67.40069258848874
11.603912701860287,38.08313016148822
69.81281347028757,103.25025077623005
69.68769471077752,100.75015576862202
87.083992977941,82.8671943823528
6.068160664606093,4.854528531684874
67.15604383828628,86.12483507062902
50.264967861623276,61.211974289298624
2.258727834934382,26.406982267947498
92.61684439245002,122.69347551396001
77.00743181591075,74.2059454527286
81.02058419357847,67.21646735486279
96.69615306420319,91.15692245136255
16.629772543198808,68.50381803455903
76.33882632700494,74.27106106160396
17.44623618761879,16.356988950095033
82.39757581271849,66.51806065017479
76.59524040466536,76.87619232373228
61.57747271562349,83.46197817249879
54.77591067405258,61.22072853924206
48.799811976081386,63.0398495808651
18.008142255246952,74.40651380419754
37.339306302314945,62.27144504185195
70.64811322582398,76.91849058065918
7.919204107021649,32.135363285617316
46.37508670193958,60.50006936155167
44.8718243325678,90.49745946605422
10.038164348818345,50.63053147905467
83.61121040121346,106.48896832097076
72.20587427388162,98.5646994191053
41.81644982802525,39.4531598624202
45.53459147029499,88.62767317623599
35.76844492457511,68.21475593966008
26.259084972317346,51.00726797785387
33.180391320417925,76.94431305633434
10.772685403923422,12.818148323138738
10.999507094219362,14.799605675375489
12.458817151281165,58.56705372102492
36.09531837955542,31.276254703644337
54.04281520875788,52.234252167006304
5.537825477198788,26.030260381759025
26.75974693246681,43.007797545973446
73.86303485805138,78.8904278864411
73.3260955834739,60.46087646677912
12.325004598752553,57.26000367900203
84.94619989382987,108.1569599150639
78.82165279332098,84.65732223465679
64.36462763714508,76.09170210971607
30.411990536815313,53.72959242945225
88.69286949787968,81.75429559830374
65.38065192702278,82.90452154161822
72.21268528825469,113.57014823060373
5.674505245682015,58.539604196545596
80.26573922449978,117.01259137959983
79.69783466880216,109.35826773504172
57.66627880018872,68.93302304015097
78.74590047739045,121.79672038191235
54.877509358360655,82.30200748668852
65.61822424269448,92.69457939415557
70.81421406963452,69.25137125570761
33.82046456470806,48.65637165176645
40.86109249791702,82.48887399833362
39.91992104391945,90.73593683513556
43.859179848789175,80.08734387903134
6.852915038040819,52.88233203043265
17.233607973757003,70.18688637900559
29.910168667369074,64.12813493389525
92.52566001901347,104.02052801521077
70.41479471697578,114.53183577358061
56.89197490732977,47.31357992586381
91.27931357611236,108.42345086088989
0.06805657298428747,24.054445258387425
36.94961995380752,59.55969596304601
4.07990577722509,11.063924621780071
34.139579458897884,57.3116635671183
39.930442168238656,45.14435373459092
83.64113162780497,93.91290530224396
29.44932150595546,37.35945720476437
55.50449004902297,60.60359203921838
70.91696170380327,72.93356936304261
84.2320122699647,120.18560981597176
47.578121610527326,86.06249728842184
6.268874812017056,29.61509984961364
33.63197655506388,55.105581244051095
58.67046957707528,106.33637566166021
1.7155611592837405,15.17244892742699
55.120082773433076,86.69606621874645
71.55831593595967,65.04665274876774
22.210985819605845,33.368788655684675
26.319061722088666,78.05524937767092
46.94490199896052,76.55592159916841
91.92469970129561,94.53975976103649
45.8820529849738,64.90564238797903
14.229002305703398,51.58320184456271
3.9191818943064005,16.33534551544512
69.53923222808504,106.03138578246802
44.246575639343924,87.59726051147513
76.27057998319941,77.81646398655953
96.97726617309321,94.98181293847456
48.574096148549096,68.25927691883928
2.418923413127627,16.935138730502096
14.180183057754759,13.744146446203807
1.7479004757100514,18.19832038056804
74.54370895482707,101.63496716386166
41.900230827072214,82.72018466165775
12.754777909531489,57.00382232762518
44.26237292924833,41.409898343398666
9.421765273395089,11.13741221871607
52.17308601600518,74.13846881280413
91.1010814574392,77.08086516595137
48.194005519994654,55.35520441599572
84.08523839725571,80.46819071780457
42.579935274018986,92.26394821921518
0.2549087801605232,46.40392702412841
63.036306063492354,106.22904485079388
92.57611545704118,74.06089236563295
43.340547326441694,69.47243786115334
42.055376911723016,36.64430152937842
77.56348167340474,76.45078533872379
96.48956395724821,82.59165116579857
10.528917884408706,39.62313430752695
91.83626996175038,96.2690159694003
94.67619181866932,132.14095345493544
18.575485784161305,29.86038862732904
75.8452849372842,63.07622794982736
75.88793228003324,75.1103458240266
89.91669847345167,124.73335877876133
29.92137725780738,32.337101806245904
86.32408633097397,127.25926906477916
96.01219199854943,126.60975359883955
29.23412779362241,35.38730223489793
52.54479196087236,97.83583356869788
17.302896543933578,45.042317235146854
93.36016062645905,84.88812850116724
92.18101453554026,124.74481162843219
72.63714645908188,94.1097171672655
56.28674492194716,76.22939593755773
37.556973743987676,62.44557899519013
41.95135616558636,52.16108493246909
13.626062414569716,57.10084993165576
53.232582441613644,68.38606595329091
54.42429180835751,70.539433446686
52.2037090711731,86.76296725693848
92.77061350186966,79.61649080149573
35.505323144511536,59.00425851560922
60.3886386377074,83.71091091016592
16.67384720074524,13.339077760596192
58.4056028603939,102.52448228831511
99.10329584542724,83.4826366763418
54.97434180829362,82.9794734466349
35.79810663922728,42.438485311381825
79.7504758838344,86.0003807070675
6.948256029685174,48.75860482374813
86.34065623252346,108.07252498601875
73.37480757724688,82.0998460617975
2.742677252195369,33.994141801756285
69.9309333262048,94.34474666096384
21.036212650952812,36.028970120762246
4.946391569080566,24.95711325526445
47.04956886649148,63.43965509319318
69.859929265691,73.8879434125528
33.822406178923345,82.25792494313866
67.94075578417981,62.75260462734385
42.160518793864455,81.72841503509156
15.217514711485025,32.57401176918802
64.68609039161282,88.94887231329025
75.66376360173005,118.73101088138404
70.9856782623782,111.38854260990254
52.06296125157447,88.45036900125956
13.475478790766381,21.580383032613103
93.81506682951058,76.85205346360847
85.49846209271153,78.59876967416923
65.27967758798636,107.42374207038907
46.364972584842256,40.691978067873805
85.56877376177802,99.05501900942241
23.097490798708453,29.87799263896676
99.03859205226276,117.6308736418102
18.1579624112721,68.52636992901766
30.160616790406912,52.928493432325524
44.86748919866649,41.89399135893319
93.20666898242386,130.96533518593907
43.418356783517545,88.13468542681403
33.77880695519545,39.02304556415636
55.46890056740901,64.1751204539272
25.40353428398595,64.72282742718875
49.420746243530154,99.53659699482411
86.01937210280717,85.61549768224573
91.61687720190402,124.2935017615232
93.37997994261342,126.30398395409071
12.313195163346013,45.2505561306768
69.62473880817394,62.29979104653916
20.665030549255704,23.73202443940456
68.6028724595429,79.48229796763431
95.62295518516842,81.89836414813473
89.26491797490394,108.61193437992314
1.6466666871004954,5.517333349680396
54.73778204140809,55.190225633126474
31.62843176365301,60.702745410922404
91.75118888751332,92.60095111001067
39.04615444088068,41.43692355270454
91.53549638053386,103.82839710442708
60.493040422064084,98.79443233765126
9.095121328274846,16.276097062619876
24.864320899319946,58.89145671945595
54.88344273239431,82.30675418591544
87.61452891407386,85.69162313125908
19.36637626930182,16.09310101544146
83.47621784487092,79.98097427589674
19.45294482036195,27.562355856289557
16.595344534221844,45.07627562737747
85.3538800167334,76.68310401338672
38.50813059195302,62.00650447356241
41.94872223551355,34.758977788410846
0.7872202008947671,46.8297761607158
41.5516055170732,84.24128441365855
1.9824953892290442,23.185996311383228
70.90546431267744,114.32437145014194
22.167931150522545,33.93434492041803
4.53296845608997,16.82637476487197
28.340245161069642,71.27219612885571
80.99945072762011,94.19956058209608
47.437135775307226,77.54970862024578
33.46462773957776,28.571702191662208
49.47915522494304,51.58332417995443
47.740537818031456,41.19243025442517
37.99854472968435,38.79883578374748
65.57827375694902,76.46261900555922
69.31872764908572,111.25498211926856
30.256971099204645,30.20557687936372
97.58572564229873,126.66858051383898
17.363794825497415,48.09103586039793
87.83046519579086,124.86437215663267
89.5868327859312,105.86946622874495
9.832996162492424,36.06639692999393
43.445596414587506,50.35647713167
44.0521112034363,40.041688962749035
14.006956120970681,28.605564896776542
91.60455797186131,116.48364637748904
10.30403704918914,9.443229639351312
8.691525067599738,25.553220054079784
34.0197366836639,32.01578934693112
99.52096691296536,119.81677353037229
30.83400629846641,63.66720503877312
34.43211860701992,80.34569488561593
41.00047741091903,56.200381928735226
9.33748893927573,35.669991151420575
73.73348543649392,60.18678834919514
10.637180167533089,8.509744134026471
87.12631033146654,111.70104826517323
67.9769115445007,101.78152923560054
95.66012164770305,83.72809731816244
79.01837684282704,86.01470147426163
14.829704377156416,34.66376350172513
53.58025993891394,63.264207951131155
8.96493409453284,10.171947275626271
18.920357593341798,31.336286074673435
38.36062306922816,79.88849845538252
38.02794385475816,34.02235508380653
86.19685296308683,113.95748237046945
86.49986183561299,126.19988946849038
45.65705956311,84.525647650488
87.20076887284921,95.56061509827937
66.70339494675771,97.16271595740616
69.69648782550705,68.35719026040564
40.61543856486096,85.29235085188876
53.18312708655261,62.94650166924208
33.41576986604885,43.532615892839075
59.298571491746934,48.038857193397554
98.37389229426161,127.29911383540929
73.93582188228837,77.74865750583069
82.83268217961538,74.66614574369231
12.515868341236104,45.41269467298888
62.12954069099992,53.30363255279994
82.85594238582685,92.08475390866148
67.80646849080017,93.24517479264014
68.53056207178388,104.02444965742708
6.269492892561679,21.21559431404934
92.18788080298732,116.95030464238985
88.67531742347416,127.34025393877931
79.84077929710357,93.87262343768285
38.904427681343854,61.72354214507508
58.78874251869218,93.83099401495375
88.91606752022285,110.73285401617828
98.67750742408575,120.34200593926859
39.656089472276655,40.124871577821324
83.05053799086647,112.64043039269318
32.7802374655685,32.824189972454796
20.730553012135534,37.58444240970842
48.89797298696082,61.91837838956866
73.28695293799187,68.8295623503935
1.3597078678093566,43.687766294247474
9.574632443179954,50.25970595454395
53.306077649320414,62.44486211945633
41.72318162628939,58.57854530103151
0.4598345637572554,33.9678676510058
18.667456992016984,43.73396559361358
19.30631664874508,28.645053318996062
14.952957996486626,43.7623663971893
47.62629350004269,45.30103480003415
67.80285266774982,69.24228213419985
17.406513896153054,38.525211116922435
19.771587974439917,56.617270379551925
77.95127454159574,89.36101963327658
94.9056201519709,100.52449612157672
41.37417503818421,63.69934003054737
31.461522462873226,37.769217970298584
6.3744157984851,9.899532638788079
75.29649167241708,72.23719333793366
50.723712746045734,60.37897019683659
87.18499417662159,72.74799534129727
17.068489412514143,39.454791530011306
37.216540784646035,60.973232627716826
43.21343833203832,42.97075066563066
31.13165961274682,56.70532769019745
73.6516750814887,78.72134006519096
22.893450330771593,33.91476026461727
80.99100670017368,76.19280536013895
40.66308628358855,51.730469026870836
43.51002359943358,59.40801887954686
88.63846491995558,105.11077193596446
35.36756990074168,79.89405592059333
18.444395711411453,55.55551656912915
56.186268655897834,101.34901492471826
64.93678091522051,68.14942473217641
86.82861822720382,70.06289458176305
49.64606759915478,49.31685407932383
90.263462856183,101.0107702849464
60.83512653757952,96.0681012300636
62.38470791461934,84.10776633169547
28.358552785898404,38.88684222871872
19.470392462270514,51.576313969816404
4.238345233853558,31.59067618708284
48.33578605584804,87.26862884467843
83.95759834297259,105.56607867437806
39.60978785571881,41.287830284575044
94.112053520484,92.68964281638719
0.08310972676659478,1.8664877814132754
30.384157989812643,81.9073263918501
2.1295228863791094,30.50361830910328
59.80714074340554,61.04571259472443
50.7321952933893,68.18575623471145
5.724121983868735,64.57929758709497
25.57393744947746,66.05914995958196
34.60410463499463,32.4832837079957
76.59644608551015,92.47715686840812
0.4580039570847516,14.166403165667798
52.817851673114625,42.2542813384917
66.29550912069398,95.63640729655518
11.494843663470554,59.59587493077643
38.91081322887866,70.72865058310292
38.942356014544664,37.153884811635734
36.83180749887644,32.46544599910115
73.66976472110004,81.73581177688003
10.715534047675778,12.172427238140623
53.596931647460835,99.27754531796865
14.786028839348663,56.82882307147892
22.848338241984845,50.67867059358787
10.660864457032936,23.528691565626346
67.47040842953382,78.57632674362705
34.39780758647933,32.91824606918347
19.57504623127718,60.66003698502174
85.04444283670726,93.23555426936582
45.03310438884534,82.22648351107625
12.45874575404068,35.76699660323254
57.77383492430938,73.2190679394475
37.07976322466059,87.86381057972847
96.78851052686818,115.83080842149454
18.75482378841209,45.603859030729666
75.74414230009745,104.99531384007796
41.245540938803096,70.19643275104247
68.05283440551123,105.44226752440898
27.629333709544525,78.5034669676356
52.171070345879265,97.5368562767034
68.69146889452371,86.15317511561896
11.857511848429958,16.086009478743964
75.40528747758961,104.72422998207168
65.88231654088263,59.305853232706106
72.53688236121147,95.22950588896916
96.24047576465175,130.9923806117214
89.56636821869522,88.45309457495617
40.04512515322956,48.23610012258365
83.44497855342668,117.75598284274133
68.70622414572655,62.16497931658124
26.5873686002701,68.06989488021607
16.61573723764097,18.092589790112775
56.65448260707628,53.123586085661024
37.49882014563563,64.7990561165085
76.86721541833272,111.29377233466616
96.30040184223702,104.64032147378961
40.79842185782405,92.63873748625923
73.03132064226087,91.4250565138087
27.97717248892483,27.781737991139863
9.450575037805232,48.36046003024418
48.931871502137625,46.345497201710096
4.25021237183153,55.00016989746521
45.34427700748274,86.07542160598618
18.49780656933038,23.1982452554643
94.66066004053967,75.72852803243174
90.57189314416131,118.05751451532905
22.458958002076624,24.567166401661297
37.58993860999431,82.87195088799544
37.982176280202786,51.98574102416222
58.3544534590912,67.08356276727295
54.2606693912867,65.60853551302935
83.91467900602538,70.7317432048203
84.37620340680661,125.10096272544527
62.87687030437008,88.10149624349606
82.06699226692528,110.65359381354023
7.557826334174511,12.646261067339609
88.05540411042332,80.64432328833867
34.08084360053358,51.26467488042686
75.89637883510451,102.11710306808361
89.36458258942226,76.2916660715378
10.742478002838462,58.99398240227076
29.983771335243947,56.98701706819515
51.39801554258805,66.91841243407043
93.74242135894704,82.19393708715764
99.85145847776234,118.88116678220987
18.048202471532516,58.83856197722601
96.21888229996118,102.77510583996894
91.23838290959813,83.7907063276785
11.812700296324763,38.2501602370598
69.35858418014163,71.0868673441133
64.80549933337926,77.6443994667034
42.08999823389469,85.27199858711575
86.80946230180282,121.04756984144225
44.95316023434924,94.16252818747938
67.77115473694106,59.61692378955285
24.5284683407485,52.622774672598794
7.948234565208113,19.558587652166487
27.495381651726735,48.996305321381385
85.05494980580946,125.64395984464755
70.8697512024149,64.49580096193192
50.044044898696214,86.83523591895695
30.33059120060634,66.26447296048507
15.348772151096668,42.27901772087733
52.45873655981794,53.366989247854356
6.77234432944892,9.617875463559136
87.9134061503813,120.73072492030504
55.16570254213209,83.73256203370568
86.4408777065635,95.55270216525079
33.91958245446565,46.33566596357252
94.62579710381725,88.3006376830538
0.8254043841019687,10.260323507281573
29.145437416723972,50.31634993337917
60.957433398742154,69.76594671899372
4.212879186044615,49.57030334883568
11.435426431690743,49.348341145352585
0.3345706659845904,17.667656532787667
98.31381958049094,132.05105566439275
85.36363970701775,73.09091176561421
48.81666569874219,52.253332558993755
44.56477047523428,45.85181638018742
45.41595480275259,58.532763842202066
54.713840583528594,95.37107246682287
87.75257870568467,90.00206296454773
88.20747970531161,102.3659837642493
20.924806613897896,52.739845291118314
29.098487969222507,71.278790375378
4.262940595627618,50.21035247650208
56.58712963381704,64.46970370705364
9.797950335616058,36.03836026849284
26.474857505886707,54.17988600470936
68.33347315843122,94.86677852674497
53.92232672369472,58.137861378955776
70.73881370155298,99.19105096124238
48.37510980494258,41.700087843954066
78.73865821343396,74.39092657074717
81.89835930751617,114.11868744601293
81.34146529249067,114.27317223399253
77.63517292051156,98.70813833640925
83.33263920216744,78.66611136173395
71.04444272443308,82.63555417954646
68.30761211035878,111.046089688287
2.4178331454260182,17.53426651634081
60.130756255277184,63.10460500422175
93.1265000347018,103.90120002776143
99.31753363163006,120.25402690530404
7.64527429170847,8.516219433366775
29.075676590469378,42.4605412723755
81.63426613088815,91.70741290471051
29.630240827959764,44.70419266236781
36.31405122458272,78.25124097966616
18.139232248904126,72.71138579912329
29.257661099936428,82.80612887994913
71.43183476573365,72.74546781258692
66.46144244044928,90.96915395235942
1.5720665934938705,31.25765327479509
60.996834803863685,97.99746784309093
80.69238398335513,110.15390718668408
94.96362021159264,134.7708961692741
81.92078034407973,79.33662427526379
87.70463765530579,70.76371012424462
66.51531315976763,58.612250527814105
92.45583541762088,75.1646683340967
95.95007055577558,92.96005644462048
69.35455403771158,56.083643230169265
85.77746492234608,87.82197193787687
76.84434863269732,118.47547890615785
72.72537232446314,65.38029785957052
70.8997842629404,105.91982741035231
0.8258652586238924,30.660692206899107
9.286849419184339,31.429479535347465
47.20836974869126,67.76669579895301
51.470605007813006,58.576484006250396
18.447585766663078,26.758068613330458
93.90401150311037,122.52320920248829
88.95538036820219,73.56430429456175
72.39889396072667,60.319115168581334
22.285923727287205,31.628738981829763
73.4086431701645,68.9269145361316
5.592124373891904,53.07369949911351
37.85634024198411,30.285072193587286
88.2660921026744,71.21287368213952
35.18748630869878,62.94998904695902
68.06308504582427,83.85046803665941
77.50699626532442,80.60559701225952
89.93984391944255,106.75187513555403
91.94711781499619,123.95769425199694
69.98571442671829,107.58857154137462
76.74416471234736,67.99533176987788
59.19426212364848,68.35540969891878
77.14675049993569,62.91740039994856
30.130903714219258,77.5047229713754
53.52630726761352,98.0210458140908
52.97749090813373,65.78199272650699
7.126406736894319,14.701125389515454
34.02508226501916,45.82006581201532
82.76117080228573,83.60893664182858
87.58755360305861,92.87004288244688
88.82532042689229,84.26025634151384
29.70357791144268,34.56286232915414
0.6796748010382436,58.743739840830585
50.0654908591726,77.85239268733807
34.46947868766763,79.1755829501341
96.3340101107028,96.26720808856226
9.496476889298034,50.197181511438416
48.344566395437106,68.07565311634968
78.9558982357495,102.1647185885996
86.31546442808585,123.65237154246867
55.66910376678963,72.1352830134317
14.439869784387449,63.15189582750995
0.39947221173911585,2.1195777693912925
30.50837923103401,38.80670338482721
92.01348810714902,125.2107904857192
56.68289511791793,84.94631609433435
13.035728170294213,49.42858253623537
97.90360080174064,131.1228806413925
91.02873545916458,130.42298836733164
85.3275658554393,71.86205268435144
23.627674444627644,55.502139555702115
5.109443655772317,5.287554924617854
84.12219351785903,109.29775481428723
34.901066020175556,79.52085281614043
21.132660149974058,66.10612811997923
81.77684379453088,108.6214750356247
63.66662340205905,94.13329872164724
33.20682907813003,27.165463262504026
59.0181752110674,58.01454016885392
33.13355518010426,28.30684414408341
95.66670763144329,98.73336610515463
2.5043900496898974,56.003512039751904
87.04016076187035,78.03212860949628
11.582447966289976,60.265958373031964
2.656533598588129,20.1252268788705
79.84729361647452,104.67783489317961
72.10778103324603,73.28622482659682
44.41020185503051,53.52816148402441
84.05703279661502,87.04562623729201
25.717833733080518,76.9742669864644
5.896370167248155,22.11709613379852
13.19784852655359,41.15827882124287
21.13151361506881,51.10521089205504
64.64522189910227,64.31617751928181
57.70630546709599,97.16504437367678
77.08523486634185,62.26818789307348
5.615580517092978,49.49246441367438
45.05363533319879,60.642908266559026
94.00104137060613,79.40083309648492
72.00693552528703,67.80554842022963
90.71478698204568,112.77182958563654
44.111832721704694,94.68946617736374
36.064480808436606,48.05158464674928
4.542179991084594,48.633743992867664
76.77794419020914,86.62235535216732
95.67502812176197,130.54002249740955
95.8536792743,87.48294341944
70.95290171546442,81.96232137237153
49.84592658028336,41.67674126422669
14.240458456229666,18.592366764983733
74.47133048107655,73.97706438486124
31.803390442830782,48.84271235426462
11.415142710367787,38.53211416829423
84.94389923870247,127.35511939096196
85.77948885294705,72.82359108235765
24.472140564869328,75.37771245189546
9.098641332299383,61.8789130658395
19.624241536083563,19.29939322886685
94.99340623900774,135.99472499120617
31.028573335559418,31.422858668447535
59.513161385385295,49.41052910830824
3.208531404227666,52.36682512338212
55.814952333339384,46.45196186667151
6.0548513558862265,37.243881084708974
54.77309179586549,83.41847343669238
72.6322038817365,104.30576310538919
77.10273540376006,78.48218832300805
9.439876452065455,62.151901161652354
39.928187221120545,64.94254977689643
22.951802342565074,69.36144187405205
67.60076162351858,66.08060929881486
81.86963578243423,93.69570862594738
14.28397094342837,46.82717675474269
73.46967939541209,99.57574351632965
40.98717874926018,54.38974299940814
58.325226973315935,99.46018157865274
49.199646436318524,76.55971714905482
68.91843150275292,74.93474520220234
29.97373862630852,45.57899090104681
62.44992070360087,69.7599365628807
0.17030978821196419,39.73624783056957
29.578283431318397,69.86262674505471
3.408397945463437,30.926718356370742
74.20557384122382,106.76445907297905
9.703864002959017,37.16309120236721
32.63698926748243,63.30959141398593
69.74268126645498,77.99414501316397
58.08594220132524,91.46875376106019
81.9924286360678,111.19394290885424
97.8354356251834,96.86834850014671
67.16028702325762,66.9282296186061
27.24011361966977,41.592090895735815
76.84493619084859,97.47594895267886
47.590968209022286,55.472774567217826
75.87676990780075,84.7014159262406
24.12984125849309,60.103873006794466
13.067717438732684,34.45417395098614
75.47799374090307,75.38239499272245
61.76072354419647,54.80857883535718
92.08476707767835,107.86781366214268
45.88754536472247,93.71003629177795
77.55747926189511,120.24598340951607
7.29167772221656,49.63334217777324
27.101353666474047,54.68108293317923
77.3945098076779,72.71560784614232
32.83121521834671,58.064972174677365
67.06013863981146,88.44811091184916
71.45631767483206,69.16505413986565
10.17448910363571,26.13959128290856
69.79116047121134,72.03292837696907
88.84752612218891,117.87802089775113
51.821130710930674,63.056904568744535
56.696892715792636,68.7575141726341
85.34004304674971,77.87203443739976
86.27857069559361,96.62285655647489
57.582072939031846,78.46565835122547
71.02657885732188,86.82126308585751
81.16909265318122,105.73527412254498
72.72998895514813,90.5839911641185
3.7630045200600537,51.61040361604803
26.85915121591679,59.287320972733426
76.51353137729866,84.61082510183893
34.80410195217397,72.84328156173918
53.603572320353535,83.08285785628283
23.693012681273483,23.154410145018787
70.53419736571459,73.22735789257167
64.05657871252728,58.44526297002182
61.66784498884146,74.53427599107317
18.384919224032416,69.90793537922592
31.67656888602214,52.94125510881771
58.23102548983895,69.38482039187116
51.17174045146402,40.93739236117122
17.424258906020118,28.33940712481609
61.30473417016391,56.24378733613113
19.90619446206251,63.924955569649995
0.200880635973677,58.36070450877893
63.03975389176498,54.03180311341199
32.145990316947604,44.91679225355808
85.58783063717615,108.67026450974092
31.409986879867425,61.127989503893936
66.62799210409935,106.70239368327947
68.82054463574616,112.65643570859692
45.25216882369243,92.60173505895392
22.4653227225601,28.172258178048075
68.84833269352153,88.07866615481723
77.11672518317195,70.09338014653756
38.25692865168412,36.60554292134729
1.0843276438438187,18.26746211507505
63.20612186081978,53.564897488655824
53.327295400546795,85.26183632043742
8.722273531481772,33.377818825185415
50.525629695185415,42.22050375614833
62.83729821503085,106.66983857202467
81.84295380976322,108.67436304781056
31.29427803629621,27.43542242903697
97.63210291014046,80.50568232811239
34.935913673193966,32.148730938555175
66.09855155592001,111.67884124473599
15.696772370644185,23.357417896515344
78.12673308289723,76.30138646631778
83.16521882750271,122.33217506200216
69.45950952639146,78.96760762111316
10.228539342883746,15.982831474306995
3.935168602901118,28.948134882320886
35.763057663427375,86.8104461307419
85.12218778399654,89.69775022719723
24.429251421830813,61.54340113746464
43.93065259232137,71.14452207385709
55.86876563789244,47.69501251031395
69.59245729540172,111.47396583632136
53.29114735072962,46.83291788058369
68.16546756874655,96.53237405499723
63.13518926535798,85.30815141228638
70.01977042177401,109.4158163374192
29.133600852639162,29.90688068211133
16.752849242766853,43.40227939421348
43.39709309850489,41.91767447880391
54.43613851746015,102.9489108139681
66.50278534353518,103.00222827482813
61.958281171556294,66.96662493724503
87.20791298867032,81.76633039093626
45.15641998163517,75.72513598530813
25.52691603059507,40.82153282447605
29.8640277706641,79.69122221653127
27.559855902156528,38.24788472172522
89.2916551904635,84.0333241523708
73.32784743839538,100.6622779507163
54.12636049959616,43.30108839967693
47.56268360500193,93.25014688400154
96.36744388261016,77.09395510608813
36.364941908380914,83.69195352670472
20.107227550969455,35.28578204077556
23.00401734633606,28.603213877068846
39.989722395071446,88.99177791605715
10.110021340810826,45.28801707264865
5.207115438174115,39.56569235053928
28.456015424618954,68.36481233969515
37.3744243355275,67.69953946842199
67.04030988078844,87.83224790463075
81.74488769504508,121.79591015603606
24.616576434737546,26.293261147790037
45.236086429096844,93.78886914327747
41.45531002682492,87.16424802145991
43.58379448406193,67.86703558724955
29.43586089489384,43.348688715915074
68.40763898642993,66.72611118914395
67.9451918341242,95.15615346729936
60.51731392369837,62.213851138958695
56.335851367304265,73.8686810938434
72.6952958330237,65.95623666641897
9.319678723116532,63.85574297849321
88.91912992305527,107.1353039384442
76.74501496276403,98.59601197021121
43.536036205558545,88.22882896444682
85.88826139858674,120.91060911886937
10.260717229803806,35.208573783843036
24.15504874390959,46.324038995127665
40.27545117340725,82.62036093872578
77.74036352976768,64.59229082381415
58.931411297777416,87.94512903822192
39.975049183508716,81.18003934680696
14.048797967942006,20.839038374353603
77.71320505807502,76.57056404646
62.688964557579276,91.55117164606341
66.11519457790473,69.09215566232379
4.243623247654249,25.594898598123393
31.23763075041861,56.19010460033488
13.536221637050295,67.82897730964022
95.11921322249513,132.49537057799608
50.2778896436485,79.22231171491879
64.09628621706042,51.27702897364834
56.78125841076797,96.42500672861436
42.76166379132763,72.60933103306209
22.79279634502005,44.03423707601603
71.02974235467278,105.42379388373821
42.29229881399189,55.43383905119351
50.52558293499001,48.22046634799201
3.8337820028668146,63.06702560229344
91.01959987950936,108.21567990360748
9.508361951177658,30.40668956094212
43.404499171308196,62.32359933704655
39.22983291402537,83.58386633122029
72.66754555927022,110.33403644741617
37.6107241935425,85.28857935483398
39.65382752950032,34.72306202360026
91.36641841549375,76.093134732395
60.71958387726153,81.57566710180922
73.24036425424507,62.192291403396055
3.2802075468047476,45.82416603744379
13.359288752422838,61.08743100193826
57.36546134710798,72.89236907768638
5.034177329933643,8.827341863946913
86.59247262854508,107.67397810283606
87.82400737875203,76.25920590300163
10.125461925557133,17.100369540445705
22.514131779793356,43.81130542383468
90.23269430907563,128.5861554472605
5.430292331278541,17.544233865022832
6.742854615198279,46.794283692158615
72.78471998957131,93.02777599165705
37.276563310424024,57.42125064833921
77.2115915836875,103.76927326695
33.08143402937229,37.265147223497834
79.51702735920193,94.81362188736153
89.07845960640918,97.06276768512734
3.0586077712772664,20.44688621702181
67.25501696245377,64.60401356996302
87.84747277404001,70.877978219232
76.51771832807277,120.6141746624582
70.7107920371395,72.76863362971159
90.60760710196317,97.08608568157054
25.576785587972118,42.66142847037769
14.674024820571463,57.93921985645716
59.612143466172164,78.88971477293772
53.449739984947065,87.75979198795764
70.78911577141459,65.03129261713167
71.93008316994174,115.74406653595338
91.02966190276427,125.62372952221142
11.325342134635052,23.46027370770804
58.396283282901706,83.31702662632136
39.56665014386771,37.65332011509417
54.13767771978243,83.51014217582593
2.095548419488358,59.27643873559067
75.92155217477854,66.13724173982283
79.45294831571029,72.56235865256824
20.00775142132978,16.606201137063824
44.155916930653284,52.72473354452262
64.69161288212327,87.1532903056986
85.56851805442925,78.6548144435434
22.658829478647558,58.327063582918036
39.75288590428513,57.0023087234281
89.89542099016508,101.31633679213206
10.352984363930995,48.482387491144785
30.483074611489435,41.786459689191545
57.17307171614635,74.53845737291708
79.3404360226783,122.27234881814263
47.9356313881871,96.54850511054967
4.720434021782804,34.376347217426236
5.11060074032923,7.688480592263383
0.46788447648037357,54.974307581184284
3.932521746889206,3.7460173975113644
29.600536800285827,35.680429440228664
39.08757877343966,37.27006301875173
15.123084359394811,16.89846748751585
6.590885540198688,41.872708432158944
5.456260541979086,31.365008433583263
91.15584240010249,94.52467392008198
12.119035231040376,43.8952281848323
99.30053038810975,91.4404243104878
68.79211407580222,60.43369126064177
86.29601251924,84.63681001539199
80.38028994983944,82.30423195987156
57.238951594608544,60.19116127568684
36.70341426408525,63.562731411268196
67.01047309558288,85.4083784764663
78.06358254276421,108.65086603421136
81.20285661207359,90.76228528965888
98.10049539926263,113.8803963194101
81.57356482156686,68.25885185725349
95.442676974578,104.5541415796624
39.548524858898524,35.83881988711882
33.302522136578226,79.44201770926257
45.52571115614524,96.42056892491618
9.710214783142401,67.16817182651391
25.092674073150178,31.47413925852014
48.8945311293273,58.91562490346184
29.650856189928387,45.920684951942704
14.888027744815513,34.11042219585241
91.92489608970432,80.13991687176345
22.31979373288169,73.65583498630534
42.730790495579555,51.58463239646365
24.516373613429376,33.4130988907435
22.573427699725713,18.658742159780573
2.0168257148068913,17.21346057184551
79.69498323746066,109.95598658996852
1.2362976708001905,33.389038136640146
70.85988869691387,76.4879109575311
42.14790400678529,36.11832320542823
79.02718056761286,83.62174445409029
70.2320226468505,74.1856181174804
28.433073015019637,28.746458412015713
73.34941268944405,68.87953015155524
99.32687700997145,95.66150160797716
9.159606389043018,60.72768511123441
97.30575079145693,132.44460063316555
67.04227611548447,107.03382089238757
58.24403446724773,82.59522757379818
73.81157859505812,99.24926287604649
32.347973163757175,72.07837853100573
12.253967084698914,49.40317366775913
46.389326480084314,61.711461184067446
74.91006631311501,76.12805305049201
86.71000579925901,129.3680046394072
19.00351378081403,41.002811024651216
41.52336563252197,78.21869250601758
39.56018610184536,47.848148881476284
86.40001502485049,78.72001201988039
15.71766982694147,38.97413586155317
53.39053063801269,88.91242451041015
57.37596397130355,76.50077117704284
17.136554936971248,44.90924394957699
43.67617534905721,52.34094027924577
80.26106387069272,112.80885109655418
57.70226777697003,103.16181422157601
45.33806656357845,55.47045325086276
87.93163033786546,81.74530427029237
28.70447228125056,68.56357782500044
26.313646222694555,34.85091697815564
99.59595785668192,122.87676628534552
72.97597480660626,95.58077984528501
60.80114774623523,70.24091819698819
99.8620852420058,131.48966819360464
23.001768168835092,40.001414535068065
8.674839384098586,38.73987150727886
94.84415618333848,107.67532494667078
47.222719701057905,74.37817576084632
16.696339953411186,71.55707196272894
3.5383223539040998,52.03065788312327
53.62830384593856,54.90264307675085
59.94253407149112,88.75402725719289
61.092651330660885,74.6741210645287
26.413995877340145,26.531196701872116
12.987523380663635,36.79001870453091
79.64431694747955,82.31545355798363
14.501134898371559,11.600907918697247
55.509382896796374,52.2075063174371
55.43111417896734,95.34489134317386
36.93000960205611,88.34400768164488
27.423337176709094,67.53866974136727
61.37566886941516,79.70053509553213
78.04234566414804,83.43387653131843
89.6668301345197,83.13346410761575
55.02848555646881,76.42278844517504
66.58049920720845,97.06439936576675
55.494098065373244,70.1952784522986
29.771188844666842,61.61695107573347
29.679046194060398,55.54323695524832
33.51036657763119,52.60829326210495
64.27932341814765,74.22345873451812
4.565004911999626,59.45200392959969
54.00778618703398,91.20622894962717
51.35098586067578,63.28078868854062
24.943657410281894,38.554925928225515
56.167113996654386,69.5336911973235
14.85652662198641,71.88522129758911
52.1057842092752,50.68462736742016
72.16260816815385,86.53008653452308
14.244103716912216,51.59528297352976
28.033988584829462,24.82719086786357
95.6524281364554,115.52194250916432
18.38570197051127,15.308561576409017
76.68086888620002,80.54469510896001
10.04989589175821,18.839916713406566
88.89963418189484,123.91970734551586
9.893008501582157,61.91440680126571
82.93580299812469,74.14864239849975
34.99482184842038,54.3958574787363
41.3984646345545,33.718771707643604
11.026879674534973,34.62150373962797
13.550160587925152,32.44012847034011
94.41240139279809,110.92992111423847
27.341054439138045,40.47284355131043
10.847569859315321,15.878055887452255
72.16220797549457,100.92976638039565
24.616288073088633,22.693030458470908
17.678363123022333,28.542690498417862
38.629172795864065,40.50333823669125
61.106688155064724,53.68535052405178
50.686382480818345,68.74910598465468
94.03548359879956,126.82838687903964
84.9717691789454,69.77741534315632
24.070599560099048,58.85647964807923
99.89569677266391,126.71655741813112
76.33621822754941,91.66897458203952
39.18915030731661,66.15132024585327
27.74687088858263,28.797496710866103
80.41830495119412,115.33464396095528
19.150709821954482,35.120567857563586
61.4083542523831,104.32668340190648
13.58454501956613,48.667636015652896
79.37102636243688,90.49682108994949
8.681199762070168,11.744959809656134
36.77757111777499,82.22205689421997
20.104671701244726,74.88373736099577
62.09932333259452,101.8794586660756
92.521782783259,74.0174262266072
93.35310763313936,104.08248610651148
74.34999449732153,103.87999559785722
29.86767998994504,40.09414399195603
24.690971067634294,29.352776854107436
39.72363890995288,53.3789111279623
80.52762289699909,113.02209831759927
6.525822348967447,25.620657879173955
76.70427948586334,94.96342358869066
50.81371000939169,68.85096800751334
87.62983442214065,86.3038675377125
83.70733229623163,96.3658658369853
52.94977625096971,47.15982100077577
93.64053341589032,89.91242673271226
48.42055826441545,54.936446611532354
57.00955898925788,81.0076471914063
99.4543923635188,123.96351389081504
36.85094390609057,34.28075512487246
80.16080610873895,72.52864488699117
81.34772584288584,95.67818067430866
79.08578529243604,80.06862823394883
73.76022540696012,81.2081803255681
57.2487619492397,82.99900955939175
62.929131534552454,79.14330522764196
72.45476351331315,108.96381081065051
24.889730731957847,60.71178458556627
93.36709189375466,113.09367351500373
12.855561207524257,34.8844489660194
60.19480323546191,58.355842588369526
16.505226713516407,48.604181370813116
35.72493420931831,45.37994736745465
98.63455731678079,123.30764585342463
32.727679008636876,68.1821432069095
86.30013884830947,121.84011107864757
93.7197677603652,134.97581420829215
6.392568503312257,32.1140548026498
54.22896054618058,57.18316843694446
17.933665170466806,53.94693213637344
95.05809606930417,94.04647685544334
63.592173068951894,67.0737384551615
1.663862955710682,18.131090364568543
86.89805429154994,71.91844343323996
8.474647716141149,23.579718172912916
72.59207466772891,102.47365973418312
80.20856436583202,77.96685149266561
54.126149553981584,48.100919643185264
77.93188836037687,76.7455106883015
65.13516393678805,110.30813114943044
85.57926934163712,103.86341547330969
51.02557968217355,56.420463745738836
26.476423054240637,46.98113844339251
81.73564928685374,104.38851942948298
5.131682824489737,57.50534625959178
78.3922967245106,83.11383737960848
26.76213197821141,49.009705582569126
22.350886109981893,17.880708887985516
31.269108361819153,30.41528668945532
97.29451510258878,101.23561208207101
1.9518051777416612,44.76144414219332
68.19942449982811,94.75953959986248
33.735994758858,40.1887958070864
63.96057880472552,78.1684630437804
70.53296750155914,104.4263740012473
57.50681695371904,91.60545356297521
36.1818826895009,46.345506151600716
66.32797800807457,84.86238240645964
10.041241902079678,59.63299352166373
72.68964386805793,76.15171509444635
51.908956279099606,69.12716502327967
53.285244887490656,87.62819590999251
73.01005106047927,79.40804084838342
3.252024750174598,20.00161980013967
74.4303960743409,91.34431685947273
81.67362353039692,66.53889882431754
59.45755408304054,48.16604326643244
91.0579008549592,81.24632068396735
63.17842625924893,96.14274100739914
45.5065044674001,47.80520357392008
84.34339210859933,86.07471368687946
25.93529338236058,62.74823470588846
89.77363902021528,114.4189112161722
47.22459076485415,82.17967261188332
15.721795097939085,64.17743607835126
90.1943587524487,100.95548700195896
24.050723791189398,22.840579032951517
97.88912619975639,121.51130095980511
50.9648814234978,49.771905138798246
79.57507192281398,106.26005753825117
30.191165964119925,37.35293277129594
62.001267842454865,52.6010142739639
2.644143435612023,32.11531474848961
24.5613587379339,59.84908699034711
83.48368248807893,72.78694599046314
80.00454384062901,121.60363507250321
71.12533975214667,98.90027180171734
98.3419174829493,123.07353398635944
38.6371780297151,45.30974242377208
32.95249013035527,44.961992104284214
10.775591640838456,56.620473312670754
7.724023256338164,7.979218605070531
95.99076870380938,134.99261496304752
88.07741892783969,118.46193514227174
71.02164037422709,101.21731229938166
96.5307104214277,124.02456833714214
18.7764155815602,49.22113246524816
43.15792051433698,85.52633641146957
92.31499284162592,103.25199427330074
36.92406273422557,55.93925018738045
29.01982865163639,45.41586292130911
36.47663103752969,35.181304830023755
5.49981838451763,36.199854707614094
57.91958512705079,90.73566810164063
4.6886683013037995,34.950934641043034
43.22343189075971,48.37874551260777
22.539392829130378,62.431514263304294
2.6978710594473876,56.7582968475579
90.88900935974159,118.31120748779327
1.3029211879271085,4.042336950341686
52.92635780605082,63.94108624484065
22.858543175913116,24.88683454073049
34.45992394333992,76.16793915467193
28.359508931539203,40.08760714523136
25.952784126448847,62.76222730115907
27.07649602241773,70.86119681793417
2.0538043530334837,8.843043482426786
28.312193949114285,51.44975515929143
62.86258573861667,54.490068590893344
89.3911859623073,119.51294876984583
34.236421112936924,54.38913689034953
0.6521216518521777,19.121697321481737
93.7352401804779,127.18819214438231
13.835442296492728,66.26835383719417
78.95173735208604,65.56138988166884
79.22250133909138,101.17800107127309
28.459682607474047,51.56774608597924
30.22037233545308,63.17629786836246
46.09870500153663,89.0789640012293
33.35547742921479,81.28438194337181
13.371624314214781,57.497299451371816
96.2471585711734,123.19772685693871
37.12525375986158,44.10020300788926
97.09340231396818,102.27472185117455
74.07399847878001,80.859198783024
5.474306759413105,51.779445407530474
57.307441229421386,79.4459529835371
76.05673047672909,95.64538438138325
2.6421382600309684,2.1137106080247747
71.3356641072981,97.86853128583847
96.33008631218422,136.46406904974737
82.11470964819365,125.0917677185549
50.44979087539871,96.75983270031895
21.321615077857036,35.65729206228562
18.678963606730214,51.543170885384164
82.11663607115159,105.89330885692127
74.67691050498202,98.74152840398561
4.0648008522395145,41.651840681791604
7.18888284017215,65.15110627213771
3.8794714161194843,3.703577132895587
46.8769857208389,53.70158857667112
52.15050374593885,92.12040299675107
96.55116944377889,111.44093555502312
88.11892194135172,117.29513755308136
75.46647724300479,110.17318179440383
42.06870132236779,69.65496105789423
30.32238553474538,72.2579084277963
73.5643323024792,88.25146584198336
98.00394190060648,115.00315352048518
64.7499036101263,55.99992288810104
70.09442332638464,102.2755386611077
38.76365863805379,49.61092691044303
73.73563623324404,118.38850898659521
25.030696757824188,59.02455740625935
33.93870891527837,32.550967132222695
55.980768493002486,96.38461479440198
81.90002751939201,124.32002201551362
30.14498196015254,38.51598556812203
75.35874897886337,69.8869991830907
51.931767598592224,49.34541407887378
15.480430502865506,66.38434440229238
77.42652160488348,87.14121728390677
50.650555736376134,47.72044458910091
7.903433669934746,51.922746935947785
38.75191643426585,33.401533147412685
89.62970084502298,113.70376067601839
91.84925975541563,128.0794078043325
4.197257121084952,24.35780569686796
27.78875075625008,24.631000605000064
79.24339124693441,120.99471299754751
82.02414755995869,123.21931804796694
16.727831653551696,43.38226532284135
74.36880965521043,94.89504772416834
71.08733628341334,80.86986902673067
37.811873384806084,50.04949870784486
88.73827221634514,104.5906177730761
68.91368139152748,103.73094511322196
2.6521410174994653,45.92171281399956
81.3979051928314,96.91832415426512
1.3962596703171681,50.31700773625372
43.95285311295199,41.7622824903616
86.74323673726853,90.99458938981482
77.06990553567725,105.45592442854179
84.72741673664615,106.78193338931692
17.74604638053896,53.19683710443116
45.26057673269606,50.008461386156846
46.369563803186665,79.69565104254931
75.88951808677925,72.7116144694234
87.266725759179,116.0133806073432
53.75291562907192,79.00233250325753
43.66005840537257,68.52804672429805
70.62275052701276,82.2982004216102
10.25571384163404,19.004571073307233
51.43762986791779,64.55010389433423
65.60785016856617,92.08628013485293
65.21568279895664,69.5725462391653
72.12643661285492,95.50114929028393
74.41132737618685,106.32906190094947
55.37352355656422,57.49881884525138
90.59702038337795,113.27761630670236
82.8358673044882,123.86869384359056
71.38507377819072,91.30805902255257
62.43580673431603,109.34864538745282
71.0509016569161,89.24072132553287
97.29045970455374,78.43236776364299
44.12128664351833,57.49702931481466
42.87302610260677,42.698420882085415
55.224063575904324,45.37925086072347
86.43996794826641,75.75197435861313
68.50675708641164,111.8054056691293
33.92600050467966,43.94080040374373
47.425101254126865,89.54008100330148
11.152258937154425,14.921807149723538
36.53954246800052,43.031633974400414
33.50510144820083,49.004081158560666
42.23585972655479,68.58868778124383
50.302625811273295,45.042100649018636
32.414917659619235,55.33193412769538
91.26855218724529,116.21484174979622
90.44756624542123,74.15805299633698
44.26278888651144,85.81023110920914
79.18281147073199,72.34624917658559
6.884770754925729,40.907816603940574
70.1024801190679,59.08198409525433
67.30900120950014,94.0472009676001
53.79604423336406,95.83683538669123
98.62527793294143,95.70022234635314
82.2981819581629,67.03854556653033
7.089330323910259,9.871464259128206
0.20298178136934908,15.762385425095475
49.68336582447767,72.74669265958212
78.66347978942602,121.7307838315408
29.082682387182768,40.666145909746206
81.2945104623528,117.23560836988223
51.38944666535189,72.31155733228151
85.84769168484469,116.67815334787574
62.26766025466601,81.6141282037328
76.97986231298195,74.18388985038555
30.14168346937307,35.513346775498455
37.38510046603321,31.70808037282657
25.988874510538995,54.39109960843119
89.62923345470786,112.50338676376629
17.656000274384297,28.524800219507433
41.00129872594957,73.60103898075965
24.236434135070827,35.58914730805666
98.39244857985744,112.31395886388596
84.69895318531164,125.9591625482493
47.43759016157381,49.35007212925905
39.83105620902613,63.06484496722089
42.44615737352236,37.556925898817894
63.44790819000134,89.15832655200107
44.29598254035726,65.4367860322858
27.587782069641587,55.070225655713266
49.82657361009252,64.46125888807401
64.00117575003364,108.8009406000269
27.453818211097,73.56305456887759
97.74328223668935,108.79462578935149
96.05198983523141,128.44159186818513
0.3642183453536063,43.491374676282874
64.0936307224489,59.074904577959124
12.704215384990258,31.7633723079922
10.546665262037846,12.637332209630276
90.63025070746164,109.7042005659693
34.346487925127114,30.477190340101693
70.5066797277683,110.40534378221463
41.58339854498827,50.06671883599061
73.44852925917192,101.95882340733752
90.17496807228537,129.73997445782828
61.73112295198091,55.38489836158473
85.16381701007337,88.5310536080587
89.48406040303072,123.78724832242457
30.595257874164794,52.676206299331824
14.849384106128305,63.47950728490263
87.14743628676835,84.11794902941467
28.124986379518734,58.49998910361498
39.51669735449245,46.01335788359396
13.613364828810248,12.090691863048198
83.0344899699929,100.62759197599433
5.423243838502001,58.33859507080159
31.427135137989648,52.14170811039171
13.234561507066523,51.38764920565321
86.5172434876883,96.21379479015064
27.258386718485006,26.606709374788004
98.51591467727462,101.6127317418197
30.194978564758557,68.55598285180685
59.42490185792862,72.7399214863429
80.82974739017416,92.86379791213932
61.67653053520645,58.94122442816516
88.5662895438027,90.65303163504215
90.11449470557534,129.09159576446027
77.63153223334254,110.10522578667403
20.979998068852478,34.183998455081976
48.726162681396865,85.78093014511748
85.77496868953912,111.8199749516313
40.13527873803743,85.50822299042994
91.59430858417903,73.27544686734323
27.381461794196927,24.30516943535754
76.70580163495512,110.56464130796408
45.15075024800219,91.32060019840173
17.33525117806537,40.86820094245229
64.96180009105666,111.36944007284532
7.349005663286512,43.6792045306292
46.599008689418206,75.67920695153455
64.40943878753458,74.92755103002766
88.15898141423979,87.32718513139183
20.17034601013361,69.53627680810688
72.83159558607547,69.06527646886038
30.68196844970077,76.7455747597606
35.957699603419314,38.36615968273545
19.80522252222203,48.84417801777762
34.51868742379863,31.214949939038906
98.02754658547158,80.22203726837726
60.93992987825418,94.35194390260334
76.24317169459039,110.7945373556723
81.4154535069428,109.53236280555423
27.959255239266213,46.367404191412966
86.27120624412285,108.61696499529828
75.93183265478277,92.54546612382622
58.60261480066398,62.48209184053118
81.48538878356054,74.78831102684843
25.489955018220478,46.19196401457638
3.5194143879838657,53.815531510387075
97.73582948150643,116.58866358520514
1.0532506591906077,13.442600527352484
32.66302086951568,75.93041669561254
92.47446323603612,73.97957058882889
9.882099951476263,67.305679961181
0.9067293301842194,55.325383464147365
90.2500260516133,104.00002084129065
42.65973229301095,61.727785834408756
4.184830830666353,24.94786466453308
87.71783597034177,108.57426877627341
83.01952042008915,110.81561633607132
68.91493572943503,80.93194858354802
27.58762244842339,58.67009795873871
69.62504285835,64.10003428668
3.5712929138217997,7.657034331057439
3.454289897007301,48.36343191760583
23.535847075949512,67.4286776607596
8.888483442546358,62.310786754037075
48.09120556862339,73.8729644548987
48.87339577141526,55.89871661713221
86.12588207211112,111.50070565768888
38.43474019201718,39.14779215361374
83.292905901612,95.4343247212896
2.023105120605484,58.61848409648437
26.470272099223646,48.17621767937891
84.74135988797647,118.79308791038116
15.66768990424614,31.134151923396907
13.762685775080886,66.8101486200647
51.140233043508985,64.31218643480719
26.7214190649806,75.97713525198446
31.53946924530755,63.03157539624603
73.61864943080664,112.29491954464531
1.4584665602771385,53.3667732482217
52.69186324863331,67.35349059890665
29.409369013818598,70.92749521105488
43.59155733932316,91.87324587145852
49.849790369595304,65.67983229567623
72.32584672448588,62.660677379588705
60.12063415820516,64.29650732656413
64.66943206977008,58.935545655816064
95.30697558473673,85.84558046778939
41.055224640517295,86.84417971241382
76.87556068021169,114.30044854416934
95.41106179319337,82.92884943455469
98.90058402500837,107.9204672200067
8.982616924797126,11.9860935398377
78.05602045591094,67.24481636472875
52.51735142260308,69.61388113808246
2.95139598432419,8.96111678745935
96.79636287198267,118.23709029758612
27.85641588982245,77.48513271185794
57.527643352705084,106.02211468216406
73.0827530865132,105.26620246921055
53.51687549561598,75.81350039649277
33.29132568093364,73.4330605447469
87.67656400260867,122.94125120208693
62.19694490299379,57.55755592239503
29.930273966577136,33.54421917326171
66.34888745081055,98.67910996064843
32.524786934835305,86.01982954786823
44.28461621930075,51.627692975440596
62.11451632028054,71.29161305622443
13.245529885578112,56.19642390846248
46.754904935607435,44.00392394848595
52.73526581571011,84.78821265256808
9.25043329261479,23.000346634091827
5.414094690987426,47.53127575278993
68.6341285447967,91.50730283583735
43.4477684149823,65.95821473198583
86.37772802089138,109.3021824167131
89.40159551842669,76.92127641474136
29.999112245238578,61.799289796190855
13.408022563159294,22.726418050527432
4.932936393390519,60.946349114712405
56.27136517532829,84.61709214026263
8.208612161216555,33.56688972897324
11.734051840107341,24.98724147208587
67.1548070632401,98.72384565059207
79.63580787707804,70.90864630166243
96.3698971585739,123.89591772685912
31.700719318375626,84.16057545470049
54.74645960797364,101.3971676863789
87.86176907455422,105.08941525964337
43.38480061514367,83.90784049211493
44.610943711995645,89.6887549695965
73.99052508575193,100.59242006860154
92.83235726289077,124.06588581031261
78.36344041175043,82.49075232940035
34.50398170853299,60.60318536682639
55.35008539704336,50.88006831763469
17.578439391320078,48.862751513056054
49.26219755613126,73.009758044905
25.04894075737607,38.03915260590085
90.9967333378408,91.99738667027265
87.86233967693877,123.08987174155101
12.110796110642008,25.2886368885136
41.88710201008404,74.30968160806722
42.96659787576258,55.37327830061007
83.80888367053662,123.4471069364293
99.97800732448377,87.18240585958702
15.110873365307265,30.688698692245808
82.30366718770476,107.84293375016381
49.53110582413562,50.424884659308496
24.04581691229878,44.43665352983902
74.87521065431905,79.10016852345524
76.98962067518997,65.19169654015198
6.507056603748729,9.405645282998982
57.970696956474775,77.57655756517981
66.72231736543847,97.17785389235077
93.75898508223207,76.20718806578566
77.95962720298381,113.36770176238704
75.04039497430325,82.2323159794426
86.29762228398332,97.23809782718665
75.45886137254038,119.7670890980323
60.360319851477705,102.28825588118215
73.50434019190008,91.80347215352006
73.94851820058159,80.75881456046527
4.931131519338994,54.34490521547119
20.72699047407327,42.981592379258615
4.2368917985642796,19.58951343885142
61.084556296462644,83.6676450371701
51.97084035635506,84.77667228508403
1.2898787098225561,56.23190296785803
64.03242476172653,91.42593980938122
22.607143382775718,36.08571470622057
55.096021604115066,74.67681728329205
4.2462858166366075,53.197028653309275
28.141598662300282,75.31327892984021
82.7715464544671,126.21723716357367
93.14034120583364,127.3122729646669
49.21379471304904,54.97103577043923
28.405661652040372,55.124529321632295
24.40998019462426,41.12798415569941
76.77814880438028,71.02251904350422
23.396122603347834,26.516898082678264
38.51154916103441,83.60923932882753
15.20123710887079,52.36098968709662
2.298487976374264,28.238790381099406
79.47648238627096,92.38118590901676
90.73001716941926,83.9840137355354
77.73171703310577,66.38537362648462
28.541361967083713,71.43308957366696
16.752754072651754,18.2022032581214
44.9410827229749,64.75286617837992
53.837758330461746,56.2702066643694
72.64821180882969,104.31856944706374
16.79974140096221,54.23979312076976
82.74793246996298,108.19834597597037
28.437822914515166,38.95025833161213
62.099274248758775,63.47941939900702
34.06999136697861,49.45599309358289
6.38627708265852,59.7090216661268
16.755177479692808,38.00414198375424
42.57170750348289,93.4573660027863
66.32204216091175,69.25763372872939
94.93754061103591,132.35003248882873
45.66463710774771,55.731709686198165
10.66714938043345,19.933719504346758
44.93027839408066,56.34422271526452
7.95899400665242,30.367195205321927
20.884481130734144,68.3075849045873
45.04708540011006,42.03766832008805
66.68451426824113,94.14761141459289
58.748337087847624,68.5986696702781
4.475134083967813,11.98010726717425
56.15595219794497,67.12476175835597
11.23459994145647,43.18767995316517
21.937477500847102,61.34998200067767
41.161935375210646,52.72954830016852
4.941474017224701,42.953179213779755
72.69867097022075,104.35893677617659
94.94814895028114,111.3585191602249
32.36247581498167,44.489980651985334
93.6015586721153,83.88124693769224
52.312462233546405,53.84996978683712
65.67985382736597,83.74388306189277
13.888087184233688,42.310469747386946
20.71397469532943,18.371179756263544
53.25877557723082,76.80702046178465
42.27806743264534,45.82245394611627
36.50537307362146,46.60429845889716
27.492057965821026,23.793646372656823
15.981888679840516,64.3855109438724
30.271208560372152,68.61696684829772
51.5596144385879,94.64769155087032
92.92612762472487,82.7409020997799
61.07185050645027,78.8574804051602
22.412393356119598,38.92991468489568
66.57610184043409,110.26088147234726
58.81111941215249,58.448895529721995
49.60968444250376,52.287747554003005
28.486996363803886,64.7895970910431
33.253782606351635,29.60302608508131
62.562294777288095,105.84983582183047
9.727731441879882,13.182185153503905
45.917316824521514,70.33385345961722
97.25490039393617,129.40392031514892
2.842856984439357,8.274285587551484
84.24157708018964,111.19326166415172
1.4378817728022741,28.150305418241814
2.812965834996084,53.85037266799685
18.129662437231143,26.503729949784912
87.4673191758722,99.97385534069775
74.59915824735617,105.87932659788493
37.061704124051296,54.849363299241034
12.899082900672653,31.31926632053812
59.97711921764422,47.98169537411538
61.93128584268365,107.74502867414691
7.848370229891522,10.478696183913218
85.6469310509022,124.91754484072175
71.98748350908001,116.98998680726399
50.956779096761466,95.96542327740917
44.37551176236475,73.30040940989178
42.50818650466256,93.40654920373004
9.343039805020027,66.27443184401601
55.57735146387888,101.46188117110309
17.19323820889185,55.15459056711347
25.007773193920446,58.40621855513635
23.318249765666877,32.4545998125335
22.118866215160804,56.695092972128634
29.020758265751756,52.6166066126014
53.40843095474306,45.12674476379445
44.61417974010163,69.8913437920813
68.91555331099651,114.5324426487972
25.24407691392684,65.19526153114147
79.67300791396927,71.53840633117542
14.33018991107815,66.66415192886251
82.41143430406882,91.72914744325506
50.62799779049031,87.90239823239224
4.90432568007364,24.92346054405891
83.17251874751499,113.33801499801197
2.4254314411979783,18.74034515295838
49.471428239003465,80.97714259120276
14.763702485491148,31.010961988392914
62.33268199547515,106.86614559638011
75.42918284694548,65.14334627755639
92.87397967368432,107.89918373894746
52.63559675837164,91.3084774066973
61.758091313171306,106.40647305053703
64.3881515380718,110.91052123045742
25.62823784487078,43.30259027589662
86.7341191100998,102.38729528807983
38.91405780518987,69.53124624415189
73.82377628430942,90.25902102744753
0.6409146361508022,39.51273170892063
26.02972371441349,38.823778971530785
48.49109020934722,92.79287216747777
32.67622106992375,66.940976855939
45.91599982655783,83.53279986124625
8.597226833629968,39.27778146690397
95.25660878408588,105.00528702726871
79.07081458849177,117.85665167079341
39.60398203278063,32.2831856262245
21.37561157918689,42.900489263349506
41.551370831231,65.04109666498479
66.59929149944223,69.47943319955378
11.913371461934464,60.53069716954756
73.28652816834035,83.22922253467229
89.19220985093554,101.35376788074842
21.555685620982203,74.24454849678575
69.40065456444563,77.12052365155651
43.781342522328515,60.8250740178628
30.672613338843213,47.33809067107457
71.07124445120672,72.45699556096538
55.41466420042094,68.93173136033676
46.26052906862947,76.60842325490357
77.50326176807104,115.40260941445683
76.30254082823981,63.44203266259185
80.2347021697561,112.18776173580487
10.674782569739383,55.3398260557915
88.91851349913897,109.53481079931117
31.573192720061737,30.05855417604939
76.20449089380715,116.76359271504572
28.21548689499773,82.57238951599817
87.86962844994201,104.49570275995362
86.55339470491022,113.64271576392817
94.826049351684,125.66083948134721
43.157716075045926,59.72617286003674
9.65546944947986,61.724375559583876
80.68931245781573,92.75144996625258
23.710801811790894,36.368641449432715
28.576464690109805,76.26117175208783
12.14690654479157,28.917525235833253
16.349550024272265,19.67964001941781
33.28873761281521,69.83099009025216
15.028252870368153,64.82260229629452
89.68955138834336,117.35164111067468
57.154536829055644,51.72362946324452
84.83110282947945,102.06488226358357
96.66231669155832,124.72985335324665
0.7840404331395989,48.02723234651167
85.08677489981413,76.4694199198513
7.642683053965749,63.71414644317259
3.982455521133499,33.18596441690679
28.28490125428702,55.02792100342961
34.26487518534002,35.81190014827202
79.54932468643521,88.83945974914818
36.68063036867305,36.54450429493844
55.924926728004685,97.53994138240374
80.51151296256633,112.40921037005305
37.21532154930151,75.3722572394412
20.91986209293498,71.93588967434798
55.111267325704915,48.889013860563935
41.55393919230262,49.4431513538421
80.20272035987486,106.76217628789988
69.62699010963635,82.70159208770909
20.81526490668235,35.252211925345875
74.18281903926565,100.74625523141252
70.27376410086019,109.01901128068815
86.58757470191011,114.87005976152807
15.440808456973121,22.552646765578494
94.2045992017767,98.16367936142136
0.48434466589566405,26.187475732716525
51.36180956016712,90.28944764813369
68.35669348089911,66.08535478471929
93.85718209220477,112.2857456737638
28.08670862964222,62.669366903713765
83.54300843001413,69.23440674401131
60.410776217959075,87.92862097436725
68.13346161877504,80.90676929502003
85.55788002536731,69.04630402029385
39.5232673984654,66.41861391877231
33.72852128500943,79.18281702800753
57.98326298588884,52.38661038871108
56.35020056591853,88.2801604527348
