X,Y
47.47018060413319,81.77614448330655
48.37483456549165,79.4998676523933
62.87367087553416,89.89893670042733
76.93169626098502,111.94535700878801
1.6740314706456538,33.13922517651652
42.16379250616382,55.93103400493106
0.8587452833604847,50.486996226688376
22.148768765276085,18.31901501222087
0.4624041561381742,8.769923324910538
4.12243419221876,24.297947353775005
14.983021266575713,41.38641701326057
71.32041256399359,61.256330051194865
32.91841778450735,70.13473422760586
99.34688067213985,93.27750453771188
10.34371427303541,56.274971418428315
69.25089489497536,114.80071591598028
70.19827890186495,111.95862312149195
50.931189558388866,88.74495164671109
41.23622823241691,35.988982585933535
16.291429822659374,45.433143858127494
98.14857997854047,88.11886398283238
67.30746632960367,98.24597306368292
58.60978311003595,102.68782648802875
79.99903683810626,115.599229470485
85.01081628968471,99.20865303174776
8.084801273434017,47.86784101874721
41.92547980105723,63.54038384084578
45.99160766282754,85.39328613026203
80.26525329133007,79.21220263306405
82.61725225826197,112.89380180660956
75.77254946918204,118.81803957534562
21.15563307156121,45.124506457248955
93.88902641625468,119.51122113300374
18.521433555697776,16.61714684455822
42.119385738910076,79.29550859112805
59.55120922956175,97.4409673836494
12.124340190178472,23.499472152142776
83.86829591972726,79.0946367357818
27.1405319345976,65.51242554767808
63.32751220724451,88.4620097657956
57.551985020725304,57.44158801658025
11.07620672539208,29.860965380313658
62.05102165317772,64.64081732254218
80.39704718650049,120.71763774920038
74.01117246235698,109.00893796988558
54.225342528471835,58.980274022777465
38.351819304274656,62.48145544341972
94.152293881613,87.3218351052904
97.74175238512424,98.5934019080994
45.3858845890887,86.70870767127096
67.36482600228892,79.09186080183113
69.75346672842323,80.40277338273859
34.64201734207409,65.51361387365927
95.52667952686568,133.42134362149253
21.84438204229986,30.675505633839883
81.11095883753804,65.48876707003042
49.43519940892176,76.14815952713741
91.89176026908783,85.51340821527026
74.28351081662484,67.82680865329988
6.69778041737673,21.55822433390138
80.45971530299416,123.16777224239533
16.952264302926157,24.961811442340924
53.867642262965134,50.894113810372104
92.69982405152768,93.35985924122215
10.37208009933045,26.297664079464354
86.14400928150104,124.11520742520082
12.164945190755228,30.73195615260418
26.803359190909546,43.04268735272763
48.518947862972205,92.21515829037776
35.043069800123675,42.43445584009894
6.751987974531193,25.80159037962495
89.70477705119457,108.36382164095565
33.2967111469708,39.83736891757664
71.33724996409046,108.06979997127236
72.85719139153343,78.08575311322674
46.2095775261974,89.16766202095792
13.382700646190083,43.10616051695206
98.34701600983786,120.07761280787028
26.907622791463005,55.126098233170396
19.379731752302064,15.503785401841652
28.689961061964485,68.55196884957158
74.69195421416879,67.55356337133503
5.73304078719098,24.98643262975278
24.432614573140988,48.946091658512785
30.03002856017697,34.22402284814157
3.4793369713912337,56.783469577112974
9.108771404859151,39.687017123887316
90.61867090331074,119.2949367226486
19.756738904519,44.60539112361519
56.22362593516041,49.17890074812833
91.62501892050936,119.50001513640748
74.37462193179348,77.49969754543478
61.6164319286933,66.69314554295464
73.26497364870308,65.21197891896246
32.16560634584196,59.332485076673564
79.22978877411109,79.58383101928887
36.08583452921616,45.068667623372924
23.26228245450883,29.409825963607062
94.03543129308667,131.62834503446933
18.44118497908509,32.152947983268064
67.27749117145075,67.0219929371606
75.20337904606583,98.56270323685266
40.00082303970972,90.20065843176778
48.56270162579419,50.85016130063535
10.349546009980282,55.67963680798422
0.27859118785013015,8.622872950280103
54.6516722974865,100.12133783798919
69.19801769875009,86.55841415900007
12.746779215008619,25.19742337200689
90.32238560138472,114.85790848110776
46.561610454388344,46.84928836351068
78.10341801871384,115.88273441497107
71.16875824522187,73.13500659617749
45.61206490865559,67.08965192692446
55.88226660817388,55.5058132865391
67.32311399121173,113.25849119296936
46.551519696420826,54.04121575713666
84.32788771321079,123.26231017056861
48.79634938092181,46.837079504737446
99.19353824666698,139.35483059733357
80.80546596092647,73.04437276874117
59.93578203619958,62.94862562895966
85.58326531303152,125.4666122504252
42.42694642205597,53.741557137644776
12.76683688504746,57.01346950803796
15.695115318867037,16.15609225509363
40.555576543466785,58.244461234773425
89.91010989623014,109.1280879169841
55.45941781380773,58.167534251046185
61.87212022611895,83.69769618089515
39.08404206104026,35.467233648832206
3.507914754685104,6.406331803748083
15.023905318121155,72.01912425449692
62.83728045496078,72.46982436396863
90.99409428438102,98.59527542750482
51.82784579593039,57.662276636744316
65.52435797545476,108.8194863803638
7.72281848439601,52.978254787516796
33.35496563056991,75.88397250445591
41.39253138549201,59.51402510839361
56.45064757068208,59.56051805654567
82.41469181130347,100.73175344904277
8.64360964144818,47.11488771315853
37.530244250391384,63.6241954003131
57.086664438704084,103.86933155096327
26.551311721019232,64.44104937681537
98.40114837920024,100.32091870336019
9.71622488863364,40.1729799109069
75.9346206808431,65.54769654467448
92.1579654311142,95.32637234489137
36.221202525497134,48.776962020397704
50.89324586084155,100.11459668867323
1.6136873968851662,52.290949917508115
18.651353046288655,58.721082437030915
71.65805496747922,85.52644397398336
39.584419675197225,35.86753574015778
7.174295741286818,6.939436593029454
96.22839343607708,79.98271474886167
43.29144681729248,64.03315745383398
67.4857659697584,107.98861277580671
4.796484323687611,8.637187458950088
70.87423548615095,102.89938838892076
6.586343385683402,44.86907470854672
62.49695739542375,84.19756591633899
32.960978441658625,54.56878275332689
51.64108265856488,43.71286612685191
55.91111572375197,91.52889257900156
85.11603476264366,76.49282781011493
42.5949598401445,80.87596787211558
27.324500190783287,65.65960015262662
12.742296690059518,58.1938373520476
82.88143059220448,96.90514447376358
57.205814563827786,84.76465165106222
85.30778567572813,84.4462285405825
6.041270012039767,30.63301600963181
4.541062397402806,46.23284991792223
94.73697828915695,121.98958263132555
57.252990518379775,47.00239241470383
43.47658727066659,85.78126981653327
27.524341303475797,25.619473042780637
3.7354446811245112,59.98835574489959
9.769324316234208,14.415459452987365
15.104307548267315,30.08344603861385
7.044330638467633,10.435464510774105
24.643886027843674,34.71510882227494
9.024628445475669,45.019702756380525
89.47263846689127,89.57811077351302
74.19323549909763,112.15458839927808
36.68765687651785,58.150125501214276
36.66749882214483,77.33399905771586
93.97941087905369,94.38352870324294
87.39419065331818,96.91535252265453
8.622531233818364,17.09802498705469
6.752093113318692,30.60167449065495
3.1074472197037406,60.08595777576298
63.88678986512157,66.70943189209726
89.88705036117736,88.70964028894188
65.9664898418717,106.17319187349736
34.60634124540134,80.48507299632107
13.53206303230946,23.425650425847568
93.28412676277873,108.82730141022299
15.356348661368047,35.085078929094436
65.21123115173886,78.56898492139108
86.81930781439303,111.45544625151442
29.906347032426204,55.725077625940955
30.197774718873895,77.5582197750991
62.128080678820716,78.50246454305658
10.04364153260896,33.83491322608716
76.933029566089,116.14642365287119
88.0566463590382,73.44531708723056
17.664228802402203,58.53138304192176
34.096426717231964,72.87714137378556
43.136464706163636,82.5091717649309
77.61857542782903,80.69486034226321
43.96962148066681,95.17569718453343
16.74230719527322,58.39384575621857
15.900896086753413,16.32071686940273
70.51401368580488,109.8112109486439
32.261850376188406,40.809480300950725
28.662798767247153,55.330239013797716
2.108926559666091,20.28714124773287
22.98726798445826,69.38981438756659
64.07062212429872,83.05649769943898
3.64730916054149,53.31784732843318
30.82104913717869,43.85683930974295
53.131270657981844,92.90501652638547
58.465813712734516,102.5726509701876
19.506293026341005,49.805034421072804
75.92628851258777,79.94103081007022
66.07804341749784,56.46243473399827
54.507575925908434,47.80606074072675
52.23100645636979,85.58480516509582
58.460722919436016,96.5685783355488
69.79904420379009,57.63923536303207
50.296814770252375,52.837451816201906
54.565748511883385,88.0525988095067
13.358852416011057,53.88708193280883
57.85245932107229,52.881967456857836
21.730775728207252,21.5846205825658
89.5881641369835,123.87053130958678
23.452918303795844,69.16233464303667
15.05676044608899,17.44540835687119
60.39323536717751,74.114588293742
8.634004885177028,63.30720390814161
11.336997437788298,30.66959795023063
26.134602806574602,69.50768224525967
97.69459107816122,108.75567286252898
74.19290296753664,61.754322374029314
95.92500356866898,79.14000285493519
39.4668501644418,86.77348013155343
78.25653711005748,75.80522968804598
70.94732101539219,84.35785681231374
2.132777178866918,40.10622174309353
99.86713330728774,84.09370664583021
84.3223812015261,83.65790496122088
60.278739453914746,68.0229915631318
52.53814763290361,99.03051810632287
47.30693091406506,56.44554473125205
9.876567337011666,24.10125386960933
7.435906716249918,33.548725372999925
90.70437575322289,117.5635006025783
45.77082353314824,92.41665882651859
7.647568944627137,64.3180551557017
23.356955899773812,30.685564719819048
25.226428885798914,52.581143108639125
98.93620352920779,109.14896282336622
3.9431299471891945,33.75450395775135
13.59031791308053,25.872254330464422
83.01675189717687,70.61340151774151
78.99805700951435,94.99844560761149
72.15188013566598,102.12150410853278
55.21095485267018,95.76876388213614
13.751061833957612,21.200849467166087
85.31555169128458,119.25244135302765
9.95274251391688,45.762194011133495
41.44739278134717,78.15791422507773
45.223837098570165,67.37906967885613
73.72198299130946,99.77758639304756
28.878219414898343,49.502575531918666
60.092066519670375,50.4736532157363
91.5405388850122,105.63243110800975
50.73307948049387,91.58646358439509
46.655926115135436,78.72474089210834
81.27419500531295,110.61935600425033
77.17172693578796,91.73738154863037
62.93099481307257,100.14479585045805
67.88719766196351,79.5097581295708
96.22953384298431,135.18362707438746
85.67220536297869,98.53776429038294
40.26561166970231,60.41248933576185
58.0680836894936,74.05446695159488
66.83800056920292,61.270400455362335
95.89683995226663,107.3174719618133
59.486632372278095,85.38930589782247
4.7437465900600495,44.59499727204803
33.28839660312545,53.030717282500355
95.49037441505727,129.1922995320458
30.75708592867703,53.405668742941614
90.43643873163394,84.34915098530716
9.700076530739544,7.760061224591635
92.70661440730343,110.76529152584274
11.892472331381477,40.71397786510517
66.52221978348825,55.017775826790604
1.707235125487272,11.565788100389815
41.80261531195261,91.64209224956207
86.04730749760114,73.03784599808091
39.754026641739145,54.003221313391315
18.607402561097818,73.68592204887824
93.81963070857142,100.85570456685714
25.481642772174517,65.3853142177396
94.25719273079113,77.20575418463291
23.490371040435654,40.992296832348515
11.207744571955535,53.36619565756442
2.9179127500868374,19.734330200069465
93.70544135033799,134.96435308027037
76.03028396411449,108.22422717129159
8.869414908993335,46.09553192719466
98.80873900547047,91.04699120437638
55.76881660687649,72.8150532855012
80.91442219808874,99.53153775847099
42.76113452671759,44.40890762137407
50.183221222792675,78.54657697823413
91.2873082202911,87.42984657623288
58.19618399251043,56.15694719400834
94.03833324173213,87.8306665933857
37.17021623884826,44.13617299107861
55.03879325820766,81.83103460656612
62.70981969830761,78.36785575864609
78.30525815037996,116.04420652030396
65.18817227826337,79.75053782261068
39.1815195768731,90.14521566149847
31.560249212215886,46.8481993697727
41.043140306571324,38.83451224525706
94.11495031313073,85.49196025050459
56.59567090290473,74.67653672232377
28.842777479504768,36.87422198360382
42.55887294672085,76.04709835737667
25.843963834763308,26.075171067810647
33.54345345300091,30.434762762400727
40.82991309799666,56.66393047839732
65.26150169698681,94.80920135758944
58.60482143595116,99.08385714876093
1.8780037116857495,33.30240296934859
84.29900878503825,111.8392070280306
50.60159395168827,99.8812751613506
17.584117033226367,49.46729362658108
68.66884142781288,78.9350731422503
7.98513826641739,55.5881106131339
41.530663931364664,58.42453114509173
66.41797857671683,64.53438286137346
10.420605033831388,63.5364840270651
3.1218766334487613,9.697501306759008
86.94410644145101,83.3552851531608
72.70226185569378,97.76180948455502
35.33466578342595,71.46773262674074
73.9019221047592,59.72153768380736
51.97542180013457,67.38033744010765
23.629743176027574,21.90379454082206
74.75327292079442,84.40261833663553
61.1694826081818,51.33558608654544
4.768437065982822,24.214749652786253
54.20133654340178,54.161069234721424
53.987254952022965,94.78980396161836
41.5012924857991,86.00103398863928
96.49170826158186,103.59336660926549
32.31426743419864,52.85141394735891
56.373938340960684,56.49915067276855
66.08057501322425,53.4644600105794
72.74665165604634,115.79732132483707
67.25213634126901,75.40170907301521
93.85561812384542,121.28449449907633
86.40088230362612,105.7207058429009
0.26540569606581244,6.812324556852649
29.573068643817603,50.05845491505408
27.30960493204003,57.24768394563202
17.70395531168676,54.9631642493494
4.658639349553995,6.726911479643195
3.8600958076946523,61.28807664615571
41.52730195685719,84.82184156548574
39.73578604644727,40.188628837157815
5.460585359397296,61.96846828751782
27.373410144771427,27.898728115817143
19.356322137811897,70.0850577102495
1.3232952494488304,22.65863619955906
1.8614779420778604,56.089182353662274
37.0370317353407,48.829625388272554
99.06772081152535,102.65417664922028
79.69452484610522,82.35561987688418
41.70524519977056,38.16419615981645
69.23540644125804,93.78832515300643
76.66058426655447,90.12846741324357
10.317801740679899,37.054241392543915
6.1859574752981095,15.748765980238485
69.52865011400682,107.82292009120545
70.46974608803285,73.77579687042628
4.609555595833903,53.487644476667114
28.290820735318412,79.03265658825472
37.84253407482161,64.47402725985728
28.37185842475395,70.09748673980314
25.138796887454408,65.71103750996352
77.0759075379356,91.06072603034848
69.03305583578931,81.62644466863145
34.435938738940365,36.54875099115229
8.49889985338076,17.599119882704606
66.19436531316478,102.75549225053182
49.819388403744426,54.255510722995545
5.13150267780923,17.905202142247383
88.73785898902712,96.1902871912217
56.87911077115558,79.70328861692445
60.760884094794456,99.60870727583556
61.68408754071125,99.74727003256899
79.76299809902758,71.01039847922208
35.83478670193973,81.46782936155176
49.377187663867105,48.50175013109369
65.50706761396633,69.80565409117305
83.98013202148691,113.98410561718953
48.50453274225065,74.20362619380052
75.17873337965284,110.54298670372226
34.32081683915145,39.45665347132116
30.991368178924706,64.39309454313977
83.00371769302764,104.2029741544221
8.305401240050747,47.44432099204059
18.21557784179497,70.97246227343597
54.811709875044855,93.04936790003588
4.480955843341505,63.58476467467319
33.92890037760973,69.14312030208778
8.762998083535823,61.61039846682865
9.088818852854574,13.271055082283658
0.160555023572595,46.328444018858065
79.8206633876392,63.856530710111365
65.04066139370805,84.43252911496643
97.77808854714122,107.62247083771298
12.136027508561343,52.908822006849064
90.0260846063865,84.02086768510921
27.927156426595566,27.141725141276453
47.63142542506766,81.90514034005412
29.799305125590436,77.23944410047234
14.449532071408399,36.15962565712671
0.4001404000808839,30.320112320064702
8.58142070681347,48.86513656545077
12.719696155958736,37.77575692476698
92.63908391254677,101.71126713003741
74.38926740813704,105.11141392650963
29.45390477657166,83.56312382125732
86.23800241378171,127.79040193102537
24.166363113154567,41.53309049052365
31.029270526950235,29.02341642156019
8.717781818744875,26.174225454995895
0.26415919403323107,2.0113273552265847
39.099494454311824,70.27959556344945
13.109824642531475,20.08785971402518
31.355012771351088,85.08401021708086
79.66029207100108,113.52823365680086
17.525305925131573,49.42024474010525
19.70961124826369,67.36768899861094
7.074473798235504,32.6595790385884
83.74397280824473,126.99517824659577
12.591474576088913,47.87317966087112
27.63831046623155,80.31064837298523
82.92087390131373,120.93669912105096
23.68325344575205,54.346602756601634
48.70109808735603,76.1608784698848
65.15476727536112,85.7238138202889
21.417005441731707,74.13360435338535
58.9400978200155,49.5520782560124
87.9780020050735,126.7824016040588
77.1051189859061,115.08409518872487
22.079111932630504,30.263289546104403
70.90186578147726,112.52149262518179
88.57907017438748,112.26325613950998
87.59649810117969,122.87719848094375
62.15288046048747,107.32230436838996
41.95021294553081,88.16017035642463
67.89860739810665,111.9188859184853
72.55773320085295,68.24618656068236
87.97551047369667,126.18040837895734
83.10612228742951,84.48489782994362
97.46510212390913,88.17208169912732
10.853723631453638,47.682978905162905
49.905675787841155,72.92454063027293
99.78548346098057,101.42838676878446
86.03815008263498,87.43052006610799
32.45403582519935,60.76322866015947
68.8769493682634,67.70155949461072
12.802140162950593,39.041712130360466
50.17593573950876,73.14074859160701
71.235054939743,113.38804395179437
49.50599755848616,40.80479804678893
41.49114688402251,49.39291750721801
23.59746715396549,74.67797372317239
92.88139518529046,96.50511614823236
6.510037251923551,21.408029801538838
37.78608354404794,86.02886683523835
89.72071134475468,119.17656907580374
5.883609272571977,5.306887418057582
1.5918169633534873,9.073453570682787
54.48645249904085,45.389161999232684
95.09195001713766,92.27356001371012
0.9620848859185349,27.169667908734823
45.790670312185576,66.03253624974846
83.39131513548818,90.11305210839055
41.30169913841746,48.04135931073397
25.196943104190538,39.35755448335243
43.479118666202474,92.38329493296197
25.573118332993094,21.658494666394475
51.26611514886288,68.6128921190903
88.02359724041911,101.01887779233529
61.14257072503617,52.51405658002894
73.8359530654159,100.46876245233271
5.271038955218755,23.416831164175
17.222853916614444,24.578283133291553
6.282379466909882,23.6259035735279
42.774898868247945,46.81991909459836
15.209944057301161,23.567955245840928
27.610226405492245,55.08818112439379
0.547465081889631,29.8379720655117
49.018044819780314,65.01443585582425
73.6867176540752,67.94937412326016
5.946813090967895,44.957450472774305
61.774731394588535,89.01978511567083
90.31134081825601,129.8490726546048
49.91482034398743,83.73185627518993
83.84683861887609,103.67747089510087
86.46193356512902,81.7695468521032
24.282411882432044,44.025929505945626
95.78835797919908,132.43068638335924
9.837619207624915,49.27009536609992
66.83642744102897,96.06914195282317
95.93728953964022,115.14983163171217
14.881982667325577,28.105586133860456
46.14355881502446,84.91484705201955
88.05325348904017,85.44260279123215
16.61815999430566,64.29452799544451
70.24862813671258,90.99890250937005
66.50670511186931,85.00536408949544
87.48019133578553,113.78415306862843
60.952033011069354,54.761626408855484
90.37082740834002,108.89666192667201
12.356952913991027,12.885562331192823
72.22541646988685,65.58033317590949
51.35642479811216,72.88513983848972
72.33330869150335,83.06664695320268
55.77394165383356,62.619153323066854
40.40958538286154,38.927668306289235
93.1952353615236,79.35618828921888
92.29949317572633,107.43959454058106
61.50905240201352,87.60724192161081
27.184466966263066,66.74757357301044
78.58642140212908,80.26913712170325
26.76721375392379,77.21377100313902
99.35610028492954,107.08488022794363
47.423474104005216,39.13877928320418
98.2070738485586,85.16565907884687
64.92303216453475,53.138425731627805
20.649373535676542,75.91949882854122
60.10640925762173,91.88512740609738
45.4410335165249,47.15282681321992
58.08494230830217,77.66795384664172
28.306737818492532,27.445390254794027
99.79170815710546,130.23336652568435
64.24977753942163,105.3998220315373
5.037307291535487,20.829845833228386
48.925647257855644,67.94051780628452
4.671180104670258,16.936944083736204
90.76301882360389,76.81041505888311
18.919013049059096,74.53521043924727
21.79966121142072,48.63972896913657
82.06978477431653,90.85582781945322
24.485967148481038,50.788773718784824
92.82544858000884,121.66035886400707
12.49888328643981,62.199106629151835
66.70728424360577,67.16582739488462
3.033450237491142,33.026760189992906
71.76436632636701,85.6114930610936
99.56665663702503,135.45332530962003
86.4965478218752,105.19723825750015
63.085257725879686,63.66820618070375
72.41755399839171,59.13404319871337
66.44849859842262,57.3587988787381
83.85011021437411,91.08008817149928
68.46704517122551,107.5736361369804
0.007169105210580451,41.40573528416846
68.3318015896143,60.06544127169144
37.90025025706344,33.32020020565075
69.02089559707409,111.61671647765925
54.9810830046925,74.584866403754
49.0200770247022,51.21606161976176
99.19255885390527,105.15404708312421
57.15841583450294,64.92673266760235
38.8732343076495,90.49858744611959
46.020866666831786,87.81669333346542
42.83742585110256,75.06994068088204
58.39282809422941,74.91426247538352
46.9072400711885,68.12579205695079
63.298356243519194,102.83868499481534
63.57229806780944,70.65783845424755
11.869179439669397,60.4953435517355
67.86819441712045,100.49455553369634
35.41900929392864,78.73520743514291
17.32632919804402,63.061063358435206
20.30729498604612,35.44583598883689
7.736010665979364,39.788808532783484
86.7202952025642,110.77623616205136
37.0306418511183,75.22451348089463
97.14102730938289,124.5128218475063
4.392011534843087,32.313609227874466
53.15046866411935,70.12037493129549
45.70764850124369,77.36611880099494
56.21268611108076,86.3701488888646
45.74777068885418,43.79821655108334
85.72308395229572,119.57846716183657
98.74746257141923,130.59797005713537
52.95093724172831,86.76074979338264
27.157724600434086,60.726179680347265
13.219009296367023,24.375207437093614
49.792370720990576,41.033896576792465
8.493028454053597,52.394422763242865
38.006857065791635,74.80548565263331
93.97075744258092,115.37660595406473
54.29584960533778,43.436679684270224
36.14204534339937,48.11363627471949
46.28128198344912,62.225025586759294
9.046998014401375,22.2375984115211
54.526032074282924,68.82082565942633
84.4646630665269,122.77173045322151
47.599844783176884,52.47987582654151
5.093735680524347,53.274988544419465
92.11557769938295,76.69246215950636
94.49985174364612,116.39988139491689
56.605711632006006,68.6845693056048
28.762438774338726,67.40995101947098
10.756066124260377,32.60485289940829
76.9346553198916,119.14772425591327
63.23686972532886,88.38949578026308
56.43891679891183,90.15113343912947
10.234479492303539,24.987583593842828
49.924598831487245,72.33967906518978
17.713752437813802,28.571001950251038
46.51356187712635,85.21084950170106
64.15032532976572,111.32026026381257
14.324085982051294,40.859268785641035
66.96092871500973,85.96874297200777
30.05095693605373,70.24076554884297
19.264907066302584,18.41192565304207
2.3696478572219792,31.29571828577758
38.14013235365097,62.312105882920775
69.585661321908,71.8685290575264
34.1196552741559,66.29572421932471
96.69230247030637,94.7538419762451
36.064007143865354,57.651205715092274
56.21753647863207,97.17402918290566
7.445416626893131,40.1563333015145
38.53719400013925,63.82975520011139
87.54409494755353,88.63527595804283
43.01979113223222,36.815832905785776
73.97096517420543,81.97677213936434
19.78740736584492,50.62992589267593
66.19534738503307,103.95627790802645
47.76044682464412,59.80835745971529
81.66344279047607,75.53075423238086
30.99109313412146,79.99287450729716
69.21057110764741,103.36845688611791
83.28075316170465,71.42460252936372
82.67894994867187,76.3431599589375
42.45840858960312,34.5667268716825
21.75683529459741,40.20546823567792
36.91581293496219,29.532650347969753
57.07163199865604,75.05730559892483
40.552400529186,51.6419204233488
2.20881696985028,16.16705357588022
70.59580628829849,90.67664503063878
16.46302490262832,49.17041992210265
23.041610077113283,51.43328806169062
88.44227094822679,130.75381675858142
4.090958196462891,43.4727665571703
49.453361264500884,92.9626890116007
89.99601632499882,86.99681305999906
80.33042439795808,108.06433951836647
18.048650465444382,42.0389203723555
55.935622196600285,91.54849775728022
34.26901393951135,55.01521115160908
38.90940301525161,53.32752241220129
50.61184432411879,51.28947545929503
2.4468264271539586,9.757461141723166
10.934377238911196,56.147501791128946
51.651710406312965,75.52136832505036
13.497166049906884,26.997732839925504
96.15916846457641,78.72733477166113
33.78008569816016,46.824068558528126
67.14594608122518,102.31675686498014
41.89104726209105,60.51283780967283
27.43565224469371,79.54852179575497
10.698229735262776,24.158583788210215
26.22705616027191,56.98164492821752
73.03729856234746,96.82983884987796
66.1024138519218,67.88193108153743
16.173094573268564,61.53847565861484
40.52188837014722,64.81751069611776
13.530697397187197,46.22455791774975
60.70543516892858,107.96434813514284
23.016499270299718,24.41319941623977
29.53073298683885,81.82458638947107
35.10651862364955,30.48521489891964
12.846173921279547,20.476939137023635
69.70813256200958,107.36650604960766
58.83371982642637,72.86697586114109
19.435780161548198,67.74862412923855
58.112236892488845,80.08978951399106
84.08121608775623,82.86497287020498
76.25618939122761,89.20495151298208
52.52272947902274,70.21818358321819
34.84839909773595,36.27871927818876
70.97430262437591,83.17944209950072
21.859893800174824,37.28791504013986
64.07691713370063,100.4615337069605
29.825187976739752,65.8601503813918
83.35494099459548,118.88395279567638
4.479280135447339,6.58342410835787
30.477340216208717,35.181872172966976
80.00623474126046,68.20498779300837
60.82258849029171,105.65807079223336
99.23862801378186,87.79090241102548
86.98585422936577,73.78868338349263
56.01069660285625,45.408557282285
87.52127874570706,73.01702299656566
59.505655982874096,99.80452478629927
29.0615826912764,47.24926615302111
99.17962310246469,90.74369848197175
40.80691289175916,86.04553031340731
25.2184901126278,36.97479209010224
27.600836841360298,76.68066947308823
49.15574600169107,44.12459680135286
28.409072681628167,68.32725814530252
76.4248313431456,109.13986507451646
29.55297549849054,45.84238039879243
38.228290759360426,74.38263260748833
82.82214141943093,115.45771313554474
33.47098087500776,33.976784700006206
29.873924356676508,32.29913948534121
47.298314390375054,47.43865151230004
10.449378357598228,28.759502686078577
38.71376739225092,79.57101391380073
95.18808776561056,100.75047021248845
65.47685918362707,111.18148734690165
34.23280734368382,83.18624587494705
2.3235931828778034,50.458874546302226
66.58901234444431,109.07120987555544
32.430080018387464,68.54406401470996
21.72368442719572,28.178947541756575
37.757798918381916,69.80623913470552
6.966071019348508,65.57285681547879
97.49074159940477,135.5925932795238
44.64923730049745,53.71938984039795
11.531136243293583,45.82490899463486
86.2040259254741,109.76322074037927
95.70357759524344,103.56286207619476
80.83835497420259,122.87068397936206
9.196112375480126,49.3568899003841
62.24127209495888,80.3930176759671
70.92810090061371,86.14248072049097
10.18975057654452,18.951800461235614
13.680991916301155,13.944793533040922
97.33308517532797,100.66646814026238
50.00307002669581,64.60245602135664
46.38759036677889,59.9100722934231
80.8314786333034,74.86518290664273
24.3691647349809,32.69533178798472
63.68746043452151,102.54996834761721
87.56697548882096,128.25358039105674
69.58982453859291,65.87185963087433
92.33009506429556,114.06407605143644
72.48315080110493,99.38652064088393
39.04953617014642,38.43962893611713
83.38434880695354,84.70747904556283
5.78538003731518,49.02830402985214
91.91407460612378,113.73125968489902
47.593929940650646,89.6751439525205
89.35528658410222,75.68422926728178
3.707712287533216,16.76616983002657
49.77976363160985,98.02381090528787
89.10525249711465,74.88420199769172
34.28314300103994,40.62651440083195
29.504569554653447,58.40365564372275
46.33149706992238,65.2651976559379
49.576194705942555,60.66095576475405
75.70092743303135,76.76074194642507
61.04126107285111,52.43300885828089
4.397305784053418,5.317844627242734
57.39597072156089,104.11677657724871
0.7388964857371616,44.39111718858972
11.583372263103309,54.866697810482634
21.11434906028483,28.89147924822786
16.356237707343624,53.88499016587489
70.8721885697078,90.29775085576624
74.52163706330691,59.61730965064553
15.75896771940628,67.20717417552501
42.07329991094849,58.25863992875879
16.74099743115519,14.592797944924152
84.70409962138004,115.16327969710403
2.3113304311495386,27.04906434491963
62.31502570759899,70.2520205660792
74.74057325308172,110.79245860246536
84.03389772324664,75.6271181785973
95.51372953178937,132.21098362543148
57.56506643922042,94.05205315137633
81.32880236510591,109.46304189208473
93.93875129986864,133.95100103989492
11.078027841552684,46.662422273242136
3.3772091102661106,24.301767288212883
2.4883858836472816,25.39070870691782
29.724081853688013,65.1792654829504
34.596476152428465,35.477180921942775
70.81598398239045,105.25278718591235
67.30202289486124,59.841618315888994
86.69441437012986,98.75553149610388
84.74684098121821,75.59747278497457
87.04745937997777,124.8379675039822
82.43959433115919,113.95167546492733
3.3600812610484754,5.08806500883878
45.44923495733774,73.55938796587017
74.21540768615483,91.17232614892386
37.68652353598887,42.74921882879109
33.3325608814486,70.46604870515887
81.56276816030234,74.25021452824187
28.494856001564028,77.39588480125121
91.05745832555814,82.44596666044652
61.57008749974171,82.25606999979337
44.03657394243855,76.02925915395083
73.21783731340548,93.37426985072437
41.61793300230957,44.69434640184765
18.625639236082137,55.7005113888657
11.397573865584377,63.11805909246749
24.90667348960126,43.925338791681
53.012845458947666,88.01027636715813
4.39766844045838,34.1181347523667
1.4777781253057953,11.982222500244633
62.391209829535185,79.31296786362815
89.64948817982251,118.51959054385802
52.859544157637664,86.08763532611013
43.78323082420014,36.82658465936011
63.52804527605971,106.62243622084776
42.0648652909654,87.6518922327723
6.11009555747083,17.488076445976663
53.46392105678823,43.97113684543059
17.748116854383532,56.79849348350682
86.46437736719051,105.7715018937524
30.017295165227264,30.61383613218181
14.836615215277115,14.269292172221693
52.95811385417913,47.1664910833433
57.96014989814285,87.76811991851427
55.015389890882304,99.81231191270584
76.96773914913443,96.97419131930754
70.90482098768503,107.12385679014801
38.3387200461249,84.0709760368999
91.33143329053497,77.86514663242798
5.923877457510141,26.33910196600811
46.37785593420903,89.90228474736722
87.48757940027548,106.59006352022038
48.70765555259007,67.76612444207205
76.66596561425376,88.932772491403
78.86113570136723,115.88890856109379
28.221905588446973,37.57752447075758
39.09426335428402,54.07541068342721
50.86987487236478,74.89589989789182
48.04933817423799,61.83947053939039
20.34960724612389,51.67968579689911
61.03092489798283,51.22473991838626
12.26170135063802,20.009361080510416
20.070642219724643,67.6565137757797
97.01795838523425,93.2143667081874
88.20744988316171,77.76595990652937
72.40839277186627,74.72671421749303
53.478993124844976,90.78319449987598
14.910238159157396,69.5281905273259
50.46263377624049,94.37010702099238
46.214649879490565,69.97171990359244
59.33821234459212,99.67056987567369
63.24599835774883,67.99679868619906
74.20026562685193,97.16021250148154
77.41572913134608,92.53258330507686
76.24837353190989,72.39869882552792
98.6950170452893,135.95601363623143
64.4557403329356,109.76459226634847
70.21653668991573,77.17322935193258
92.76552363084436,84.41241890467549
16.802848327082188,61.44227866166574
98.43567791993216,105.14854233594572
46.78041403802013,48.82433123041611
5.8921727366450405,29.313738189316027
36.57497144777342,86.25997715821873
30.665625993554624,51.53250079484369
85.92984029938704,114.34387223950961
93.83330099204315,134.4666407936345
88.40916231802632,94.72732985442104
60.279089244988604,60.823271395990886
25.35957917303261,57.487663338426074
63.26934869756743,75.81547895805394
55.18666236616102,67.54932989292881
57.943256006286035,47.55460480502883
47.57156470598966,83.05725176479172
19.13865658484405,57.91092526787523
43.01520235092763,63.812161880742096
2.3802236096892915,27.704178887751425
93.38954940990345,120.91163952792276
22.772053627416277,64.41764290193301
58.1673455302559,79.53387642420472
2.536942068935022,48.829553655148004
34.19161608314055,57.95329286651244
57.04869538163663,66.0389563053093
93.37229874989052,110.09783899991241
0.05748721261784606,58.84598977009426
30.101706451942135,72.08136516155369
53.39748861505896,96.11799089204716
66.99498750563596,67.39599000450877
10.395065440822504,14.916052352658003
24.724307185024063,77.97944574801924
32.496042014632856,71.59683361170627
89.9925332029296,77.99402656234368
50.06588254507097,61.65270603605677
69.32442267555211,99.85953814044169
69.42313160983386,105.93850528786709
80.33514232600564,72.66811386080451
89.36971306365827,129.6957704509266
71.28844481371833,58.83075585097466
72.75351925474757,103.80281540379805
99.30402921107536,99.84322336886028
73.31150578563346,96.44920462850675
24.97198553015737,27.177588424125897
9.103077750733712,57.08246220058696
2.2918168632652725,25.233453490612213
79.31312236918411,73.6504978953473
57.106652077257515,70.28532166180601
11.242527762882604,65.99402221030607
50.73987136921445,82.59189709537156
89.55001594567705,75.24001275654163
1.5730818606526698,21.05846548852213
31.337600922770026,62.27008073821601
64.06093058585516,110.64874446868411
93.68087636354629,132.544701090837
31.324280823575933,60.45942465886074
67.21447579883666,81.37158063906932
44.784495950020386,65.8275967600163
79.86562632295023,114.89250105836018
70.0321365217938,92.62570921743503
87.48457468233237,125.18765974586589
48.368551004362594,56.69484080349008
30.998765077685555,25.999012062148445
13.809815179248163,15.24785214339853
48.9560148511347,81.76481188090776
8.895467042462169,8.316373633969736
26.885171282896238,63.50813702631699
90.5194203963406,122.21553631707249
76.27798327978907,85.02238662383125
64.35966420448788,64.68773136359032
91.46604890910322,83.97283912728258
56.744765053134536,53.79581204250763
15.645862220066398,44.91668977605311
14.770875930810433,67.01670074464833
2.572004684535978,9.85760374762878
51.552185661800095,48.441748529440076
81.40825741145608,99.92660592916485
15.11165350350453,67.28932280280361
1.8445302582591694,14.675624206607333
7.114790910423297,14.091832728338638
82.9515880849184,80.16127046793471
43.08460208146791,86.06768166517432
7.905585743124166,57.32446859449932
51.15521088383503,71.52416870706801
1.8827364698984383,19.50618917591875
52.43765034468546,45.55012027574837
10.029130319069711,55.42330425525576
20.93226852959944,66.54581482367954
21.93675510122293,56.549404080978334
65.19604222614373,107.35683378091497
3.459665065836459,42.36773205266916
11.648793916012556,46.51903513281003
4.591154736812719,36.072923789450165
86.5345653436931,129.22765227495447
99.84509812584773,115.27607850067818
92.43382541158311,113.54706032926649
1.2135632434251198,23.77085059474009
52.063857147193346,85.45108571775467
18.772003642625545,63.617602914100424
10.639371555468891,46.311497244375104
10.819808583907442,65.65584686712594
26.56430373069635,48.851442984557075
32.417044123801254,69.13363529904099
50.569516854679975,81.85561348374398
51.97385201001271,43.37908160801017
14.894424573631216,47.91553965890497
3.0903396870613165,4.872271749649053
24.119236576079416,27.09538926086353
21.357793167607188,59.68623453408574
91.7652394842865,124.41219158742919
14.415644130458116,70.93251530436648
30.11327965264424,81.09062372211538
61.00409682419373,55.40327745935499
40.500594335705905,87.00047546856472
3.9350113282850874,9.148009062628068
18.614737694052263,49.09179015524181
21.97476492398338,61.979811939186696
8.104473750577823,10.083579000462258
67.61212839693793,62.48970271755035
31.866324461655072,84.89305956932404
24.57789174486038,46.6623133958883
66.31070757067509,89.04856605654007
84.25916495643584,71.60733196514867
84.68976465430369,123.55181172344294
55.81686578376047,66.25349262700837
62.3255885880573,73.26047087044584
68.1712646871891,65.93701174975128
19.68373257302254,19.34698605841803
6.551087257084342,26.840869805667467
45.96510005044298,67.97208004035437
31.550089264902958,84.04007141192236
42.95496594690636,91.36397275752508
37.87299045483425,65.6983923638674
37.80709718539818,87.24567774831853
8.542417776305866,60.83393422104468
86.72556599082569,72.38045279266055
31.15241077299261,34.521928618394085
28.01461033528635,32.61168826822908
55.309427452855076,65.84754196228405
25.923485278916104,24.938788223132885
6.940886060879925,49.35270884870393
68.75750972456358,70.60600777965087
84.70205504735394,108.56164403788316
72.82527941014565,112.26022352811651
13.823156325340047,45.85852506027203
95.43989655124871,79.95191724099897
33.45547159668416,35.16437727734733
40.66958600092927,66.73566880074341
60.202929798208636,73.36234383856691
94.08172899751145,110.06538319800916
51.69456245075099,101.35564996060079
69.21414227562984,55.37131382050387
61.01182405779525,64.4094592462362
47.82977144727995,45.46381715782396
30.871950701215944,60.69756056097275
19.94180012574105,66.35344010059283
72.9237983820725,114.73903870565799
3.1459967067189454,34.31679736537515
89.63038974870936,125.10431179896749
33.91886022196285,39.735088177570276
86.23569450862064,113.98855560689651
92.83514772776691,98.26811818221353
17.974372577695185,32.97949806215614
85.24213714014067,126.39370971211252
4.795873754505154,15.836699003604119
19.399163392300032,19.719330713840026
89.24223237494681,81.59378589995745
63.172849468512624,85.9382795748101
51.565802094773304,75.45264167581864
40.72973820397886,52.38379056318309
4.389246496289689,34.11139719703175
43.32061705986657,81.45649364789324
67.81958758889682,68.65567007111746
82.95529577128535,116.76423661702827
86.74827831389666,84.99862265111733
37.64933699950497,62.519469599603966
74.24594251941902,80.9967540155352
41.540103837422,43.4320830699376
16.77490763621211,33.81992610896968
61.898226509791485,89.71858120783318
74.85339589105405,59.88271671284324
99.4492599910952,134.15940799287617
48.88511276410142,61.30809021128113
71.78288859985574,68.82631087988459
81.52347584174284,67.01878067339428
95.65297400097302,77.12237920077841
97.53768120061285,109.83014496049029
0.20356191305114235,10.962849530440911
96.23649911799717,85.38919929439774
66.19763859124224,73.35811087299379
47.40681426870906,39.725451414967246
24.692321758709756,61.753857406967796
60.04637782916679,108.03710226333342
23.550470378199396,43.440376302559514
11.881131859031823,13.104905487225459
86.79201301935109,97.03361041548087
90.20348703821554,80.56278963057244
45.923883693940034,81.13910695515202
89.93475985377995,81.54780788302396
74.14442026711873,83.91553621369499
96.55921043587304,118.04736834869843
80.76185464640169,83.20948371712134
19.20504833546127,63.96403866836901
58.60468182186212,67.2837454574897
75.06438847540085,90.65151078032068
36.07478261628485,40.259826093027876
10.439230924879483,18.551384739903582
35.41151879317388,76.32921503453909
91.29110831409221,99.43288665127376
38.71937335644691,45.975498685157525
57.357636305957996,101.6861090447664
88.522101662291,89.4176813298328
78.001314825797,105.6010518606376
43.78337343015456,53.02669874412365
11.835727302332488,68.26858184186598
35.69212695073291,39.35370156058633
45.66902024331828,36.53521619465462
18.863134873195797,52.89050789855663
78.10772508653176,72.0861800692254
33.33737543785649,78.26990035028518
36.7729865020507,64.21838920164055
96.20382567391772,123.76306053913416
81.08738731445081,112.26990985156064
69.83189166090685,70.86551332872548
49.05425698376021,71.04340558700817
83.97213648292154,76.77770918633723
97.75047292002085,113.00037833601667
80.40287984280118,117.12230387424094
7.3360243866355646,41.868819509308445
13.30529934121114,64.6442394729689
81.80029402739753,84.04023522191802
99.10221393484692,129.08177114787753
33.45182481161206,37.56145984928965
70.36121415614836,86.88897132491869
19.259230474387035,38.80738437950963
75.23331377917579,60.18665102334063
81.22591434116616,67.38073147293294
31.75134454630877,45.801075637047006
0.6379156704757305,13.710332536380582
89.17125826327946,77.33700661062356
11.777988252652815,26.822390602122248
72.8180515847831,70.25444126782648
46.31194543599544,96.44955634879634
36.08480383383063,87.6678430670645
73.08413511706601,91.4673080936528
18.318757879951985,31.455006303961586
82.82642805944775,98.0611424475582
42.11225669004431,64.28980535203544
32.45482085150086,61.96385668120068
41.28039752733647,79.82431802186917
54.58981782190557,61.07185425752445
81.92154325335392,105.73723460268313
55.76799509659656,104.61439607727723
7.7438165768918825,32.5950532615135
4.015318744455742,63.21225499556458
61.592367077774135,75.6738936622193
77.54205036028799,65.6336402882304
10.19180919999445,42.353447359995556
32.6434299592885,34.514743967430796
9.631084411494928,31.10486752919594
42.91911532176045,52.335292257408355
80.54027359958984,85.43221887967188
49.33395565044872,42.46716452035898
62.78836079640055,74.23068863712044
57.700478285639825,52.16038262851186
48.78890693096899,90.63112554477519
44.495477969134434,56.59638237530754
74.98787575406273,89.39030060325018
28.122308618783663,32.69784689502693
99.94737892115026,104.5579031369202
12.875095807513958,10.300076646011167
20.163516296615715,47.330813037292565
39.91947732943465,90.13558186354771
14.908123495770809,26.926498796616645
30.91723148251685,32.53378518601348
17.88216361993341,67.70573089594672
32.294228278965456,45.03538262317236
97.05372652429787,90.8429812194383
79.06357818424365,74.05086254739493
86.6198211995277,113.09585695962215
91.93445980252494,111.34756784201994
84.85123400807798,111.68098720646239
29.313432189380283,70.25074575150421
37.72848022873849,85.98278418299078
52.94140987236371,84.35312789789097
77.87798828777859,84.50239063022286
39.58596413684726,50.2687713094778
55.55543796357618,48.64435037086095
61.8304076698187,75.26432613585496
15.365989470237606,26.09279157619008
19.673316929791294,51.13865354383303
61.369127751659214,60.49530220132737
71.50431264515028,89.60345011612021
83.52614089458842,88.42091271567074
70.05856765279866,77.04685412223893
17.84938684595444,59.879509476763545
78.55687229256316,106.04549783405051
93.41076080223435,105.92860864178748
23.69840416681769,24.958723333454152
35.75030531366722,73.00024425093378
99.01236111123423,117.60988888898738
35.005618648877466,75.40449491910196
83.34568000601463,108.67654400481169
27.215790468529466,33.17263237482357
23.275870085154093,67.22069606812326
36.369434178331225,82.49554734266498
63.67493142754647,65.33994514203717
44.35027296240202,72.08021836992162
13.135306674007996,44.10824533920639
24.751055383897036,38.40084430711762
55.229787805350064,84.98383024428004
91.82484318600322,75.25987454880257
76.97286284251041,65.17829027400833
64.55599859300915,58.24479887440732
12.167585495658262,44.5340683965266
22.21519555398761,72.37215644319008
61.04394448979594,102.83515559183674
63.162017358433985,79.32961388674718
79.70881100281169,107.56704880224933
35.695741499769355,88.55659319981547
37.113342062742724,53.69067365019417
73.18730702190695,62.149845617525564
73.61110296267262,105.68888237013809
44.69493851800597,74.75595081440477
14.691835571917245,25.553468457533796
3.5511702678193258,53.240936214255456
18.849496331349513,54.679597065079605
7.762004063034455,62.00960325042755
79.19145670189145,122.75316536151314
15.155095467354329,13.924076373883462
32.09870926530661,42.47896741224528
66.3490686806946,74.07925494455569
87.86652063882346,90.69321651105876
71.1206488131178,70.09651905049424
19.874442501932776,56.09955400154621
6.762073532554835,46.20965882604386
79.35648067818865,73.08518454255092
57.56762338186894,46.05409870549516
23.923746221003938,40.73899697680315
27.318095860376634,53.6544766883013
35.6631994094505,30.3305595275604
66.689641637771,81.5517133102168
27.396828953034614,80.71746316242769
3.771107412439789,17.416885929951828
26.89807981339828,63.51846385071862
55.074095357032895,92.05927628562631
90.45998209720054,96.36798567776043
53.72232000070001,72.97785600056
67.43246095817985,57.54596876654388
61.314709230897414,69.45176738471793
5.931994510915562,14.945595608732447
12.388588704509084,25.510870963607264
53.3293174545977,62.46345396367816
87.36831206238853,115.4946496499108
75.40724210808096,65.72579368646478
2.1437069228274264,48.51496553826193
12.745319875893312,36.596255900714645
11.057035618984546,9.445628495187638
30.82131598484996,72.05705278787997
27.88816323734864,63.110530589878906
46.346015144046426,49.67681211523714
2.8659283876842467,37.692742710147385
75.65530514836183,75.52424411868947
17.009053026888775,64.00724242151101
37.99833751251168,70.59867001000933
74.20851050548745,73.16680840438997
87.27504451936795,128.02003561549435
94.64273856770672,83.51419085416538
54.80996718203019,49.84797374562416
98.03414704159492,87.42731763327595
73.26971089523416,70.61576871618732
7.4029963072323675,7.722397045785894
14.625851556741033,24.900681245392825
64.06031523714022,105.24825218971216
6.623315414328146,7.0986523314625165
67.07024031975419,107.05619225580335
26.501373714704833,51.801098971763864
79.62874192691929,107.50299354153543
80.17747426599584,68.94197941279667
81.77855184179796,124.22284147343836
57.04823236568176,81.0385858925454
55.38570819041681,70.70856655233344
68.20751833070891,91.76601466456711
62.17941682951077,95.94353346360862
34.697899739552795,42.758319791642236
25.895735454753865,30.916588363803093
91.65023397414562,91.3201871793165
82.13616213590718,78.90892970872575
94.11691626792089,89.69353301433671
28.00313649162015,53.602509193296115
85.96051098393231,112.56840878714584
17.56526119218458,45.852208953747656
47.81813325595854,64.65450660476684
7.676779383435106,47.541423506748075
88.13017597843597,82.50414078274878
50.458564662116466,82.96685172969316
35.955312625910885,66.5642501007287
3.9790436508906457,30.78323492071251
14.662190698376731,61.529752558701375
53.86213737693415,102.48970990154731
11.524613504576076,24.219690803660857
95.75304030557984,116.80243224446387
95.97673541592853,110.38138833274282
11.091562205538763,14.273249764431009
18.49597240572024,55.59677792457619
39.17637384511083,52.34109907608867
72.82984277606192,78.06387422084954
98.8965372769528,105.51722982156224
91.03218400989368,106.42574720791494
18.820315597015835,19.856252477612667
56.21548503475099,44.9723880278008
78.93768264032684,115.35014611226146
96.50133094230664,105.4010647538453
68.9665373757487,79.77322990059895
10.037853316865952,29.03028265349276
11.02412785272201,10.619302282177607
6.789956983920964,33.03196558713677
69.26227430572082,93.20981944457665
80.98400931396647,107.38720745117317
79.78182499146739,68.62545999317392
16.80225908721873,51.241807269774974
57.44573333652703,72.35658666922161
32.5672064366499,84.2537651493199
87.91550633817515,99.13240507054012
38.60183387454404,80.08146709963522
37.575219933914894,64.8601759471319
10.806813057304376,57.24545044584349
70.93747344613311,57.349978756906495
56.007231802142634,97.0057854417141
45.74113178693282,43.19290542954626
55.61618016196279,61.892944129570225
20.97539380058556,26.380315040468446
0.8788392361763764,49.903071388941086
99.50668341447184,91.60534673157747
58.25012698996168,80.80010159196934
41.480798095745044,88.38463847659602
11.41306995262983,57.73045596210385
56.94792476630711,62.95833981304568
4.82972955259201,59.6637836420736
66.65762759676448,84.52610207741158
61.330331026260666,109.06426482100852
57.39856217659723,93.91884974127777
13.749314067647722,60.79945125411817
12.883190850711602,48.706552680569274
12.507393327402527,62.20591466192201
69.23018001297862,114.18414401038288
63.32031700119612,72.2562536009569
26.758584255639605,73.00686740451167
77.4059889523066,74.52479116184529
7.248293451486532,7.598634761189226
86.17178729485062,112.13742983588048
7.029720568514374,62.02377645481148
20.244144871541604,17.995315897233283
39.12869159320124,83.50295327456098
47.24220670694239,49.193765365553915
21.795698536075893,21.636558828860714
57.46385869983506,86.17108695986803
87.66982485828436,70.73585988662748
3.5097060169871575,2.807764813589726
80.78280965371198,97.62624772296957
70.76992205656897,95.01593764525518
71.95636783681772,83.36509426945418
31.34145590981092,51.47316472784873
33.378719074061195,61.50297525924895
62.72984250908059,95.78387400726447
35.66302335763156,80.73041868610524
41.53940698307721,35.63152558646176
11.551430152786802,32.04114412222943
86.70079516971609,119.76063613577287
79.61986054702743,64.29588843762194
45.191964948861184,84.15357195908894
22.74469945704486,56.59575956563588
95.08050627660151,124.6644050212812
22.89540221270573,44.71632177016458
19.812972390598247,24.8503779124786
3.1449075991822895,15.715926079345829
60.32070382002666,80.05656305602132
19.286274262185643,32.82901940974851
17.350349996349124,42.08027999707929
4.114550953500307,5.691640762800245
90.16160169086103,76.32928135268884
83.7002985135887,93.36023881087095
61.50448718306391,52.80358974645113
0.3214810217846975,32.05718481742775
18.090448554784288,49.27235884382742
19.402946138321752,40.122356910657395
71.3038453017153,102.04307624137223
68.34902175204938,84.0792174016395
17.806473460888473,68.84517876871077
75.91774409489575,117.1341952759166
1.060452640398457,36.84836211231876
89.9302239747486,82.14417917979888
62.06646341138755,102.45317072911004
78.86677332949702,108.09341866359762
4.92667287112395,62.74133829689915
69.90984785232935,99.72787828186347
31.66308564393733,40.93046851514986
25.93233103357936,67.54586482686348
26.385273120784348,71.50821849662748
72.61052378588141,59.288419028705135
11.96313908872889,36.570511270983104
38.007936752151,76.60634940172079
50.75823172466579,63.40658537973263
95.5071233476746,115.40569867813966
90.8645206881279,84.69161655050232
81.94028499221055,121.35222799376842
51.913292784148155,83.53063422731853
45.377231242686875,45.901784994149494
93.63935768533375,120.51148614826698
53.332594679622645,76.8660757436981
61.64068956630333,88.91255165304267
12.799101468339401,15.03928117467152
34.0006162219154,81.80049297753231
26.772578976310115,23.218063181048095
43.29707301064799,58.63765840851839
66.0721145364453,67.25769162915624
19.325698054140073,56.86055844331205
97.86015456969702,87.88812365575761
72.7450990629838,76.19607925038704
19.570896544537142,57.056717235629705
11.440423092791384,15.152338474233106
55.20302974459222,69.96242379567377
18.577298557674272,48.461838846139415
47.137667573502064,59.310134058801644
9.989971727036284,42.79197738162902
65.27323266729167,75.01858613383332
91.0011345804874,105.80090766438991
47.513095523580695,71.01047641886456
41.29686655143314,68.43749324114651
72.83030660694824,84.06424528555858
9.262052634012196,62.00964210720974
70.8864920080306,101.10919360642447
71.36879407024807,82.89503525619845
99.28518654260037,135.2281492340803
7.056916514651224,32.645533211720974
35.83911167669746,51.471289341357966
39.00698987205536,58.80559189764428
52.48695985977554,54.58956788782044
16.38440462926969,13.70752370341575
16.26520641339938,69.41216513071949
77.86998699727144,74.29598959781715
43.52400606432487,91.21920485145989
77.07895536012069,114.46316428809655
78.47664740858157,87.98131792686524
53.6487605701231,57.31900845609848
88.45378762553726,77.96303010042982
72.0680201141291,111.65441609130326
65.26185205934318,82.20948164747455
29.597402654962714,62.67792212397016
91.35497811636064,73.68398249308851
56.250915983574934,91.80073278685994
38.263667848297935,88.81093427863834
75.48901188554748,114.99120950843798
71.53587318366498,110.02869854693196
21.974994544216354,46.97999563537308
57.886333592731084,54.70906687418487
97.5279254301091,78.02234034408728
78.75404646380754,67.20323717104604
13.377120658164676,12.50169652653174
33.88702909228996,78.10962327383196
4.246531286324428,3.9972250290595426
35.42460773509985,65.53968618807987
33.86473403496409,86.49178722797126
98.46372660328908,117.77098128263125
48.53219443408374,55.62575554726699
35.17392090918228,47.939136727345826
63.36953189519772,100.49562551615816
30.353750761477315,38.68300060918185
88.8257085475713,80.06056683805704
99.24943812170505,138.79955049736404
68.1354093825833,102.50832750606664
83.14273288040033,102.51418630432025
13.650841210990528,19.920672968792424
52.967273880960754,76.5738191047686
62.193166168514615,108.55453293481168
73.96274047778331,77.77019238222664
45.90687480390072,57.72549984312057
41.71566582112213,85.57253265689769
1.6799968688428923,22.343997495074312
59.34143764379942,106.27315011503953
34.041077782598265,38.63286222607861
36.55950478473354,32.847603827786834
25.733121675782233,67.98649734062577
82.51214149215131,91.80971319372105
8.229244585168228,55.18339566813457
23.047048105882407,38.237638484705926
30.243397778809943,48.79471822304795
55.352892432369835,98.88231394589586
71.79659301446803,101.23727441157442
47.618460271362174,44.694768217089745
45.834110484518,93.66728838761438
85.82574377621847,121.46059502097478
85.66019507669654,72.12815606135723
74.82016350541537,98.25613080433229
82.03668121037303,125.62934496829841
86.34746356034499,111.67797084827598
26.006068511302736,38.80485480904218
45.392765776830934,61.51421262146474
86.26600782518959,118.81280626015166
72.29823664408809,69.83858931527047
63.499310878051006,94.5994487024408
73.27131369110629,110.21705095288502
38.38768727189618,50.51014981751695
35.78140553367566,30.42512442694053
51.280094007761555,78.82407520620924
18.537935859764644,48.43034868781171
43.633805296993856,43.90704423759509
58.88750767301839,65.11000613841472
8.48829926501532,19.990639412012253
96.97246391351011,119.5779711308081
61.20340906561187,77.16272725248949
91.81289344590718,88.45031475672575
5.119350952697532,43.09548076215802
6.941040207320848,38.55283216585667
85.04287282126654,113.03429825701323
33.705496592207,53.36439727376559
4.8943924197523465,41.115513935801864
68.53126600418628,90.82501280334901
47.49411961993183,39.79529569594546
66.66321052018324,112.73056841614658
51.86939687908011,96.69551750326409
59.694815701629814,101.15585256130385
61.90119346089967,52.52095476871974
3.6290653882912416,31.703252310632987
65.80444026928379,89.24355221542703
70.81484726659083,66.85187781327267
64.29275035910833,99.43420028728664
99.28970570385842,99.83176456308674
40.240196833305795,89.79215746664462
15.720447199172172,69.57635775933772
81.04061963300138,90.6324957064011
94.06593256293439,122.05274605034751
24.634713561801224,32.30777084944098
17.610430070059202,18.88834405604736
18.315295561014256,39.852236448811404
78.82955816358505,112.86364653086804
21.750118353200232,31.800094682560186
62.89176220269359,88.11340976215487
63.072246184680495,63.05779694774439
40.55687481479326,38.44549985183461
22.042037022846152,47.63362961827691
67.00438725688885,81.20350980551108
67.83589650224204,67.46871720179364
88.70664205272298,106.96531364217839
66.6495627997502,82.11965023980015
57.666689909260015,56.93335192740801
45.43054548036217,56.14443638428973
80.96876978330813,76.77501582664651
70.60781667693662,64.2862533415493
23.340248760890624,28.272199008712498
73.61100530233357,112.88880424186684
74.0074762213045,75.4059809770436
49.35402417031105,67.08321933624885
74.98309381484745,118.18647505187795
70.56379862056666,103.25103889645331
31.49946998012556,41.399575984100444
74.68997100854723,68.15197680683778
61.00038912436745,79.40031129949395
72.20588377074054,100.36470701659243
73.93630304681729,60.949042437453826
81.70944734743635,119.96755787794908
63.99914580633662,93.1993166450693
51.424874900073426,68.13989992005874
5.048247039774612,34.638597631819685
26.247484566488332,70.19798765319065
36.47887147809751,89.183097182478
2.328355971612006,10.262684777289603
1.1320328750104913,11.70562630000839
87.40668129014992,86.72534503211993
0.9600406378310722,45.76803251026485
29.963783400833876,70.7710267206671
79.1609478078176,102.92875824625409
82.37934001138728,123.50347200910983
72.71949938313007,105.57559950650405
24.40427842238182,32.12342273790546
47.605996125666664,80.68479690053331
1.1358470365035345,18.908677629202824
61.96659504050637,58.5732760324051
7.236828035814346,57.38946242865146
42.898671103460764,38.518936882768614
88.13086483656865,82.50469186925493
89.47312823183464,106.97850258546771
46.41320416855422,86.93056333484337
77.11150153951638,92.2892012316131
95.68324941674308,132.34659953339445
54.6599528173839,73.72796225390712
68.87314910300927,106.6985192824074
29.670400739757863,30.336320591806288
12.817031392947998,32.453625114358395
37.398718173204124,76.71897453856329
62.7797609157383,73.02380873259064
55.05881866406549,101.64705493125238
39.43919248926665,39.95135399141332
61.54959434049366,92.43967547239492
95.17420516980202,125.9393641358416
43.54554509475297,81.03643607580236
46.86478976627245,61.49183181301795
48.59349199378359,43.67479359502687
85.88166238757348,84.90532991005878
58.808298737290976,50.64663898983279
3.280592170449148,42.224473736359315
39.27293812221446,44.618350497771566
84.55899384363312,91.64719507490648
78.05216458312607,112.24173166650084
47.742544382989784,90.39403550639182
74.51858773673767,89.61487018939013
94.46965460642683,93.57572368514147
21.057478808842532,74.44598304707401
20.340369214394283,46.27229537151542
95.3921733560689,107.51373868485511
88.05478476247775,106.4438278099822
89.72294144279816,81.97835315423853
50.47577718283435,69.18062174626748
57.94734462409793,70.35787569927834
35.54505980887922,41.036047847103376
56.54446644006078,96.23557315204862
36.120873284767896,57.696698627814314
62.216917511716375,64.7735340093731
83.38408497165591,120.70726797732472
41.79321356985138,50.8345708558811
85.45500914720576,98.9640073177646
48.73401443829778,49.78721155063822
34.83727611829364,85.46982089463489
18.025233551147267,40.220186840917805
25.983246099907888,75.9865968799263
73.43681192382384,76.14944953905906
67.81257345265075,100.45005876212059
74.30094048029677,97.24075238423741
15.745119025514631,41.9960952204117
1.4982667920927506,8.3986134336742
56.37092138403473,45.09673710722779
17.57172416699739,55.457379333597906
95.09248460501944,88.07398768401555
98.2983865713454,110.43870925707633
60.63987050122827,50.31189640098262
58.81974086792123,101.65579269433698
51.125771481618585,45.100617185294865
11.436762933780608,21.749410347024487
2.4222905701103192,24.13783245608825
22.557566341248247,54.6460530729986
75.65733408027964,96.5258672642237
19.094842882126486,17.075874305701188
83.45479814080291,121.96383851264231
51.69987219442098,71.95989775553679
91.70255847260614,79.96204677808491
22.692023822951914,57.15361905836153
35.6447830890409,54.91582647123272
67.23202064379882,94.58561651503905
74.57227931132698,71.05782344906159
84.03719336898735,103.82975469518988
42.38143451371771,80.10514761097416
45.33956739144197,66.27165391315357
63.204392615514614,103.36351409241169
61.416931737518645,73.73354539001491
62.29823506506125,97.238588052049
28.658379410616597,48.726703528493275
91.75101617731283,130.40081294185026
65.42980532541203,56.543844260329635
35.59574655261739,70.4765972420939
15.118866407743692,32.495093126194945
37.17119062064458,63.336952496515664
11.806107234245843,44.84488578739666
30.439529286185596,37.551623428948474
50.805073733156625,77.84405898652528
60.46688945963354,89.77351156770683
37.00312099808405,87.20249679846722
94.50132840787296,131.40106272629836
63.38237000596614,63.905896004772906
75.04598466528826,64.8367877322306
48.279681692787236,53.62374535422978
6.163561243769378,39.1308489950155
5.176404980649996,63.541123984519984
40.238073136196164,54.99045850895692
12.434390422002007,21.347512337601604
99.63193755877771,119.90555004702216
2.7368993830585886,8.189519506446869
34.94240171496895,50.75392137197515
6.8578647812419735,5.486291824993579
82.74911798630752,100.99929438904601
92.02860538383719,132.42288430706975
96.86244607512052,117.6899568600964
20.292078824284253,58.2336630594274
90.92031799641705,120.73625439713364
96.29310264744822,81.23448211795859
79.98753507531771,89.79002806025416
64.98962631518356,105.99170105214684
96.96088787201941,99.76871029761554
46.52556180815714,37.820449446525714
79.8369838149919,83.66958705199352
3.534440949933837,20.227552759947066
38.801422939097975,88.64113835127837
93.79355919293376,90.634847354347
75.60137121791695,79.08109697433355
31.942451108255586,27.95396088660447
21.005478772259345,75.60438301780746
50.02319619188654,49.61855695350923
71.99242376512693,116.99393901210152
41.7568881627019,42.40551053016152
64.22742925258163,106.58194340206529
50.413360805409404,90.73068864432751
86.84600915941398,96.47680732753119
9.297224069526477,64.43777925562117
44.340157187553295,61.87212575004263
42.56709093178343,58.65367274542674
34.23654902151397,81.98923921721116
6.068536460970697,14.454829168776556
24.342995874352326,62.07439669948185
69.11325941964749,110.49060753571798
67.8415329202188,107.07322633617503
82.99066875059873,66.39253500047899
13.638526330527467,33.710821064421964
59.345515532618684,70.87641242609494
33.98008877063714,28.984071016509713
96.3033964605701,117.84271716845606
83.78334329612109,92.22667463689686
43.3174548085857,62.25396384686856
69.82287646713932,104.45830117371145
73.76970998280822,76.41576798624658
17.967473568905813,23.97397885512465
29.74233526585026,45.993868212680205
49.61641349056147,79.29313079244918
55.85559604109186,63.88447683287348
15.099306089739695,13.879444871791756
95.31282889371725,115.25026311497379
35.8796089534501,43.703687162760076
0.36881761862447293,2.695054094899578
30.458332774436393,77.16666621954911
38.08728479028494,74.86982783222794
38.615231660233306,74.69218532818664
67.38313322695623,84.50650658156499
14.673158798159369,65.73852703852748
6.876640071852547,19.901312057482034
90.53235151414137,85.02588121131309
70.17539355832658,70.54031484666126
44.84109321156726,87.4728745692538
35.20753408477888,62.3660272678231
91.26962408702029,79.61569926961623
28.030703962126047,39.224563169700836
69.41053603718545,86.12842882974836
35.257105654196664,43.80568452335733
75.94254434378799,102.15403547503038
16.66286789294641,32.53029431435712
23.605380856484814,19.484304685187855
62.19137860060534,91.15310288048427
52.769910924243376,80.61592873939469
93.38666269515848,90.30933015612678
14.274162430069659,54.619329944055714
68.83574247614953,55.66859398091963
69.44951310982448,115.55961048785957
48.95891019191115,43.96712815352892
11.552625811078364,58.44210064886268
20.713713004856494,75.97097040388518
92.15771503051995,120.52617202441596
34.886663106223516,39.30933048497881
98.12194093292926,103.09755274634341
12.700062979398819,66.56005038351904
76.6595680560675,81.727654444854
25.61102866135183,37.888822929081456
93.66506900331942,105.53205520265553
41.765233593524655,35.81218687481972
5.880135375940143,30.504108300752108
72.85142667701591,96.68114134161272
90.09351288742216,92.47481030993772
24.47654423438681,63.98123538750944
42.18365564816975,57.1469245185358
17.919993171938643,31.135994537550914
56.73039888241601,64.5843191059328
20.15032608892303,56.92026087113841
26.18087757508717,28.144702060069736
84.07364612944797,84.05891690355837
5.371281520003446,27.697025216002753
63.79364843881077,103.23491875104861
23.332612689330258,51.066090151464195
20.79722930413669,56.23778344330935
76.11218289642694,104.68974631714156
65.44742747105249,96.75794197684199
56.94644522752178,50.35715618201742
24.341451492868238,71.67316119429458
49.03747841652254,53.629982733218036
63.53283586532926,101.2262686922634
76.32483794522554,81.45987035618043
75.56525759584409,109.05220607667526
19.75331810115729,48.20265448092582
81.99566097183735,73.99652877746988
23.965971028737698,67.17277682299014
25.118115221631886,48.2944921773055
41.993050336405936,45.594440269124746
22.091827319523627,21.873461855618903
52.05033595784877,86.04026876627901
14.773090673830813,20.81847253906465
45.81910889506684,54.65528711605347
50.23169558095103,96.58535646476082
77.67073501326547,109.53658801061238
39.15478026310543,73.32382421048433
41.929923875086395,62.943939100069116
67.53975495131131,100.23180396104904
51.47979209130623,94.58383367304498
47.54950482628374,65.63960386102698
17.870348084570796,52.09627846765663
72.01858064933732,60.61486451946986
25.59314725607651,46.8745178048612
51.30842191183886,86.04673752947109
13.490874563848243,20.392699651078594
23.866584175505146,34.69326734040411
53.01730824839742,82.61384659871793
63.15938456314615,76.92750765051692
23.15212639416164,56.321701115329304
58.17683711126642,84.94146968901313
58.272109055751606,81.41768724460127
63.70539268182935,65.36431414546348
58.19784032259929,93.35827225807942
13.379112299015905,26.903289839212718
29.532683953537575,63.826147162830054
72.61173655533125,116.88938924426499
63.815452992807806,70.85236239424624
12.041734234770763,39.633387387816605
34.74350226866234,74.59480181492987
71.35536739176351,76.2842939134108
89.39496001705758,123.11596801364607
51.08507624015177,73.86806099212141
2.2791070505276068,51.623285640422075
91.16699409978864,129.9335952798309
75.70177861163852,66.56142288931082
41.67865167750563,42.942921342004496
57.89596628497786,70.91677302798229
92.97567945149939,125.98054356119951
58.91380998491022,58.53104798792818
3.8525707314075786,22.882056585126058
67.00591700154195,112.40473360123354
71.88063494190263,101.9045079535221
56.52493025102683,96.21994420082146
84.771819419925,76.81745553594
84.79119253068806,90.63295402455046
66.47046664250462,106.57637331400369
18.641660549893146,20.313328439914514
3.5996943909443746,38.879755512755494
39.21849744501389,82.3747979560111
92.0379837846334,79.03038702770672
64.36466803029242,59.29173442423394
73.69514646614769,93.15611717291816
3.5314549547205365,2.825163963776429
68.75076584878774,102.40061267903019
50.49577806853942,54.19662245483154
66.45880002545476,86.1670400203638
73.82947413526301,83.66357930821042
3.687071317115842,26.94965705369267
88.7625316131359,73.41002529050873
45.76854695061885,73.21483756049508
3.216288060004102,54.77303044800327
82.29829596223857,101.83863676979084
24.380077674473753,51.304062139579
16.449699206891587,28.75975936551327
65.26681393750336,84.01345115000268
81.39349259576939,77.7147940766155
76.8865229669137,79.50921837353096
4.286081234786798,46.62886498782943
63.154541233254626,66.72363298660369
43.59345477595853,54.67476382076682
19.945439133265552,60.35635130661243
8.919538088367506,64.73563047069399
10.886957366929783,38.70956589354382
44.20277632656855,83.36222106125481
92.19819621764218,98.95855697411375
53.316236964310804,94.25298957144864
84.37748833157177,105.90199066525742
96.44632420874332,107.15705936699464
40.48794496459453,61.190355971675615
55.44478560882739,46.15582848706191
69.29666522146661,102.23733217717327
74.72089782699618,81.37671826159695
71.8270778652361,80.26166229218889
11.59438457028994,68.07550765623193
21.138957717257323,45.71116617380585
4.498715413077436,19.198972330461945
83.07650680180079,83.26120544144064
54.723542529760195,94.77883402380814
22.027566184492244,31.422052947593794
73.03104108435143,64.42483286748114
6.591601597354968,19.673281277883973
8.20329197387385,61.162633579099065
86.57069469191798,125.65655575353438
81.98915404603898,82.39132323683118
92.02462738463892,103.01970190771112
26.254961732849726,48.60396938627977
13.202820755747824,69.96225660459825
48.00501704312109,49.204013634496874
18.39407727107677,53.115261816861405
44.15038069991031,65.32030455992825
33.031388883482585,55.82511110678607
25.91174968625005,53.12939974900003
99.87945509392337,100.3035640751387
58.83199997013858,55.465599976110866
45.81535421127754,90.65228336902202
39.426022898722465,42.94081831897797
35.09407881506634,83.87526305205307
96.05928194085773,136.24742555268617
83.32189939057358,70.25751951245886
28.985587377655044,52.58846990212403
18.794049098496536,70.83523927879722
7.6273439889197885,12.101875191135829
17.93265991016588,62.9461279281327
25.724781548769514,44.579825239015605
95.70968019218549,94.5677441537484
94.09480060585275,114.8758404846822
44.22885097917979,83.38308078334381
48.8150400276176,76.85203202209408
76.98441089785297,72.98752871828238
58.72821298830224,76.9825703906418
43.5139227444026,68.41113819552208
63.79892720295726,63.63914176236581
47.29689047980021,46.23751238384017
44.986171922508944,53.98893753800715
50.26484679576624,84.61187743661299
80.89315455996822,70.71452364797459
44.82573906371512,60.460591250972094
91.8902035305118,75.91216282440945
85.41986230418404,127.13588984334723
14.101671508829948,49.08133720706395
75.39340512177021,92.71472409741617
42.00768353145507,37.20614682516406
88.84953699769011,116.67962959815208
29.633175558902792,54.906540447122225
33.2676794262212,71.01414354097696
84.22204220148681,85.37763376118946
59.54709817953122,78.23767854362498
57.857895941897574,87.08631675351805
75.84254669185157,77.47403735348125
59.33869132598502,100.270953060788
61.20896849996812,59.7671747999745
67.23328382137407,98.18662705709926
96.33825936816038,96.27060749452829
25.685189461752735,47.54815156940218
77.10261814279323,68.28209451423459
63.09617241614687,109.27693793291749
44.95714901730664,61.16571921384531
30.924480032077984,40.939584025662384
92.47015916624363,133.9761273329949
15.358943758045507,21.887155006436405
37.38006223020125,81.50404978416098
45.769759766290974,87.61580781303277
1.1831963629657771,2.7465570903726215
85.20554742484883,97.56443793987906
15.312243035753625,36.84979442860289
96.62333723167599,136.69866978534077
13.153022999655617,17.722418399724493
18.406322496748416,42.32505799739873
81.82641644837754,114.06113315870203
4.445525037801956,40.15642003024156
90.23716384958455,97.38973107966763
76.27345193244679,83.81876154595743
51.828697551696024,58.86295804135682
0.7688352031572143,56.41506816252576
38.125707088129545,44.90056567050363
23.887295299281476,53.909836239425175
72.98877961969048,114.19102369575236
68.44244116788309,81.15395293430647
54.77353389069187,91.81882711255349
39.4426991307978,90.35415930463823
4.495399816901468,11.396319853521174
7.406882250604852,44.325505800483874
83.34297879583971,84.67438303667177
78.7071514409724,101.96572115277792
46.41884903609144,95.93507922887315
46.440157538471915,91.75212603077752
42.50561371885016,52.00449097508012
98.61614183896414,113.0929134711713
80.40500846928691,87.72400677542953
54.569470449500514,67.65557635960042
76.47719534402685,95.38175627522148
52.015737437019716,59.61258994961577
91.46799241725543,123.57439393380434
23.758705771709863,62.80696461736788
47.201823658437924,43.76145892675034
87.85241546260481,129.68193237008384
18.85861011794905,47.48688809435923
15.968411092674605,19.374728874139684
37.168785225116785,75.33502818009342
48.2088468192397,78.76707745539176
75.82701377127194,78.06161101701754
74.07882940263246,82.06306352210596
85.31724757507486,68.85379806005989
35.534660753928634,60.22772860314291
84.93916916817146,121.35133533453717
16.385883251367083,34.70870660109366
43.976527763891646,57.981222211113305
92.82631941034349,118.06105552827478
36.604136494890724,33.48330919591258
1.8540192763627061,59.08321542109015
50.32529966383542,64.86023973106833
55.82240675601761,55.457925404814084
89.47583339592939,86.58066671674351
94.69792074541708,83.55833659633366
82.85367609713863,95.6829408777109
34.10505176030715,54.884041408245714
98.55407643883369,132.24326115106695
87.966319699877,121.37305575990159
56.22545630037927,95.38036504030342
94.98500914142952,78.38800731314362
91.57871551712446,124.26297241369956
52.96376553363672,59.771012426909365
93.06019952720102,95.44815962176082
80.19489827422917,67.75591861938334
67.0016286613682,59.001302929094564
98.54404680800529,135.23523744640423
11.127321981092809,63.50185758487424
55.31989680693313,50.25591744554651
94.38878767370883,82.11103013896707
1.2963625833479653,43.03709006667837
29.996389399393884,47.39711151951511
71.21148039241754,82.76918431393403
14.169662893963986,11.33573031517119
63.88107940667527,103.9048635253402
54.12411978203846,68.49929582563077
48.505086025399436,51.40406882031955
36.11394494581126,32.49115595664901
30.800216169431984,38.44017293554559
69.1187653441764,64.89501227534112
31.92678217767806,62.74142574214244
23.077292157289232,71.86183372583137
48.66545234125527,39.53236187300422
12.331185337697248,48.26494827015779
4.508380878854279,51.60670470308341
62.859682497242744,53.2877459977942
9.042379740019335,27.633903792015463
59.75647659418558,85.00518127534846
18.93850242836057,73.95080194268844
92.8088961470736,74.24711691765889
28.329796620305324,42.46383729624426
15.496793273751042,17.19743461900083
67.56552602537512,94.25242082030009
95.7614916326809,124.00919330614471
2.2739925911549053,24.619194072923918
34.350652148818384,40.6805217190547
17.725479728445304,60.38038378275623
37.89515693116922,81.31612554493536
94.2037744345552,89.76301954764415
74.90395090945152,87.52316072756122
44.19537075298291,53.956296602386324
10.193355212977496,54.95468417038199
51.15547671580806,76.32438137264644
18.208860279833207,33.16708822386656
14.212251422658728,44.969801138126975
49.250985145880954,87.40078811670475
42.67725926604449,92.34180741283558
25.60687259552712,46.28549807642169
98.7721747774271,82.01773982194169
59.72098387042547,95.17678709634038
38.297079968816696,60.63766397505335
28.31913741156489,46.055309929251905
89.3897167895881,99.71177343167048
46.39041854694044,94.11233483755234
31.009118919192257,70.40729513535379
98.26595132888664,95.41276106310931
8.54057458593499,37.43245966874799
74.80107535284975,100.0408602822798
45.06360117565104,82.25088094052083
26.67387199716439,78.3390975977315
25.022062256571065,56.617649805256846
57.530650692614756,88.0245205540918
84.25061570011218,95.60049256008973
82.26321037909088,68.8105683032727
51.329341579142564,73.46347326331404
14.81166460294726,49.6493316823578
49.35417320710355,58.68333856568284
71.94972823036554,64.75978258429244
90.08587426870979,115.86869941496784
37.46573327270345,80.97258661816275
65.92105426780871,64.13684341424697
65.67767188246557,63.94213750597246
40.417925101628114,43.73434008130249
48.10270617264801,54.08216493811841
91.63049909845031,117.70439927876025
46.35333358124303,40.08266686499442
19.399323680836222,32.31945894466897
26.359563382182483,28.887650705745983
84.99914546772963,105.1993163741837
51.68549659882502,62.94839727906001
76.63426754697234,67.30741403757787
14.250698602104295,31.800558881683433
55.14092955752561,70.51274364602048
64.09039948014053,78.87231958411243
62.48058824626842,97.38447059701473
32.62124393362657,75.89699514690125
1.2207565066897241,51.37660520535177
9.824187502872949,18.659350002298357
65.28952156440168,89.43161725152135
7.010559453588128,63.20844756287049
6.1195248561817355,64.29561988494537
10.15007260579871,43.52005808463896
16.48932314584727,31.191458516677812
72.17815220575979,102.74252176460783
62.01223976650662,107.8097918132053
58.908033929825244,51.3264271438602
89.08047061484977,85.06437649187981
76.19007079861993,104.15205663889594
59.02439438850645,93.41951551080516
55.185869342750884,51.3486954742007
49.07843689514034,83.66274951611227
20.66023440326599,42.32818752261279
22.891333134471438,33.91306650757715
23.684238749567243,77.14739099965378
93.72201865203193,116.97761492162553
87.90856840523111,103.92685472418488
7.556774795739029,37.24541983659122
95.95295678624883,87.56236542899907
25.510020244569198,45.60801619565535
99.78338139519703,103.82670511615763
98.236081177546,106.7888649420368
11.409780572852736,34.32782445828219
19.55538154582368,24.644305236658944
87.44646332491055,93.35717065992844
0.6517925233822552,58.12143401870579
12.176946794613375,23.5415574356907
99.01049749989028,125.40839799991221
96.21771326666739,108.1741706133339
31.71284840074935,33.77027872059948
28.15019176746144,39.32015341396915
93.3722685082382,84.29781480659055
80.37745035423964,96.70196028339171
57.264748276750986,59.61179862140079
39.29990733072607,73.43992586458086
82.0396419658296,81.83171357266369
21.23316995347987,66.78653596278389
17.711450123754492,42.36916009900359
96.23953005205884,97.39162404164706
27.388362129679845,49.51068970374387
19.535506305170536,62.42840504413642
24.03877917735182,78.03102334188145
58.36617303255234,73.09293842604187
72.56194764324245,105.44955811459396
99.45208363851225,103.5616669108098
37.54914796826069,61.83931837460855
97.77584361452467,138.22067489161975
45.95050748410719,58.36040598728575
0.20354125152738378,45.1628330012219
66.01590886679061,88.81272709343249
48.068172133364705,59.45453770669177
50.13337095301497,67.10669676241197
75.07361971882142,70.85889577505714
22.069351110708133,32.6554808885665
75.67374057553363,104.3389924604269
96.68541763042468,83.34833410433976
58.95324413332308,89.76259530665845
62.055482137352215,98.84438570988176
63.05759688808986,108.04607751047189
16.860537540719424,41.68843003257553
52.99799619553802,77.1983969564304
5.73875089847653,55.59100071878121
15.789427455988047,43.83154196479043
6.366004022689076,60.29280321815125
88.36547402610773,90.49237922088619
9.438735687705401,27.95098855016432
8.83538157652044,28.06830526121635
64.70814479269171,57.766515834153374
43.878469942428346,78.30277595394267
67.3563588994988,87.48508711959903
39.94230326606356,73.95384261285085
49.6116483610349,55.88931868882792
58.037593515695605,63.23007481255648
31.399082740556683,34.719266192445346
94.7260679685765,112.3808543748612
92.13963011371072,91.71170409096858
42.89448757151748,47.515590057213984
43.37758217151385,62.902065737211075
71.11049680949965,113.2883974475997
84.94299534418023,124.95439627534418
29.526322730117204,64.42105818409375
16.426268411419976,41.34101472913598
53.2998728314202,85.83989826513616
44.110855157312734,76.68868412585019
63.778906289222846,90.02312503137827
2.770350623387874,24.416280498710293
63.60750424692989,80.28600339754391
77.20167690809201,108.5613415264736
71.77029171501407,69.41623337201125
65.77675028458297,63.42140022766638
48.26180366256134,65.00944293004908
33.68777558817383,61.15022047053906
93.4208962569589,122.1367170055671
14.321213186948789,54.05697054955902
20.28476724438223,23.427813795505784
87.23663134919475,102.18930507935579
91.38379568785265,108.50703655028212
58.2974912332964,92.83799298663712
66.75193804712166,112.8015504376973
54.34165199595964,78.2733215967677
35.67782190639085,56.14225752511267
16.307947562327907,25.646358049862325
87.10160323520006,108.68128258816003
42.85277185527122,59.482217484216974
7.593669079398014,27.674935263518407
89.48310754309942,73.98648603447954
56.839650091787576,89.27172007343006
89.64740643059773,77.11792514447819
0.03806804860468915,24.630454438883746
10.90417073434452,42.32333658747561
63.7005141572509,73.76041132580072
80.41517631209997,114.13214104967997
16.677040129637057,19.341632103709642
11.539762555569077,68.03181004445526
96.563032214774,119.25042577181921
83.58257770860187,97.4660621668815
25.69105477706105,58.952843821648834
23.15130535597084,39.52104428477667
38.18952899680901,73.7516231974472
13.957437705363906,60.965950164291115
28.02822585143384,73.42258068114705
42.63037241129462,77.90429792903569
12.302648478991774,47.64211878319341
47.97416982389986,56.97933585911988
48.30824817322451,89.6465985385796
32.0200060766485,46.6160048613188
96.91658002084564,115.33326401667651
12.411683045416765,23.12934643633341
49.425873550413925,66.54069884033115
95.10030108885718,109.68024087108574
51.09663993977055,84.67731195181642
86.88865210781171,119.91092168624937
92.20660746589172,106.16528597271338
76.94180677573723,111.35344542058978
0.5484785135547954,23.23878281084383
93.64802494240611,98.31841995392489
86.98212132613318,125.98569706090655
74.53850676207756,66.23080540966205
23.927417153819174,55.74193372305534
52.24713106279712,87.39770485023769
35.37357839364024,45.69886271491218
59.66924317926644,53.73539454341315
94.48432638964529,103.78746111171623
17.45356104218977,24.76284883375181
76.6014184172628,93.68113473381024
71.41965956170684,58.93572764936547
23.36410083460394,60.691280667683145
95.13102523596349,90.5048201887708
81.7386388743102,119.39091109944815
35.28968512446193,87.03174809956954
9.428884437869833,52.54310755029586
41.84044879549972,81.47235903639975
24.197495733081265,59.557996586465
16.365546419691356,33.49243713575308
70.68519165576542,111.74815332461233
74.24256326468455,61.19405061174764
74.5690254708397,63.255220376671765
71.74526784203204,87.99621427362563
9.143107884321678,12.714486307457342
28.76713990860067,32.01371192688053
70.15059353166552,88.52047482533241
41.89925268845962,51.51940215076769
59.54690950185921,101.63752760148736
87.67437122550686,94.13949698040548
78.82977163345969,115.86381730676774
60.76833432031125,52.814667456249
40.96802773992445,59.77442219193956
59.00582544443827,79.00466035555061
33.124677896404044,75.09974231712323
54.95697994467581,99.16558395574063
61.81848830428365,75.25479064342692
16.475980450191418,31.180784360153133
33.381111515023385,32.704889212018706
36.88154371222563,34.3052349697805
84.47637847840028,71.78110278272023
50.23778067849031,83.39022454279224
21.23838190945738,30.190705527565903
6.460413247768826,24.368330598215056
47.79938186980219,89.23950549584174
2.2023550308434503,7.7618840246747585
72.65859617821235,72.52687694256987
24.482297783568065,57.385838226854446
48.23670271461731,94.98936217169384
84.15338758660194,100.32271006928156
19.31244313529582,63.449954508236644
88.41669078671161,73.73335262936929
95.01698663055583,110.21358930444467
63.362391931708416,68.68991354536674
44.32865395406444,55.86292316325155
23.69327840529841,78.35462272423871
57.85688466950247,76.88550773560198
49.92093454045633,40.53674763236507
86.75774422454526,79.00619537963621
27.869602597176304,57.69568207774104
50.22545331221732,79.18036264977385
32.137899806908145,37.71031984552651
3.078004670397416,20.46240373631793
95.69142880047735,95.15314304038188
44.5163537264197,51.81308298113576
1.1327222280669291,28.506177782453538
26.852504181778514,56.2820033454228
46.82403035536292,96.85922428429032
61.51209051823702,73.80967241458961
51.614270439294565,83.29141635143566
80.42632472172163,94.3410597773773
24.997492446048707,19.997993956838968
94.93174146630963,84.34539317304771
49.53081424034747,90.02465139227797
25.501988451073686,22.201590760858952
14.670745579171118,65.73659646333688
28.86358792629171,72.89087034103336
2.3928620286740587,38.514289622939245
89.89494074367018,98.91595259493613
2.6472779008626657,60.91782232069012
93.23991302994814,89.59193042395852
75.436001924091,98.1488015392728
52.545128672405426,42.63610293792434
18.330771037940195,57.86461683035215
51.59504174769667,97.67603339815733
26.799877242166794,34.039901793733435
23.294748084557813,49.23579846764625
53.034939550129344,82.02795164010348
7.716635370532243,43.37330829642578
32.94410455603705,83.95528364482962
63.9467669042412,76.35741352339295
43.43710829996002,59.949686639968014
73.42486899814622,88.73989519851698
57.83178449944516,87.06542759955613
50.201185783464695,94.76094862677175
48.34966788076371,84.87973430461096
42.66935544779308,61.73548435823446
88.35286359577469,87.48229087661976
91.4864784131441,104.38918273051527
33.292151749691556,45.233721399753236
73.9770496260198,101.18163970081585
20.095861211292632,41.8766889690341
16.59649780082009,24.677198240656068
30.511802108635788,65.80944168690863
92.59809028055965,128.0784722244477
84.5988222910035,97.07905783280279
80.07515560069557,101.26012448055644
75.99122136449633,118.99297709159706
27.472373250256254,46.577898600205
23.320665709340716,51.65653256747257
71.60490929207396,102.28392743365916
55.999111764290355,46.59928941143228
95.17642956080425,76.7411436486434
41.23502729024015,46.18802183219211
41.67762068380818,71.14209654704653
7.945255039100385,56.7562040312803
50.40338980831503,56.52271184665202
5.474144054086805,10.979315243269443
50.32240994263427,93.65792795410741
69.30347127603774,90.84277702083018
52.44167982285599,79.15334385828479
5.212421134201906,47.969936907361514
91.29221077256926,88.63376861805541
80.00895806601602,106.00716645281281
64.6193333676958,91.89546669415662
90.21638790154597,130.97311032123676
62.559389156558574,54.24751132524686
17.915766963561673,19.132613570849337
3.5588666973992322,10.047093357919383
92.18160024986052,130.14528019988842
43.94184466849646,50.75347573479716
98.32339486160122,103.25871588928098
70.00837334905825,71.60669867924659
48.33245872705548,54.26596698164438
95.45857257165306,92.56685805732246
50.3458040206318,73.27664321650545
94.74494504990483,116.59595603992386
74.81565803184392,61.65252642547514
65.62402563765013,68.0992205101201
71.57986889771936,72.2638951181755
15.476525247906459,59.18122019832516
65.32699109006455,107.46159287205163
60.73880969684239,51.591047757473916
83.19519969760188,107.3561597580815
1.61503879411945,21.692031035295557
71.06458359986067,56.85166687988854
38.26202485647276,65.4096198851782
31.557047393063886,54.045637914451106
28.94403827477867,72.95523061982293
46.91449909311217,56.73159927448973
69.58392401094885,68.86713920875908
52.17881890386757,74.74305512309405
74.98601775845987,81.58881420676789
43.240655874797454,39.39252469983796
74.6096046422937,92.08768371383496
90.44052513120062,111.9524201049605
27.836542803099363,73.86923424247948
73.97952641085882,113.78362112868706
28.278070280012415,40.62245622400993
40.26711357755186,47.81369086204148
74.96165084269471,64.16932067415577
1.6716260894519164,34.937300871561526
90.05721479189064,90.04577183351252
99.23621923317586,120.78897538654068
68.41247057583297,113.52997646066638
50.723465973412516,95.17877277873
44.94403129184524,92.35522503347619
60.6790916611241,88.14327332889928
41.822723309536734,47.85817864762939
79.07516938079274,81.8601355046342
43.5830452603425,40.866436208274
21.324996717590928,51.859997374072734
56.617578458136144,60.294062766508915
36.59731063955783,53.27784851164626
50.90307167224529,95.32245733779622
67.42843723074965,94.14274978459972
87.3316740578701,92.66533924629609
39.66747586337524,46.73398069070019
46.46603619388332,64.77282895510666
79.71759695691179,102.17407756552943
59.588244499792644,83.67059559983412
89.55162716476352,81.84130173181082
36.014328083582726,84.01146246686616
15.92105166240464,45.736841329923706
43.97167133765204,59.777337070121625
96.69403861203611,107.9552308896289
59.46246145683378,89.56996916546703
92.9168431995651,127.13347455965206
77.08622446785918,106.66897957428733
48.67076737935888,95.33661390348709
50.45337343994517,96.16269875195613
9.231054811193628,26.584843848954897
73.32405503716558,88.65924402973246
10.814270401121927,39.851416320897535
47.230377902140944,73.18430232171275
62.47858208132961,102.18286566506367
74.28628894904175,106.22903115923339
73.83738460577055,109.46990768461643
43.654399918870155,64.92351993509612
19.80630664514056,56.045045316112436
79.09888426950168,107.07910741560133
80.00181459861292,81.40145167889034
23.002222243977766,21.401777795182213
60.746021324274565,98.39681705941965
86.19148173118423,128.95318538494737
96.10702066255548,100.88561653004439
7.744058970413503,52.99524717633079
95.54262922085202,101.63410337668162
42.70336551591518,59.96269241273214
83.8688250318022,111.49506002544176
46.61455641792857,62.49164513434285
6.992832598382426,30.794266078705938
30.345264021491424,39.87621121719314
59.55564275373523,75.84451420298818
1.2535237600437177,25.60281900803497
65.98516467526954,61.18813174021564
12.756000153047554,67.20480012243803
10.41211862163889,46.129694897311104
70.39537749373555,101.31630199498844
60.56838558171348,56.854708465370784
94.01965757376439,120.2157260590115
77.0303662039382,81.42429296315056
7.5093278818932685,12.007462305514613
11.39500833804391,39.71600667043512
87.48088912414008,82.58471129931206
36.0849771072007,81.66798168576055
25.796760326288716,61.43740826103097
19.695499944047356,30.15639995523788
3.58751929311234,30.470015434489866
15.260915728068492,32.00873258245479
83.35860466559762,90.6868837324781
14.149554051370616,23.91964324109649
84.26528133823933,100.41222507059146
29.321933960362035,57.057547168289624
16.889148476173588,17.71131878093887
90.67188856738123,107.93751085390498
57.94525875919017,64.35620700735214
77.20808468358456,74.96646774686765
69.35256073113682,75.88204858490946
15.985305551155736,62.58824444092458
89.36193526649524,117.68954821319618
16.453761709917348,13.16300936793388
15.127014265912663,43.90161141273013
49.12593074777366,89.10074459821891
39.72310213984683,45.57848171187746
61.546990225657616,78.63759218052608
58.490886992824464,80.39270959425957
17.32964296599987,37.86371437279989
74.72419540334677,80.1793563226774
39.84808025576994,81.67846420461595
49.28751804058501,98.23001443246801
28.136249761877608,47.10899980950208
77.95172002168323,108.56137601734657
48.35039870675576,38.68031896540461
15.166162263621208,27.732929810896962
95.82706583929821,76.66165267143857
43.872331878263424,52.497865502610736
68.35283196182718,106.28226556946174
84.34772699240884,77.67818159392708
77.21416835737541,62.37133468590034
28.41528497969619,52.13222798375695
42.83349299728362,55.866794397826894
30.915908256428537,80.53272660514281
51.47389600249195,99.37911680199355
78.2520382233384,83.00163057867071
10.234789650459774,59.787831720367805
82.66448351472302,99.73158681177841
28.804681533984066,46.44374522718725
91.29267894569804,116.23414315655843
67.5759508465829,77.46076067726632
53.53047430465888,91.4243794437271
26.847197994978245,25.077758395982595
11.408911607843885,46.327129286275095
38.70466917263289,80.7637353381063
58.8903975670376,88.51231805363008
1.6943906374172646,37.955512509933804
10.63659064927338,34.3092725194187
64.04591866119989,59.63673492895992
27.567208546134637,34.65376683690771
15.717229818808898,45.57378385504711
18.912515448582923,24.730012358866336
17.858048017489192,18.486438413991355
90.75138132417509,122.40110505934007
87.51249992051461,71.20999993641169
44.13174122573178,71.90539298058542
34.275358262366765,77.2202866098934
92.1425810597934,110.31406484783471
65.61234649437068,85.48987719549655
95.95441406279927,102.56353125023942
74.72593466595568,95.18074773276453
18.6286457093494,33.50291656747952
12.60546222292348,38.28436977833878
13.07706251762254,12.861650014098032
74.48274458537509,96.18619566830006
78.22295527991638,88.3783642239331
9.714034261417147,37.771227409133715
92.03841126681044,127.63072901344835
36.10937828183849,64.28750262547078
90.06284181501093,94.25027345200874
24.419562888399216,48.33565031071937
29.33063049595307,43.264504396762455
96.54398108907048,80.83518487125639
7.532482040288313,40.82598563223064
98.79532845793052,122.23626276634441
87.13265477722011,125.50612382177607
33.55160591491884,35.84128473193507
36.69027500927156,62.352220007417245
12.70211925823247,14.361695406585977
77.28518540807403,89.42814832645922
99.65031905826645,100.12025524661316
11.926992628322397,59.34159410265791
61.141663651466224,49.51333092117299
98.129177109912,136.1033416879296
99.54161983026908,113.83329586421527
14.501152894652769,65.6009223157222
94.24843443662697,123.99874754930156
30.801210954623205,84.04096876369854
94.03249246898436,120.82599397518749
62.28440097825296,68.42752078260236
88.26802767173199,82.01442213738558
14.215140768245105,32.37211261459608
86.07663517347484,97.06130813877986
55.080114270141955,74.66409141611356
81.77108907738477,107.4168712619078
35.448348422721324,51.75867873817705
16.101757493586057,59.08140599486883
92.69616698032344,132.35693358425874
37.41273856477029,63.53019085181623
45.068798931711484,77.45503914536917
98.42729737687112,100.94183790149691
51.45410681761417,99.96328545409133
18.598272217573488,27.47861777405879
37.21802816913651,88.5744225353092
93.01895853088628,124.21516682470903
8.965149523384863,62.37211961870788
44.775059404435666,53.820047523548524
47.55568889758693,88.44455111806954
72.52491785198333,58.01993428158667
14.903614837843937,12.522891870275151
21.886311576463413,56.50904926117072
38.30599493228794,77.44479594583035
73.7554130600302,99.20433044802414
41.617332054641665,36.29386564371333
9.620932628844281,31.09674610307542
9.522336263598053,49.017869010878435
18.318676928371413,57.85494154269712
41.37744180002828,67.90195344002262
90.48060026824632,120.98448021459706
83.51918127706497,122.61534502165196
31.684077518364262,49.947262014691404
37.606547234993,71.4852377879944
96.4078150283394,95.12625202267152
11.210413060348124,25.768330448278498
39.39927538040838,38.719420304326704
31.11027217013297,76.48821773610636
54.477913880250796,66.98233110420064
54.147174495556506,91.91773959644519
62.09095201690852,57.472761613526814
79.83839096320531,120.87071277056424
63.37719665185202,66.90175732148161
69.20770832440716,96.76616665952572
1.1559968774909724,12.324797501992775
55.49316599815616,98.39453279852492
56.16056204503099,53.32844963602479
52.56579325211289,94.85263460169031
19.72744777642457,60.181958221139645
17.189138369097613,73.75131069527808
46.00890241584005,91.40712193267203
84.60681505174344,95.88545204139474
72.20032818711493,60.16026254969195
0.1446813526602364,7.915745082128187
44.887357138788445,89.30988571103074
12.603001694638728,25.68240135571098
64.50645116714335,51.605160933714686
64.10293437845007,68.68234750276005
97.9704422384072,98.17635379072577
90.62019492954293,104.29615594363435
2.1261030416528492,3.500882433322279
78.65658953470674,107.32527162776539
24.14823567137584,33.11858853710067
49.64512372235777,99.1160989778862
41.327757928628984,39.66220634290319
78.81272664732907,74.45018131786325
70.43305137656995,85.14644110125596
29.335685823701706,30.068548658961365
80.22886326885819,83.38309061508656
22.339645114816562,23.27171609185325
4.502764580658458,9.002211664526765
2.1112330418809666,52.68898643350476
31.144544188665012,80.715635350932
26.144442188401516,68.31555375072121
97.14903011409459,134.11922409127567
43.0313678518384,56.025094281470714
12.269563900628466,50.01565112050276
8.710570611287727,57.36845648903017
69.47221674844147,68.17777339875317
42.08809968228577,93.0704797458286
88.73129201307572,112.98503361046056
20.55214039035547,65.64171231228437
17.913168415689896,64.13053473255191
35.08790430007088,70.0703234400567
74.15522265332578,109.72417812266062
44.858937708523804,86.28715016681903
61.05349075005585,65.04279260004468
20.253077723813284,49.80246217905062
43.02137820286337,54.817102562290685
6.181994776683575,62.54559582134685
52.46650264432874,90.57320211546298
34.338070996513515,38.870456797210814
97.85477985121906,132.88382388097526
11.443541742213148,31.954833393770514
97.7111292126631,125.56890337013047
42.1041150045952,34.88329200367617
21.892960509342984,18.11436840747439
29.971569153135658,46.17725532250852
14.775234249467106,41.22018739957368
47.06944245359684,54.455553962877474
23.25171572447946,70.20137257958356
83.35123178224649,114.68098542579718
17.834177070424616,31.067341656339693
69.6708371738189,80.33666973905511
67.33539953428182,92.86831962742545
49.96348214324083,84.37078571459266
79.3023403796545,105.44187230372358
82.37517990988938,112.1001439279115
69.49778352615124,57.39822682092099
71.65626676377302,92.12501341101841
71.63404886719373,58.50723909375499
32.234202451977744,82.78736196158218
38.05544145398988,88.04435316319189
10.214474939643237,57.97157995171458
5.271020826444472,43.21681666115557
55.57240305632678,54.05792244506142
2.247013120283492,17.99761049622679
87.27394143529048,102.81915314823237
62.78578297066685,100.62862637653348
64.14102241230827,72.31281792984662
47.616412717319164,45.29313017385533
91.33789616525132,126.47031693220106
78.0196555706964,75.61572445655712
4.896873356537556,48.917498685230036
17.341745044165503,72.67339603533239
25.409240817547197,46.72739265403776
68.06877459636151,101.8550196770892
13.336849552825392,38.8694796422603
46.538802652674406,61.83104212213952
33.768298596897715,74.41463887751817
64.15788516997924,98.12630813598338
6.011230987510108,11.408984790008084
97.01921950844073,121.41537560675258
28.67119875676696,72.13695900541356
41.14746112643719,40.11796890114975
78.60635049318024,66.4850803945442
51.97319429674935,41.57855543739948
49.65119919387638,85.3209593551011
31.188315471628325,41.75065237730266
52.49461527534941,63.595692220279524
64.46849485036178,91.77479588028942
61.15954085277696,57.92763268222157
35.59909181486653,77.67927345189321
70.98633790925729,101.78907032740582
54.92309513153777,56.53847610523022
67.16368978534136,59.13095182827309
84.46216630421802,98.7697330433744
4.372979095214147,24.498383276171314
54.23368921646421,72.18695137317137
23.20327952329556,22.762623618636447
34.51294819608612,55.81035855686889
57.45304462246374,69.362435697971
78.38518234402747,112.50814587522197
97.06517658535331,106.45214126828266
46.698060628063764,74.558448502451
46.168013778011264,65.734411022409
69.65446740185828,105.52357392148662
3.2920277511261253,27.233622200900896
33.90644433826715,62.52515547061371
4.030437284039056,42.22434982723124
54.629766903495906,59.30381352279672
12.332749111855335,17.066199289484267
22.172417731280348,69.33793418502427
94.02862101835147,100.42289681468117
86.18615346785657,74.34892277428526
51.99767111544976,84.1981368923598
13.663777657945086,40.93102212635606
49.590230756136975,86.47218460490957
56.65525914319277,79.52420731455422
14.355989998531705,57.684791998825354
33.72065103346661,68.97652082677328
46.609036098585264,90.0872288788682
15.042361141410277,67.83388891312822
31.589827145581097,85.27186171646487
46.786842032761555,42.82947362620924
74.54605726156277,99.23684580925021
19.389206356518972,68.91136508521517
82.17449017351733,79.53959213881386
10.801626846379387,39.8413014771035
50.102744276981795,84.48219542158543
19.739531382627117,22.991625106101694
14.508000270681942,45.80640021654555
88.01316091489622,84.21052873191698
79.74385754019288,123.79508603215429
88.62863108782668,97.90290487026132
14.059401502911184,37.647521202328946
9.000199239823182,36.60015939185854
5.536446306595533,22.429157045276423
5.0807032292573995,62.264562583405905
95.28300280866944,121.22640224693555
8.009114135316375,59.20729130825309
33.32679352600366,42.261434820802926
30.261997794058814,65.00959823524704
59.613986389668284,59.09118911173463
8.696576284446122,38.15726102755689
18.063236137639382,21.650588910111505
44.46836323528396,48.774690588227166
8.150185521916454,53.920148417533156
8.949193079342221,23.35935446347377
17.00611060625746,35.20488848500597
20.800497603860002,68.240398083088
71.31896260582599,64.8551700846608
66.51213052062256,85.60970441649805
8.895132267059381,10.116105813647504
98.23068336079422,135.58454668863538
8.9380441256112,31.15043530048895
6.802841570446228,40.242273256356974
93.39401771038646,117.91521416830916
90.98153368208227,132.7852269456658
72.76130511821033,118.20904409456826
51.595238251428576,71.27619060114286
45.46596270972908,50.17277016778326
38.150811713855525,76.7206493710844
25.24609943603927,50.79687954883141
83.41103815290577,108.12883052232462
81.78821128850848,117.63056903080677
37.64708539579538,66.71766831663629
6.886258096085596,12.709006476868476
53.45146332069787,47.561170656558296
72.96246437277267,100.96997149821813
64.90013033785065,111.32010427028051
43.695555005077544,81.75644400406202
20.778184198470495,16.622547358776398
71.59531258803,94.47625007042399
75.68717008870185,106.74973607096146
2.447405791042534,51.75792463283402
70.60477120613601,103.8838169649088
11.961614214085026,52.16929137126801
17.909818048795458,55.127854439036355
85.08103154898325,86.6648252391866
21.788022273435825,29.43041781874866
93.9339548410249,92.54716387281991
71.48317374049904,58.38653899239924
11.410265629755356,52.928212503804275
75.67392987587517,118.13914390070013
68.85608828266564,111.4848706261325
97.35831955798795,101.28665564639036
23.796545767079657,31.037236613663723
94.25661854617312,104.80529483693849
28.69227819130129,23.553822553041037
70.60939135175614,70.88751308140492
34.43618657694603,86.34894926155681
92.06962803889682,131.25570243111744
36.03130515348772,55.825044122790175
91.37558291692582,76.10046633354067
8.006227348520056,27.40498187881604
57.67691217383906,67.14152973907125
14.334525982540558,12.667620786032447
87.31947319717773,86.0555785577422
85.34366623914262,77.2749329913141
79.58096917492779,72.66477533994222
23.458471615592902,78.16677729247431
47.693544589630235,79.55483567170418
71.64046045338472,83.71236836270778
16.76041254903732,71.60833003922984
7.752323411654228,17.60185872932338
60.92056442627673,76.33645154102138
62.75808908437954,97.00647126750363
66.85807020924189,95.4864561673935
76.08603171276944,113.06882537021554
74.77260645938735,74.81808516750988
91.45219507689845,118.76175606151875
60.17308390605256,78.13846712484204
79.71973928094333,104.57579142475466
84.92279650526642,78.73823720421314
95.9157248694927,111.53257989559415
65.73192340580879,85.58553872464702
38.98458643084999,52.18766914467999
4.394764796658324,50.91581183732665
49.043558460720895,77.63484676857671
97.87234404012052,136.49787523209642
79.57872640743479,75.66298112594782
44.38302433185761,66.10641946548608
70.7114534593849,72.76916276750791
91.76460574667023,78.21168459733619
13.544043779396475,54.63523502351717
92.98954756169312,91.79163804935449
55.54912269531188,72.6392981562495
44.319106970438185,82.85528557635054
23.773915193382265,37.61913215470581
49.85089779460786,62.680718235686285
33.89119523073576,59.5129561845886
91.93352718131713,98.1468217450537
78.21038231761712,69.7683058540937
44.38084329970581,88.90467463976464
34.67776796920429,56.54221437536343
24.949653204195098,68.55972256335608
57.37805454625941,95.70244363700752
52.16557305672934,95.73245844538346
21.946785175894,53.55742814071519
39.29659515763397,35.03727612610718
88.97273892319491,113.17819113855592
97.49495533549154,110.39596426839323
31.21557230856765,78.97245784685411
39.67430943606482,56.93944754885185
57.782564436310565,76.82605154904846
80.31020915444725,108.0481673235578
48.720462925409876,80.97637034032789
7.831896008191219,26.665516806552972
24.36884426809772,58.49507541447817
61.327431165773895,65.26194493261912
21.76994064298805,38.41595251439044
93.24595308056011,98.59676246444809
57.668673197104184,76.73493855768334
24.88249193768879,69.10599355015103
72.09153078329973,108.07322462663979
19.16686561796964,44.13349249437571
96.99698446369463,125.5975875709557
32.51544358238502,29.612354865908014
96.22743264126031,135.18194611300822
19.51080598485716,69.00864478788571
44.411262342507406,70.32900987400592
11.934418577924221,56.347534862339366
87.4597174511241,82.56777396089929
16.951357160689707,60.96108572855176
37.07415704259303,73.45932563407442
86.34954006425087,76.8796320514007
63.610193396562266,55.08815471724982
88.34686887325019,74.87749509860015
88.0562206932012,101.64497655456096
38.833394564525626,86.8667156516205
80.98571669671281,112.78857335737024
84.4453566811177,125.15628534489414
33.26590774562659,37.41272619650127
80.46798433622935,88.37438746898349
35.61457384223924,32.09165907379139
53.35361650187752,69.08289320150202
40.89149011552576,53.71319209242061
37.15172133834802,59.121377070678406
8.331339398850401,10.26507151908032
46.99408446295319,68.19526757036255
80.2072103514523,74.36576828116185
47.39471670833307,87.11577336666645
90.39411204160123,120.31528963328097
69.29521055445048,82.43616844356038
57.10659533955527,69.08527627164422
47.73724872419175,45.9897989793534
61.64318234173013,54.714545873384104
9.762488135628967,52.80999050850317
59.924071073584784,75.53925685886782
75.53014964638983,116.22411971711185
63.12334638320086,96.69867710656068
21.126141655110963,33.100913324088765
12.79390703039237,69.03512562431389
39.307920066997184,80.04633605359774
9.602970826650846,8.282376661320678
88.08915422147709,88.47132337718168
49.64571003638785,52.91656802911027
51.89220529828743,48.11376423862995
59.816740132646565,47.853392106117255
84.0033600064366,81.60268800514928
4.714073494974413,42.171258795979526
38.29780806202272,46.83824644961817
76.37627876613202,119.3010230129056
55.58663110229437,96.06930488183548
72.3890069083728,66.91120552669824
80.62913331542246,90.90330665233796
54.523294270315226,99.41863541625217
16.505243121397616,71.40419449711808
8.658588984712523,14.126871187770018
33.813589021603974,87.05087121728317
24.45649018181787,51.36519214545429
76.12329777822046,68.69863822257638
33.96306257734199,66.17045006187358
30.574990977278173,53.25999278182253
55.45684781031978,95.36547824825581
81.90442376617855,124.32353901294283
66.27165849509883,78.21732679607906
32.50239381450093,54.80191505160074
94.65107459855005,120.72085967884004
54.55081321235322,95.84065056988257
64.28319614614112,91.0265569169129
69.71799251716851,65.97439401373481
64.38622942848981,86.30898354279185
98.82301925309551,82.05841540247641
24.136338071144394,72.70907045691551
51.27285626847702,84.2182850147816
5.9592213922297415,29.36737711378379
67.28408844571231,94.02727075656983
44.149965815594015,70.7199726524752
5.4431364676908895,63.754509174152695
70.16622309596268,73.53297847677014
11.414455630505993,38.53156450440479
94.48897686005434,122.99118148804347
67.51173817205765,69.60939053764612
46.31587013158226,74.8526961052658
79.22202419810701,119.1776193584856
34.52266179809631,33.61812943847705
55.502713869175146,93.60217109534011
87.47751580283585,114.98201264226867
98.27192410884503,111.61753928707603
2.590766149941004,6.872612919952802
36.4947859824044,55.595828785923516
17.572807990095775,47.05824639207661
86.08808535305731,110.27046828244585
89.55941851152151,118.44753480921722
87.65250775395216,94.12200620316173
82.62367980452318,80.49894384361853
81.41343958586369,111.93075166869093
9.143936342150194,16.315149073720153
28.02885873450104,71.62308698760083
1.7223164639933675,49.97785317119468
39.4441634618514,52.55533076948112
76.68608155913353,76.34886524730682
58.022585319373654,93.2180682554989
58.719580509308635,58.37566440744691
47.88776971301289,42.51021577041031
23.05093239948356,40.64074591958685
98.61398166123509,116.69118532898807
64.31640064187611,53.85312051350089
58.92921995620999,106.54337596496798
68.63254644804158,113.10603715843325
41.719601464879496,39.9756811719036
26.972429073608495,39.57794325888679
8.097860586257466,7.078288469005973
57.35725827245691,60.28580661796553
4.770244230194076,45.81619538415525
90.60173520552277,98.88138816441821
51.46708361422376,74.17366689137901
19.657552858526195,51.12604228682095
25.893019855323317,24.314415884258654
13.132249131889074,36.30579930551126
34.11300360809841,82.49040288647872
80.46094308328614,66.76875446662892
86.29333187071816,129.03466549657452
2.062026632143621,50.849621305714884
74.56943927604375,59.655551420835
29.997550143423556,46.79804011473884
74.83718465301912,115.06974772241529
15.935328308073926,26.548262646459136
43.165060275820785,93.93204822065661
98.11322333429759,127.09057866743805
94.01275746218327,116.01020596974661
35.962773824193576,49.77021905935486
94.31175900101069,83.84940720080854
43.388632993014376,49.710906394411495
72.60161957527231,64.08129566021785
46.05702366497757,50.64561893198206
51.90236545893634,69.12189236714906
41.64339631549135,68.11471705239308
96.73984687813419,122.99187750250735
4.407207617749798,6.525766094199837
63.57814206866617,106.06251365493293
76.8258325732521,84.86066605860168
14.31129232443874,54.64903385955098
99.46579917279212,123.97263933823369
8.530023935907083,26.024019148725664
90.94224242811885,92.55379394249508
10.407079053656398,51.525663242925106
97.61711010049837,102.09368808039869
22.629016631185937,45.10321330494874
68.72980496205703,92.78384396964562
2.8917942718559186,23.913435417484727
91.5092420754952,104.40739366039615
85.44611953226664,113.9568956258133
1.9836248063351603,42.98689984506812
13.928135167433197,37.542508133946555
57.87029315864017,91.89623452691214
90.86576912061417,79.89261529649134
81.93638950755948,105.74911160604758
89.20599152270425,125.96479321816338
21.079468584694595,53.46357486775567
88.0954582263561,122.07636658108487
76.21988466772272,88.57590773417817
90.7938813062475,93.635105044998
85.65265854845767,88.92212683876613
57.911787493196975,81.72942999455758
58.03116655963463,98.6249332477077
88.10497455122682,112.48397964098146
9.282593954365126,36.82607516349209
82.52197548963858,114.61758039171085
52.55602265549355,72.64481812439485
28.96525881008386,36.97220704806709
59.267899846100846,84.01431987688068
1.9822330485911643,15.385786438872929
23.20455713775439,44.36364571020351
18.514420300635635,63.4115362405085
70.94205226198696,57.35364180958957
97.13794488581871,137.71035590865495
40.57151803121758,64.25721442497405
84.44239479732963,76.5539158378637
79.94843732861366,69.95874986289093
50.174603900886616,72.53968312070928
85.8105795884217,90.84846367073737
66.1222818502694,60.69782548021552
4.621221093274597,60.696976874619665
89.19428839160723,72.55543071328579
31.466237350976577,45.57298988078126
5.567975944352566,10.45438075548205
39.499437148127726,56.79954971850218
38.080611677930875,61.664489342344694
45.316082179151486,43.45286574332118
23.74454387423003,60.395635099384016
70.29905182146516,74.83924145717212
27.12567744466027,43.30054195572821
44.17165870493116,64.13732696394493
67.04795382373338,57.23836305898671
74.70838451739289,75.96670761391431
98.38871000452751,133.310968003622
41.75829440047839,93.40663552038271
26.932132714869226,23.345706171895383
56.944892788671645,61.755914230937314
26.49545018241579,52.396360145932626
75.33109349161519,71.66487479329216
38.554753891848456,81.84380311347876
78.61350709521437,79.6908056761715
80.17398937219599,117.53919149775679
87.37049553786032,76.49639643028826
26.734324430285128,63.98745954422809
96.95384959475942,115.96307967580753
9.986193594874038,28.388954875899227
34.41809719363267,46.73447775490613
44.51176707828607,91.40941366262885
85.63130049270514,85.30504039416411
78.6065170639932,88.68521365119456
11.834267194429005,29.267413755543203
26.11780482034609,26.894243856276873
44.91898939635052,50.93519151708041
32.48525953148273,78.78820762518617
35.083772439273645,38.867017951418916
40.605381909893346,80.48430552791467
33.324689175153054,84.85975134012243
88.8878369532041,95.71026956256328
16.574219990348304,44.45937599227864
67.58693873720173,103.26955098976137
70.90082418415969,66.32065934732775
15.282175516160768,52.425740412928604
59.309704027420516,63.64776322193641
66.10729936936487,58.28583949549189
78.41477799307941,114.93182239446352
17.946629169596694,35.35730333567735
30.02318298784379,47.418546390275026
14.261435190660453,42.609148152528356
12.503085631414368,63.40246850513149
44.30376491941435,88.24301193553147
3.7309533853950305,38.98476270831602
13.506935876207448,55.20554870096595
52.40429624303017,87.52343699442412
76.3526274166604,116.8821019333283
35.938112464669366,51.55048997173549
93.66801340271657,133.73441072217324
10.237646953152957,31.59011756252236
10.857519042943952,15.88601523435516
31.095063948667544,26.676051158934037
23.62071488748214,39.29657190998571
20.931843011865126,20.9454744094921
14.554771154037404,48.243816923229915
47.558405519310256,42.2467244154482
12.620230625824513,67.6961845006596
26.248608917761974,28.79888713420958
58.102341841164396,106.48187347293151
13.61708889281913,40.293671114255304
34.08203333620872,77.66562666896696
80.25828048346303,109.20662438677041
43.157161437803936,88.52572915024314
56.42998802502011,103.94399042001608
80.66338251643708,80.73070601314967
57.039833481859915,99.03186678548792
19.82770999307083,37.46216799445666
67.63787216181,91.91029772944799
55.78723194211034,104.62978555368827
1.6095631271235589,40.28765050169884
58.57368462594133,51.65894770075307
65.72906541100346,80.18325232880277
78.8888624699709,116.51108997597672
33.23240298934527,80.5859223914762
48.27340101257921,93.21872081006336
28.04798510286798,29.038388082294382
4.54715428339677,25.83772342671741
63.5524075188227,75.44192601505816
9.131678531923558,36.10534282553884
98.94356250736546,128.95485000589235
24.811609108341038,76.24928728667282
18.485396520005548,69.98831721600443
78.40611840934422,62.72489472747537
0.7909623285152767,26.432769862812215
32.645170448923146,77.7161363591385
58.390973720600634,101.3127789764805
43.811528734805094,51.24922298784407
29.69675008225031,53.75740006580024
56.232515730146915,46.78601258411753
8.374825467766211,37.89986037421296
99.72572721658486,122.38058177326789
20.143513638518463,27.514810910814766
38.83198025086426,65.2655842006914
78.99108337420884,70.99286669936707
32.39846644165074,84.71877315332058
56.98663459870802,83.38930767896642
71.15157814373259,68.92126251498607
71.01875660661527,72.41500528529221
1.528488049043819,55.22279043923504
51.231564872491596,54.78525189799328
9.551956679030182,27.44156534322414
64.32141200149759,107.85712960119807
26.148289828013993,20.918631862411196
8.56801787030983,62.65441429624786
49.26920667486644,69.41536533989316
53.35240178688922,85.28192142951136
72.69760155997977,100.15808124798382
79.0879223095242,69.27033784761936
20.13718568516849,68.90974854813479
66.85810883377691,93.08648706702152
89.1308583205872,120.50468665646974
94.95490976058076,125.1639278084646
73.44133026814674,104.35306421451739
43.44259879824883,38.95407903859906
8.788745817936327,52.03099665434905
50.43255761900196,52.94604609520157
1.0276578668157565,51.82212629345259
32.628353031263494,43.50268242501079
28.52619814375409,36.02095851500327
20.316722934383424,34.25337834750674
72.43186303731042,97.54549042984834
11.951492760625104,9.561194208500083
89.23711960745709,106.18969568596566
51.43415306210398,63.947322449683185
25.65301514741044,78.72241211792834
74.05055119365646,65.84044095492517
63.40444211563771,93.32355369251016
56.88900407144105,52.71120325715284
29.29362419774485,51.03489935819587
60.72120008231292,76.77696006585033
49.57983304929855,86.46386643943883
23.145755408950407,66.51660432716031
68.90821746821864,93.5265739745749
55.98575369872071,57.38860295897656
33.283999681970045,27.227199745576037
2.6015074522145243,47.081205961771616
2.6180066132087787,17.69440529056702
37.334186426966035,77.26734914157282
3.639568179381514,32.311654543505206
92.38973180236377,100.311785441891
67.01419760124847,94.41135808099877
6.256147630796294,30.20491810463703
10.912619520456424,48.330095616365135
54.81400046710058,79.25120037368046
34.01603090573455,72.81282472458763
29.872684685136985,68.29814774810959
99.2702356502431,134.61618852019447
21.262210026859318,48.80976802148745
13.217072145304964,21.97365771624397
68.11194439949487,56.2895555195959
65.27088247967342,105.61670598373873
93.64385800194405,128.91508640155524
23.706531302090994,65.76522504167278
83.41026106300251,102.128208850402
5.865374842381954,58.09229987390555
82.30472752851787,109.04378202281428
1.7412253585054493,13.392980286804356
14.817307933640278,60.45384634691221
84.35655281119416,114.28524224895531
61.78569158726274,81.22855326981019
59.89033473407016,82.11226778725612
37.3970500598446,40.11764004787568
31.668508315308465,70.33480665224677
38.93815614236738,65.9505249138939
21.31654660327227,69.85323728261781
21.328756456634324,71.66300516530745
78.7415011726092,92.99320093808737
62.27502988201539,76.82002390561232
12.04027028928133,31.832216231425058
86.9758168428784,127.78065347430271
42.085760867329405,79.86860869386351
25.708626603333318,43.366901282666646
62.08527003691911,59.86821602953529
77.5094289050229,100.40754312401832
76.26914271564804,117.41531417251842
13.718698198183365,65.57495855854668
80.81407362991355,107.25125890393082
95.30642765877562,78.0451421270205
94.74205438751876,120.79364351001502
70.23327531334465,74.78662025067572
49.72669965378715,81.18135972302971
27.723133106836695,80.37850648546934
26.916612849075573,32.933290279260454
17.123214097703276,73.09857127816261
0.029862665682300893,58.22389013254583
40.22866445534004,58.58293156427203
12.67638216919762,15.541105735358094
23.386432647301458,24.109146117841167
34.74138140210814,34.39310512168651
12.253676606840791,63.80294128547262
79.85941260556983,102.88753008445586
49.018661187525694,86.01492895002055
33.65089316702476,46.72071453361981
25.069358541446828,38.655486833157454
43.928843094089196,45.34307447527135
98.72034739241043,132.37627791392833
66.17337056774528,61.938696454196226
55.34060996472993,92.87248797178393
91.58756830706605,93.07005464565285
95.04497998693533,136.03598398954824
97.36959910734335,123.49567928587467
77.28956607045092,121.83165285636072
47.90764492332359,41.32611593865887
97.79601889107073,119.63681511285658
10.504107111810024,9.003285689448019
42.50040648436223,35.80032518748978
85.71777940035248,86.57422352028199
52.875885757298846,88.50070860583907
88.6007027983199,116.48056223865592
37.97438267604548,31.579506140836383
96.33362056628407,77.66689645302725
23.273915313105732,36.01913225048458
50.482468770028035,44.58597501602243
83.35338151904966,88.28270521523973
37.402088563316724,74.92167085065337
58.04901407435714,74.6392112594857
49.14830989452037,41.718647915616295
1.2988080318550033,6.439046425484001
81.9395370817392,119.55162966539135
10.502871721903052,42.60229737752244
20.3785719869229,68.50285758953831
45.01422732960074,36.6113818636806
21.763937696621383,76.2111501572971
16.975919987923838,45.38073599033906
30.53058293016028,71.22446634412822
1.7776398884542521,37.42211191076339
4.271040905255252,31.016832724204196
69.82864478901878,107.46291583121501
40.51903376717281,81.01522701373824
87.33158895532527,118.4652711642602
26.012674955495164,37.610139964396126
60.23204692206162,48.1856375376493
18.721109376885124,35.376887501508094
47.67401084905934,81.33920867924746
58.68785134778436,86.55028107822748
82.94873620546525,114.9589889643722
42.77399933773687,57.01919947018949
31.85720215232176,48.885761721857406
75.45739599822713,111.9659167985817
14.160125574858572,53.92810045988685
64.244433017133,100.59554641370639
66.20437209845399,96.16349767876318
86.13037206157641,80.90429764926112
36.84554089204566,65.47643271363653
7.4541006873749645,56.963280549899956
31.43100772221924,57.544806177775385
34.01517787493492,78.21214229994793
60.11456380415464,58.89165104332371
19.334896389388245,46.06791711151059
4.750110752390768,44.0000886019126
47.31648483809825,47.4531878704786
79.06237965077295,95.04990372061836
76.11999411988849,89.69599529591079
5.40033687595084,37.320269500760666
51.83726586033581,74.46981268826865
31.44289074861708,43.15431259889367
17.610314613475598,24.288251690780477
40.95815050749785,69.36652040599827
54.28560377234742,69.82848301787793
41.52773105480868,89.02218484384693
93.73237993286313,119.3859039462905
3.6177695294530077,35.294215623562394
13.753633198914805,58.402906559131836
36.926051864978504,66.74084149198279
24.336463043414458,52.46917043473156
35.41481182674616,37.33184946139693
79.14794067027094,97.51835253621675
30.893294080018553,37.91463526401484
37.68750867514229,82.95000694011382
52.43794647090676,71.9503571767254
1.1896044275134132,29.151683542010723
23.668976610718715,55.53518128857497
4.12529202594083,29.70023362075266
23.572444716825792,42.85795577346063
53.455925079709296,42.76474006376744
90.47725573312859,114.98180458650285
61.021292167325925,84.21703373386073
10.24007380756582,17.792059046052653
44.25078990719597,67.80063192575676
41.331619709362336,64.86529576748987
82.78388368471106,84.22710694776885
67.01825772820291,99.21460618256232
71.94406602624031,79.15525282099225
11.92392428913205,62.33913943130563
15.719901707706063,61.175921366164836
19.788984738896943,41.63118779111755
46.005646574161496,61.40451725932919
27.275570971399375,65.02045677711949
30.662234505310703,35.329787604248565
67.85591899416012,88.48473519532808
41.28185752769522,86.42548602215618
6.437444346899324,27.949955477519453
52.85180904879545,65.08144723903636
29.543029120007148,76.43442329600572
69.78401256406835,60.62721005125468
81.33084253785367,78.86467403028294
12.361049385059486,50.68883950804758
6.6190751087480955,51.495260086998464
53.72574244552614,75.38059395642091
65.99545284203579,95.99636227362862
61.584174778455846,75.66733982276467
32.473960343547716,78.17916827483816
88.14502600226137,116.1160208018091
0.6293251140274347,49.703460091221935
37.95557029239775,62.1644562339182
70.97840551474626,67.582724411797
65.98629848679333,77.38903878943466
49.372965287705675,46.09837223016454
75.81471709776932,120.05177367821544
2.581445200533994,37.465156160427185
88.4957750331836,123.59662002654687
85.37418641549237,109.09934913239388
92.60204472258405,76.48163577806726
12.234168577882599,42.787334862306075
26.05346280674764,71.8427702453981
20.94916344549347,31.159330756394773
24.73833885010762,40.19067108008609
88.71967900929684,100.37574320743747
4.53036188466609,12.02428950773287
16.242512332205607,45.99400986576448
68.50221292985445,84.20177034388355
51.8019215588288,91.24153724706304
9.100433021468202,58.28034641717455
14.276899276454936,40.82151942116394
91.88983739994062,75.91186991995251
84.13166181351454,118.30532945081163
79.85673245409737,105.28538596327789
33.18415687393627,51.147325499149005
36.46880246015408,78.97504196812326
91.20786324774602,80.16629059819682
40.50742053679978,58.805936429439825
64.19112493170236,96.95289994536188
88.44090052508207,116.95272042006565
26.34532448702952,55.87625958962361
59.07970018727544,92.86376014982034
30.410943406224277,72.3287547249794
82.9421002293087,95.15368018344697
35.550500458092024,88.44040036647361
65.2870086010344,60.629606880827524
44.420746193641094,62.536596954912866
78.31795917730511,100.45436734184409
15.850202552574133,61.8801620420593
86.95048494360086,113.96038795488067
71.4079228738101,103.92633829904807
48.571637786231705,95.25731022898535
74.6289173534035,96.30313388272279
64.10429288502797,92.68343430802237
30.287685742042893,69.8301485936343
95.71950213594876,126.375601708759
60.15938516711428,107.52750813369141
11.637697776410027,32.11015822112802
91.70938147926765,95.56750518341411
68.80607768222922,67.64486214578338
4.127143929008814,41.101715143207045
68.07195582590836,76.05756466072668
4.069876335976497,31.45590106878119
9.852271394461741,30.08181711556939
17.00519758477578,23.20415806782062
82.59429711035982,70.27543768828787
55.07911496380354,48.26329197104283
72.46411948224522,82.57129558579618
14.606536490573397,52.48522919245871
11.562424447140696,43.449939557712554
73.85848092441283,75.88678473953027
38.99548161412315,91.19638529129851
4.295714569737886,50.8365716557903
32.809325927639435,65.84746074211154
76.7823911151978,105.82591289215823
39.973369732528994,59.57869578602319
35.71975760928064,70.57580608742451
25.920473198597836,27.93637855887827
37.520588596782,40.8164708774256
30.775683670127695,79.22054693610215
63.86079476875995,73.88863581500796
26.60384980554071,54.283079844432564
61.87325541888363,56.6986043351069
68.21791481355946,111.57433185084756
91.9591824274213,126.36734594193703
69.89360684183893,66.11488547347115
69.27075899671536,93.21660719737227
90.06920692639166,117.05536554111333
79.78360274924547,101.62688219939636
15.77221566412419,72.61777253129934
77.74049114501695,97.59239291601355
12.903047874007246,48.12243829920579
89.97082996129815,83.37666396903852
72.14705219758888,64.3176417580711
73.76219209829891,93.80975367863911
97.77732535433073,125.02186028346458
38.95157641375779,54.56126113100623
93.83464900861736,87.66771920689389
74.2138391203937,100.77107129631496
34.36846307509954,28.694770460079635
24.702166093131904,53.36173287450552
9.071665308424004,25.857332246739198
24.88648872627792,40.30919098102233
4.995354657223949,56.79628372577915
70.42045858224385,82.73636686579508
10.36054452683528,16.688435621468223
56.74994831087069,61.59995864869655
72.04817120656625,61.238536965253004
35.56184881497527,46.44947905198022
62.54260196812629,62.63408157450104
96.97324039481012,112.3785923158481
3.035453375423647,54.628362700338904
58.6740000136161,77.53920001089287
37.48882130705871,37.791057045646966
68.37586246630876,67.90068997304701
24.420458181726,42.93636654538079
94.70378954393567,108.76303163514854
74.01687156773133,107.21349725418506
69.15366610737152,65.52293288589722
62.730270645149844,96.98421651611986
65.61189155776582,64.48951324621265
80.55203732290823,74.6416298583266
6.089028363561965,55.87122269084956
95.03532996395563,80.22826397116451
86.28646462642564,113.4291717011405
34.67876413469624,52.94301130775699
66.97732610953587,99.18186088762869
23.40255426291076,28.322043410328604
99.28908472578428,96.83126778062741
66.7882087130405,91.8305669704324
43.40984054458483,49.72787243566786
77.71381504998632,114.37105203998905
81.68183552135638,121.74546841708508
82.01157592442613,99.2092607395409
72.29598200063708,71.63678560050967
59.49459399880476,55.39567519904381
71.2712964213762,99.01703713710097
49.13347312440061,50.70677849952049
37.304459920553434,42.44356793644275
16.626778104209205,45.70142248336735
60.7012867943648,55.761029435491835
80.7773262114379,103.02186096915031
41.52975476985756,45.82380381588605
82.39413769357235,101.31531015485787
97.66555043605672,136.33244034884535
44.68365969976937,42.3469277598155
75.67294965295561,62.93835972236449
28.618627816717847,29.494902253374278
55.75009717652466,65.60007774121974
37.97510781330834,38.780086250646676
47.59222618938046,59.07378095150436
95.23414199956657,100.18731359965327
49.003401654831734,87.80272132386537
13.53849602571502,21.630796820572016
76.4426169300913,74.35409354407305
82.9663437527856,78.37307500222849
92.6020228865365,87.8816183092292
49.98080121450765,80.78464097160611
12.381005594417438,45.90480447553394
60.92253798048112,106.3380303843849
72.05276145877902,82.84220916702321
48.76054503256891,51.008436026055136
70.79990355928297,62.039922847426375
64.23406413617917,108.98725130894333
57.463155363590765,99.9705242908726
74.2917230958207,61.83337847665656
24.512486320314697,41.20998905625176
53.52904675312753,70.42323740250202
29.404178582201133,39.123342865760904
94.98243089301793,117.38594471441434
12.196699318274229,31.95735945461938
98.45531456789826,91.36425165431861
38.174054586218766,37.13924366897501
28.52343622114688,26.418748976917502
81.0175228324981,75.01401826599849
40.88935340147785,39.31148272118228
47.11454743270769,86.29163794616613
82.52123319094504,99.01698655275604
32.00029788993266,51.400238311946126
9.715427150742196,67.77234172059374
92.89979936331567,108.51983949065254
1.1850483555436053,47.748038684434874
5.490455128179916,37.99236410254393
73.11904565901106,78.29523652720886
97.81077052376645,82.44861641901316
54.92774431977454,50.54219545581964
46.837233901747325,95.66978712139786
64.36812652092087,107.89450121673667
95.44816265935717,109.95853012748573
80.66273089860636,94.53018471888507
72.9486874457226,95.55894995657806
36.373424844959125,77.09873987596728
56.618861415648006,100.49508913251839
96.33653972952759,84.26923178362208
95.10051616499912,76.0804129319993
39.137273678981344,51.70981894318507
68.55771302718482,76.44617042174785
10.368957925278476,62.295166340222764
4.98240046029138,55.58592036823309
15.759294015813207,15.007435212650567
76.42635724319088,90.5410857945527
67.9809661780611,59.18477294244887
6.044030817430157,60.635224653944114
25.425404320234733,30.540323456187785
56.96884986628159,56.37507989302527
45.520456073196804,64.61636485855743
45.25642573128279,74.00514058502623
47.595623450796595,60.876498760637276
66.71490448719327,62.97192358975461
33.99395019946566,51.195160159572524
94.57692987701112,134.4615439016089
60.38307412689859,91.50645930151887
6.332272545316242,31.46581803625299
44.258857172884255,88.2070857383074
44.248236362677126,85.79858909014169
56.263785726373825,82.81102858109905
84.13307040611352,96.70645632489081
51.90126096104679,83.52100876883742
83.63811255448708,79.51049004358966
23.723522320622557,76.57881785649803
37.90772595297269,30.926180762378156
0.5957166962361815,58.67657335698893
22.71905396544456,46.97524317235564
65.26325300164244,55.210602401313956
16.351358175626107,51.481086540500876
33.90494906302287,68.52395925041829
81.63503787873358,91.70803030298686
80.9616960105707,119.96935680845655
57.232422037073896,91.38593762965911
59.35694899127928,63.08555919302342
67.04386588614416,108.83509270891531
51.62761502892727,90.50209202314181
44.57905628175601,82.4632450254048
14.165043338404748,46.73203467072379
51.92764000474107,74.54211200379285
84.63596722597941,70.10877378078354
3.414253252785626,42.33140260222849
44.00326602631638,83.2026128210531
57.5991649959309,74.87933199674471
76.26012640981978,62.80810112785582
32.398306287532165,81.11864503002572
25.6450964818011,76.31607718544088
29.071130062173957,73.05690404973916
44.084922983903766,45.46793838712301
50.530593522433634,89.62447481794689
91.22242676297446,132.37794141037955
99.50747312365739,114.40597849892592
72.84721244156847,67.87776995325478
2.7133891363542606,46.5707113090834
95.99541098301188,105.5963287864095
48.97587558846778,95.58070047077422
45.20727016296181,54.765816130369444
14.520954143893118,26.016763315114492
62.61946747259884,98.69557397807907
98.03531156280101,92.8282492502408
48.37816576380963,44.70253261104771
69.13903842405628,106.31123073924502
55.462361189169805,50.96988895133585
27.444677556824203,48.35574204545936
55.21736835377487,90.97389468301989
69.51185101603934,62.809480812831474
71.91034710589618,116.92827768471693
68.53384153502847,61.427073228022785
19.977307237808482,63.38184579024678
89.15960157128838,83.3276812570307
28.53091850381184,36.62473480304947
67.53021499087714,101.4241719927017
12.8762240320066,22.90097922560528
36.32635541397187,75.8610843311775
72.50082919152736,99.40066335322189
21.40284523556192,64.52227618844952
71.44492788028452,100.35594230422761
73.63041544901212,111.10433235920968
27.254029424794002,54.20322353983519
50.07600983579103,54.46080786863282
8.258734290410342,48.006987432328266
42.80890775349635,89.44712620279708
82.4100358311552,70.72802866492415
76.9215181384698,106.53721451077584
94.87005577875469,107.69604462300376
36.78007397117311,70.82405917693848
45.195056327771276,37.35604506221703
13.539800874566732,13.831840699653384
99.7025724947226,83.36205799577809
93.6374681561312,128.30997452490496
63.544136619428215,108.43530929554257
65.8905034026986,94.71240272215888
54.16585000310805,81.73268000248643
23.496770348575623,69.79741627886048
65.8065102555812,68.84520820446497
17.397369263740302,36.717895410992234
35.637058782470646,69.90964702597651
32.792248232917174,42.43379858633374
49.107361267053854,59.68588901364308
67.22784188516499,110.78227350813198
9.166737038549543,25.333389630839633
36.474758435465795,63.37980674837263
88.76822761847356,96.21458209477885
23.76157020869174,63.409256166953384
26.903766511105655,30.52301320888452
60.22976753505074,99.18381402804059
8.19852023154798,35.358816185238375
64.83229071331333,52.46583257065067
30.326697366803167,61.461357893442525
46.22605432998045,76.58084346398437
96.5206872707777,110.81654981662216
85.97400801556564,101.77920641245251
11.793423044102823,37.63473843528225
33.22374245313321,61.978993962506564
0.21183349931432893,31.969466799451457
98.46995614733723,100.37596491786978
82.47074217193565,110.37659373754852
48.58482972054404,97.66786377643523
3.885416249012419,51.10833299920992
20.732529343301167,28.586023474640932
70.15009414324696,101.12007531459756
89.0993811315409,116.8795049052327
6.859674011172512,50.487739208938
54.97175253363944,88.37740202691154
18.27788330446808,44.62230664357446
28.140245956705623,51.31219676536449
49.460688520639515,97.7685508165116
76.4463708886281,93.55709671090247
99.5769338601061,131.26154708808488
33.58027250823733,42.46421800658986
85.45747020277462,90.5659761622197
85.69490524984337,75.7559241998747
91.14765676927787,79.51812541542229
65.89688477395468,62.31750781916375
39.2157842866015,83.57262742928118
39.59330606120871,62.87464484896696
19.466571054014004,16.173256843211206
14.361210688078529,41.488968550462815
27.113423866702103,58.890739093361674
40.427029195848405,37.14162335667872
48.206817799347846,97.96545423947826
34.5999931572142,71.47999452577136
18.38563325217728,73.50850660174181
72.77987653359918,114.02390122687933
56.831327789063735,68.26506223125098
33.05241475627175,64.8419318050174
47.04189210748165,44.23351368598532
24.084124796809057,61.26729983744724
94.0162452253834,122.01299618030671
60.7009620802612,82.76076966420896
16.64585265036885,16.31668212029508
52.745437582185374,97.3963500657483
7.2020850344525655,65.76166802756204
83.10596735088055,102.48477388070444
66.49149252708108,62.79319402166486
27.51607706796556,22.612861654372452
27.99578931696204,70.39663145356963
49.765694501868474,41.01255560149478
18.125862538145565,67.90069003051644
4.932638230248953,63.94611058419915
14.71487307305398,27.37189845844318
85.31883530493913,81.4550682439513
89.08404426476973,74.86723541181578
62.791841115010016,95.833472892008
85.099656150438,77.6797249203504
26.56615183783366,29.052921470266927
63.54836289062384,76.03869031249907
13.475402393140135,56.380321914512095
51.52104943505604,81.41683954804483
2.858250202071433,37.08660016165714
81.89749978568732,115.91799982854985
46.342453110889736,50.87396248871179
72.33369839558318,68.06695871646654
61.197285317559334,83.15782825404747
21.299266574280196,63.83941325942415
27.29145475816872,24.233163806534975
38.258372468170364,46.20669797453629
61.514770320051746,72.0118162560414
51.482490578655636,95.1859924629245
54.708041193045446,45.56643295443636
26.626393866377985,62.10111509310238
88.31467997780099,127.0517439822408
26.2533602611697,40.80268820893576
96.12584664290915,97.90067731432733
51.7863522179935,76.8290817743948
94.7045896131529,115.36367169052232
82.46532434478365,104.97225947582692
48.51904031652542,62.215232253220336
7.965665508146403,17.77253240651712
51.54102303054354,42.43281842443484
72.06738028015411,91.25390422412329
90.06911845762889,120.0552947661031
14.73776623144245,62.79021298515394
57.673001246847,81.5384009974776
40.031527677860225,91.42522214228816
34.35658671137137,31.685269369097096
46.32902470089479,73.66321976071583
25.660412239742236,49.328329791793784
21.375105021379813,29.700084017103848
41.50380655293509,77.00304524234807
69.5606476903978,71.24851815231824
5.8106762524204765,49.04854100193637
69.90170545631545,107.52136436505236
23.013723422002453,78.41097873760195
30.93696238348671,33.74956990678937
24.33937208209327,36.271497665674616
69.78794862460839,61.830358899686715
93.6425304330481,127.11402434643847
49.841780826683916,42.273424661347136
13.807765673014572,24.246212538411655
28.56034723169043,72.64827778535233
38.06628007880243,73.05302406304193
72.0051162672113,68.40409301376904
55.814800920027764,53.651840736022216
55.6663925178999,91.3331140143199
44.8535803157854,41.28286425262832
0.5847659682966522,15.467812774637318
56.6711051102853,58.53688408822824
35.35165245586265,45.68132196469011
25.69821712952208,64.95857370361766
54.48852420237797,81.99081936190237
30.68391269078431,59.94713015262744
73.84109668615211,119.07287734892168
14.035094611006759,64.6280756888054
21.728102390624326,42.58248191249946
0.7393405615191972,4.791472449215357
52.461069517255645,93.56885561380452
14.328503525511715,30.062802820409367
39.37296153068264,34.49836922454611
71.7542174686202,68.20337397489615
35.855895378071224,45.484716302456974
7.956849030995539,34.56547922479642
13.190618809786958,13.552495047829566
64.01594224006912,103.4127537920553
16.059016062198793,27.24721284975903
33.30323281051682,28.442586248413456
60.6325200436694,103.10601603493552
67.54409041516884,96.03527233213507
91.24273661755802,98.79418929404642
98.84628218560603,134.27702574848482
88.16202196253106,126.32961757002485
52.51869658706868,87.01495726965494
64.03456486546976,80.0276518923758
78.03456740759367,122.42765392607492
80.79882788507449,72.43906230805959
78.2021091661113,79.36168733288903
39.20910587952332,69.76728470361866
64.05178885005397,67.44143108004317
70.30220755864262,79.04176604691409
93.36199395566085,75.88959516452869
53.36588487706312,96.09270790165048
13.24655296627385,40.59724237301907
3.1853749317162894,22.948299945373027
91.54673294293644,126.03738635434914
64.22875688478906,53.783005507831255
66.14806919300108,63.11845535440086
32.26735871361368,64.21388697089094
40.835448944786556,53.668359155829236
63.4209912146155,81.3367929716924
11.074649406413428,40.65971952513074
47.54817882668894,74.63854306135116
44.04783957740964,94.0382716619277
56.65889792424809,69.92711833939848
55.41440059583543,62.331520476668345
7.5526672205032614,39.6421337764026
52.46814995198103,77.97451996158483
96.74222195283357,110.99377756226686
99.80816523121241,94.24653218496992
63.97052771692533,78.17642217354026
51.37908275845743,69.30326620676594
1.9422299369570406,47.75378394956562
93.38028887691209,80.10423110152968
46.17354530562062,56.138836244496495
50.335698740406045,48.06855899232484
13.410485422742003,28.1283883381936
26.298359232860648,47.438687386288514
73.45964292543616,87.56771434034893
31.467550167654256,40.7740401341234
60.70513083288978,86.36410466631182
9.922681253238485,39.13814500259078
97.62317378114854,118.29853902491882
88.68368833267061,96.14695066613649
7.316412756959034,50.25313020556722
63.5851461721003,88.66811693768022
51.44822418995842,78.95857935196673
28.684151305091497,81.14732104407318
34.00172966769196,28.40138373415357
46.12015658606888,69.29612526885509
91.67119276661782,124.33695421329425
0.9366203805512119,19.349296304440962
7.967964313831488,18.97437145106519
16.83397221561388,38.0671777724911
52.91049150099062,93.92839320079248
89.55489025967917,96.24391220774334
63.42527592853472,80.14022074282776
29.78026166154161,33.424209329233285
43.61671384281195,94.89337107424954
52.763066164179136,99.81045293134329
34.07094817327593,83.65675853862072
2.9865898881231145,54.58927191049848
79.23115362109047,95.18492289687238
6.207913346260286,13.366330677008229
22.601304348636408,49.88104347890912
64.47046670701594,109.17637336561275
1.6984563944173026,11.55876511553384
3.8941003469039837,9.115280277523185
80.58845632461697,104.07076505969357
11.819787321851116,63.45582985748088
46.604342944992496,39.08347435599399
65.8343469807002,99.46747758456016
54.47380137746388,65.7790411019711
56.94311578910343,56.95449263128275
65.30503667347939,73.24402933878352
18.215785023967936,24.172628019174347
47.529218151773755,66.823374521419
13.19616605618359,62.15693284494686
79.55287139531609,106.84229711625287
60.4146279683601,75.93170237468809
71.85479891795838,74.2838391343667
70.9635125060652,110.17081000485216
77.14823294421781,80.91858635537425
73.28652214879298,91.62921771903439
35.28280417166446,75.62624333733156
46.75269501877104,39.20215601501683
90.0739446993138,93.65915575945104
71.34017096429017,96.07213677143213
46.07661371751058,95.66129097400847
61.40794066384366,54.52635253107493
91.72491603123738,111.17993282498989
91.08192402540124,110.06553922032099
60.48859161638986,88.59087329311188
7.6983737710254685,42.158699016820364
61.74552264433796,91.99641811547036
70.27021602509109,57.41617282007287
19.10188055385672,45.28150444308537
27.503109499659583,33.402487599727664
39.98485077947876,43.38788062358301
66.21743677362738,71.5739494189019
4.7944585618181375,43.4355668494545
33.99990492298494,77.59992393838795
88.31651781969,103.053214255752
29.73476706036258,30.387813648290063
58.85775268862028,78.88620215089622
94.8675894745086,104.09407157960688
24.610130525255702,21.488104420204564
99.91158339155619,101.52926671324495
9.498978786199908,15.999183028959926
68.01936067442391,84.41548853953913
60.41946588882057,52.53557271105646
58.42762337148068,57.54209869718454
50.16975647668276,62.3358051813462
51.81104185739822,64.84883348591858
69.88604218387741,57.70883374710193
69.85004338099701,76.88003470479761
9.14281178867029,49.91424943093622
32.009376055774084,32.80750084461926
77.57234834437921,71.65787867550337
29.49036451838657,76.39229161470925
60.185015401490084,94.94801232119207
66.5103463078025,107.20827704624199
71.56895846854633,96.85516677483706
24.499958823655444,60.99996705892435
3.6804068953131153,33.54432551625049
68.23953793553295,113.39163034842636
7.862047989363996,31.48963839149119
60.383739364771614,105.90699149181728
0.772910884472644,2.418328707578115
55.11826682950135,104.09461346360106
15.61216860465765,53.28973488372611
32.70309537388304,27.36247629910643
64.86195629232232,104.08956503385784
35.71879053540632,39.375032428325056
15.68679017582495,28.149432140659954
61.10970002270339,69.88776001816271
46.41744687259299,87.53395749807439
22.126862121083114,65.70148969686647
39.26625226627238,57.2130018130179
59.57009747189675,75.2560779775174
74.8838542288981,74.90708338311848
67.98364731142655,92.78691784914123
62.75008332509447,73.60006666007557
77.53630100331965,107.62904080265571
61.425829496817094,61.740663597453675
38.82560500476783,87.46048400381426
25.587767752221634,42.670214201777306
48.43768176455796,59.15014541164636
42.84333063261438,78.67466450609149
64.58481439833695,90.06785151866956
36.62767049132499,77.90213639305998
19.67511773890186,23.540094191121486
58.045374334532774,89.6362994676262
56.61901543285761,60.89521234628609
10.88855697556037,54.91084558044828
53.23575593149184,74.98860474519347
20.74038879364527,72.9923110349162
85.01053007157479,89.00842405725983
53.7009870283002,69.96078962264016
17.05829881250733,58.64663905000586
89.1257541721012,125.90060333768093
33.78772597127373,42.030180777018984
58.680956486944204,81.14476518955536
76.21713741575074,119.17370993260059
52.07971441106953,60.86377152885562
4.148444585155464,21.918755668124366
24.000458375512878,26.400366700410302
38.3809642403928,69.10477139231423
7.790412385035605,29.03232990802848
2.314190513597214,43.251352410877764
97.48931866849148,113.39145493479317
59.364678426436555,88.89174274114924
73.38626969838036,91.10901575870429
58.00163874483316,74.00131099586653
55.93147479789257,81.94517983831405
48.29023696957216,77.63218957565772
74.60677367333116,65.08541893866493
39.257959105019545,59.60636728401563
12.969594047259768,40.975675237807806
92.0249161909313,77.21993295274503
3.577120992265992,53.86169679381278
45.66794421342948,96.53435537074357
0.2892190263720673,47.63137522109764
1.527500346450661,16.822000277160527
53.64882809196113,53.1190624735689
45.80461360762072,69.64369088609658
98.446208754768,131.55696700381438
80.02460272810559,118.01968218248446
9.291895006521,23.033516005216796
20.04343416188197,76.03474732950556
20.117520219433327,61.69401617554665
69.50247530892271,76.60198024713817
25.248380121301196,73.59870409704095
48.38716386721175,63.30973109376939
3.6118755632483457,26.289500450598673
0.5598063171370349,28.047845053709622
53.142642227061046,95.31411378164883
19.986614082558773,23.789291266047016
53.88290780970988,89.9063262477679
70.08612737912463,111.8689019032997
62.45144055813733,50.561152446509865
81.53721576192994,91.62977260954395
44.51221284522164,86.0097702761773
81.51975333022496,65.21580266417998
29.514428435148833,54.81154274811906
60.39626396720763,75.9170111737661
78.51326460901146,67.01061168720916
73.84844497326499,80.078755978612
87.72475479521961,91.77980383617569
0.659971708484608,34.12797736678768
78.25224174778776,71.0017933982302
8.38748100862643,56.50998480690114
62.04320074622921,62.23456059698337
54.60385316612747,43.68308253290198
6.801713420525967,25.84137073642077
96.53623361704886,78.4289868936391
21.99364680988577,72.7949174479086
35.78704961838166,31.62963969470533
61.421507725041266,64.13720618003302
78.25045686248954,88.40036548999163
25.281743494202193,44.22539479536175
8.429503038776831,21.74360243102146
62.15941743538429,79.12753394830743
45.67587696862081,60.540701574896644
28.405529701945888,26.32442376155671
7.196450533275145,33.957160426620106
10.329803791459934,32.263843033167944
47.62340740369335,59.09872592295467
63.968453464755804,66.17476277180464
5.72370015114998,14.178960120919982
80.8415447595017,84.47323580760136
96.1987113210412,81.75896905683297
77.79728589158071,88.03782871326457
30.757063080714776,58.80565046457182
16.040203270572974,54.832162616458376
1.8714481559766738,2.6971585247813388
63.30121203986643,99.24096963189314
7.7770246398970455,43.42161971191763
84.1528269466075,95.522261557286
38.37904717774301,80.5032377421944
71.30071322960006,66.64057058368005
58.65087309016248,99.72069847212998
55.4317442139751,85.74539537118008
82.80507169274321,120.84405735419455
54.72091242662642,68.97672994130113
0.5996248758187939,48.47969990065502
41.63787774247716,47.710302193981725
55.72645942393706,72.18116753914964
86.39716082389847,103.91772865911878
22.314740720422677,41.851792576338134
14.720370919915194,33.37629673593215
38.821173751869644,74.8569390014957
62.746301624439006,63.397041299551205
1.8608352606462875,35.68866820851703
22.602590898390996,39.68207271871279
42.268267301626125,80.6146138413009
59.864453136709116,50.8915625093673
1.3673304166243239,14.293864333299457
83.30827278119098,88.84661822495278
86.373292000217,93.69863360017361
93.10433514396675,132.6834681151734
23.93953179792908,49.75162543834326
63.40550102410051,50.72440081928041
14.6311256617086,46.50490052936687
86.92192981525145,105.53754385220114
90.4651096533253,129.37208772266024
63.088679664336254,88.870943731469
48.35090783930108,81.88072627144086
46.877491189286204,93.90199295142895
50.481157012068465,56.58492560965477
52.736131308164424,101.58890504653152
2.57189483708552,6.257515869668415
81.3191578095595,66.8553262476476
71.7431818111985,78.9945454489588
14.382537687856377,67.3060301502851
24.004164504706182,42.00333160376494
74.71171900680274,65.1693752054422
14.741187602674666,36.99295008213973
33.256119270335624,72.8048954162685
45.68930482350909,64.75144385880726
72.10098157547336,113.48078526037867
5.220615611246748,7.776492488997398
10.059163884252431,47.64733110740194
27.455579929336615,68.76446394346928
81.71576398025826,98.9726111842066
3.700240206970973,10.760192165576775
30.135844074328265,64.9086752594626
54.12530581826268,95.50024465461013
43.72710887741302,91.9816871019304
38.102780403443916,55.68222432275513
20.423959125430347,30.739167300344278
48.79985079796102,81.03988063836881
62.094435668680504,100.0755485349444
32.594660467253036,84.27572837380242
62.645128021602524,78.91610241728202
87.20591870933895,127.96473496747114
45.6407276288189,44.31258210305512
54.63839769312791,95.91071815450232
32.13214096125597,59.90571276900477
6.176746384059983,12.141397107247986
10.20166955684072,15.961335645472573
95.02421368707033,134.81937094965625
40.06487695974855,39.85190156779884
84.83230385535879,83.46584308428703
46.97672974361249,56.78138379488999
89.88833471593287,103.11066777274628
89.29613921240515,109.83691136992411
64.27652435309095,84.42121948247276
53.50422035977462,84.8033762878197
61.492289680616544,59.993831744493235
95.73529560163169,80.78823648130536
60.60095473164843,58.68076378531874
29.591502679530834,48.87320214362467
57.011019345455,58.808815476363996
26.57755205319232,47.06204164255385
2.903296837304048,34.122637469843234
91.11274950383768,111.29019960307014
32.60791813929965,60.88633451143971
45.73876068685222,47.991008549481776
9.676010120351153,64.1408080962809
13.515282524951665,51.01222601996132
82.99642203906448,81.99713763125159
89.52556902911182,128.02045522328945
67.6881898595607,114.15055188764855
6.831452305608843,38.46516184448707
20.844687632110094,20.275750105688076
47.79220146326085,56.23376117060867
90.72609579103367,127.18087663282694
8.48973410038366,19.39178728030693
99.12057499872182,96.69645999897746
80.85185981564214,70.68148785251371
81.60595738747195,68.88476590997756
42.62698982126376,93.501591857011
82.00186550596577,90.20149240477261
1.3995018814568216,28.11960150516545
86.99724768752723,80.39779815002179
22.95146522356324,23.76117217885059
57.61573574283834,96.49258859427067
47.16160979665946,49.72928783732756
78.68693733171494,122.34954986537194
15.57701157024356,44.261609256194845
38.06623360821878,85.05298688657501
90.09520946021598,127.27616756817278
59.18391495766729,70.74713196613384
72.13027555208237,109.90422044166588
71.14026128112033,113.91220902489626
82.93438012583762,83.14750410067009
83.01506449419182,107.21205159535344
87.43329073847246,115.54663259077796
72.29251639717165,71.03401311773733
66.87531742386099,57.100253939088795
97.38730084713994,131.30984067771195
86.70113265537334,86.16090612429868
40.451312070061526,53.96104965604922
18.207183926069803,36.76574714085584
82.86019665661676,108.8881573252934
38.90669576712501,59.9253566137
54.77922947105846,52.223383576846764
86.717299523439,105.37383961875119
44.12552738028405,50.90042190422724
30.0092599433757,49.20740795470056
33.60871300820551,53.28697040656441
68.51304824550735,80.61043859640587
5.003752502937509,8.803002002350006
69.70552666496765,77.96442133197411
34.852647201269235,84.88211776101538
27.33765004565033,73.47012003652026
82.11617705558915,111.8929416444713
53.51274232956567,47.61019386365253
71.15344922683691,86.92275938146952
60.97397777139587,67.37918221711669
12.601173450067805,61.68093876005423
67.50581169176925,102.00464935341539
6.344117422974794,27.87529393837983
88.67702899819079,84.74162319855263
42.62834331042856,86.30267464834284
76.5311820779058,99.62494566232463
57.85424991605848,83.48339993284677
0.5137946656490366,28.011035732519225
99.7486961556392,115.19895692451135
64.3566133276487,91.68529066211894
65.30630431920278,61.24504345536223
3.307623594543996,54.846098875635185
45.84308189513342,90.67446551610672
58.905365028097044,48.92429202247764
13.6728490481428,58.33827923851423
74.8850094161092,63.50800753288736
53.74863484483827,78.99890787587061
65.24114676683452,112.1929174134676
51.84791348930855,87.07833079144683
53.31529251413589,86.4522340113087
79.53225360278732,104.42580288222985
20.62779254061805,37.502234032494435
18.871206137908235,33.096964910326584
88.80181090175891,102.84144872140713
70.64607863881488,99.1168629110519
39.202133993606445,45.761707194885155
78.21853591851797,87.77482873481438
31.880643690443744,83.70451495235498
68.70687155771736,66.36549724617389
55.99991746385422,87.99993397108337
12.072586550451058,38.45806924036084
51.658329733483164,53.926663786786534
34.854834481138276,59.683867584910615
76.43315625599155,107.34652500479322
7.990757868806952,42.992606295045555
75.13412810302795,93.10730248242236
22.66429989171208,69.13143991336965
31.65975415140303,73.92780332112241
57.66656733919042,101.33325387135233
49.1266596395607,74.10132771164855
98.16323477373246,136.13058781898596
80.25156516925223,76.80125213540178
68.31689387505664,82.8535151000453
58.9736008501444,90.37888068011551
53.10442661775494,66.48354129420395
94.15847246466754,94.52677797173402
3.2592151450654194,30.20737211605233
48.07573963256292,87.66059170605033
23.14016699532272,65.91213359625817
54.11436515253071,43.29149212202457
95.32941774836446,115.86353419869157
81.94869109287328,110.55895287429863
91.75662953778048,116.00530363022438
82.84220039455792,113.67376031564633
44.98991774298467,89.39193419438773
19.932401427250557,51.34592114180044
85.32681580767212,85.66145264613769
76.61556167219054,116.49244933775242
84.49813547424321,110.19850837939455
4.341012886032081,20.27281030882566
98.90394865685572,123.52315892548457
44.13228424317034,58.10582739453626
75.68950143774367,75.55160115019494
12.621759612382476,62.29740768990597
89.70087484609421,74.16069987687537
87.3407394114474,106.47259152915792
38.22062778197921,47.97650222558336
24.824638365496277,19.859710692397023
63.223264266900316,60.77861141352025
86.44517988570377,118.956143908563
45.41660153201313,72.9332812256105
20.33956179663601,69.6716494373088
0.13613212683741827,60.10890570146992
6.885290308294911,34.308232246635924
73.42992131549127,66.54393705239302
63.048532497006846,102.03882599760547
40.03963572588752,46.431708580710016
84.86770093850183,73.29416075080147
58.04856459017847,72.23885167214277
12.36066862088796,39.88853489671036
10.96474557218623,16.57179645774898
99.28087673805133,83.62470139044107
43.34433256453124,78.47546605162498
0.15932047009666883,11.527456376077332
84.03494384939107,105.02795507951285
14.306803778198418,25.24544302255873
89.14143406527135,127.11314725221709
78.41932856978333,84.93546285582667
42.43797674024529,35.75038139219623
87.35254569111797,123.28203655289437
94.07101410948262,114.8568112875861
66.50290478364496,60.40232382691597
98.70911508979796,89.16729207183838
30.404239826935697,32.723391861548556
65.95241497870055,53.36193198296044
72.24645678857875,64.397165430863
73.48285789526392,62.38628631621114
57.87195601611468,94.89756481289174
12.375091961812357,42.30007356944988
51.85152677031044,90.68122141624835
44.10490319476674,76.08392255581339
15.200763111582493,42.760610489265986
11.608738179508027,21.286990543606418
93.25702545835179,125.60562036668142
91.91357737376329,123.33086189901061
62.249637613358125,80.99971009068649
42.39103866869096,88.51283093495276
6.765406475723235,31.21232518057858
2.8428414092084298,26.274273127366737
43.673793726160326,48.73903498092826
50.75492921402722,66.40394337122177
68.09924475559608,113.87939580447684
5.811141111318441,16.048912889054748
40.99500705152149,55.59600564121719
95.34545769154636,117.67636615323708
72.37906403672825,96.90325122938259
53.196933811379175,52.75754704910334
7.375930759700111,23.900744607760085
60.80020810134633,69.04016648107707
52.532416975322484,57.025933580257984
17.764175208197575,58.01134016655805
98.56871084720899,86.6549686777672
64.26345170765137,65.21076136612109
14.78891013427267,65.23112810741813
77.92180330095442,68.33744264076354
32.42869489087868,39.142955912702945
11.951966553455751,44.961573242764594
69.4599822528732,109.56798580229855
86.21610002308267,121.17288001846613
92.72194442922417,106.57755554337933
71.68277935251132,114.34622348200904
61.271042041193446,53.21683363295476
61.78394054976627,55.42715243981302
40.020408841043775,75.21632707283501
99.19345945537796,94.35476756430238
17.305348713339963,54.04427897067196
45.80115219383042,45.04092175506433
24.40899289736087,68.72719431788869
64.86165167153116,103.48932133722492
51.759930613733474,70.80794449098677
41.03794846927965,73.6303587754237
64.3689078423927,57.49512627391417
70.5807972831805,115.2646378265444
34.20946933310488,67.56757546648389
17.086789366036882,49.6694314928295
81.34826424394971,107.07861139515975
79.02869160545296,73.42295328436238
64.60465348943887,73.2837227915511
69.65661870284346,100.12529496227476
33.54536652709859,44.83629322167887
59.87671425055291,102.50137140044231
70.6492080777884,67.91936646223071
42.98993738764191,88.99194991011352
30.370786778500182,24.296629422800148
52.074130098894365,48.85930407911549
36.679035945463,62.943228756370395
63.14075107507613,70.31260086006091
49.15492103771292,88.52393683017033
0.9471375324296982,31.357710025943753
31.29145132022737,83.23316105618188
3.6393291647636827,35.31146333181094
13.202333551236967,36.36186684098956
55.404805514451205,55.72384441156097
25.67042276720105,66.73633821376083
52.49107081756467,48.59285665405174
71.72082702470546,86.17666161976436
4.230896800064798,35.78471744005183
79.17534912226935,89.74027929781548
18.263383159547953,14.610706527638364
81.296594808825,98.63727584706
67.95704757902855,71.76563806322284
37.16618685380435,59.73294948304347
1.5368489898861193,57.029479191908884
73.12943700993327,92.70354960794661
82.09315316200744,107.67452252960595
51.71451846018471,62.97161476814777
69.85423551796927,72.0833884143754
93.92967477431357,95.54373981945085
70.3910547332419,115.11284378659352
98.58306208732584,90.26644966986068
70.45492326782858,86.36393861426285
77.48651023648347,63.78920818918677
85.86005125877472,69.88804100701978
14.890758584198682,59.91260686735893
26.397601724516086,79.31808137961286
27.537950790125876,63.430360632100694
15.783961906286237,64.22716952502898
39.045298590439636,57.636238872351704
45.414925749031944,43.53194059922555
31.692461317029352,56.553969053623476
18.630693622484497,22.704554897987595
96.11000380440098,95.48800304352078
26.066323966630133,66.4530591733041
2.6783262993568147,28.542661039485445
56.09298508580854,55.674388068646834
77.42337649428038,94.9387011954243
69.1590245079001,74.52721960632007
26.561739639616842,23.649391711693475
66.93952678235297,92.55162142588237
31.626775101520867,44.50142008121669
36.280766765398866,47.62461341231909
4.380708892814411,7.704567114251528
7.193796066297564,12.355036853038051
60.88145948971289,91.3051675917703
1.7784333288044074,25.42274666304352
42.49005596724535,83.19204477379627
17.109217706058,68.88737416484639
55.2471109972336,75.99768879778688
63.68621370976976,92.3489709678158
0.4453561772947867,5.756284941835828
58.630052082337535,54.70404166587003
44.40236149494739,53.52188919595791
29.09016959977747,71.27213567982196
69.39510313894736,56.71608251115789
16.50051744959724,69.00041395967779
30.285278341636623,35.628222673309295
73.35239828107292,95.28191862485833
35.31514457080133,75.05211565664106
64.60283702430364,55.282269619442914
29.390153269918095,24.112122615934478
46.406894113954635,43.12551529116371
57.01260570846187,75.01008456676949
49.55247288843899,64.84197831075119
88.09808213390362,122.67846570712288
7.373688132787204,40.69895050622975
52.52109961166854,97.21687968933483
74.53583900132928,92.62867120106341
25.11880709797011,51.295045678376084
48.77119082418303,39.01695265934643
75.1527440662211,103.92219525297688
43.854703900089476,80.08376312007158
23.04382399562357,75.43505919649884
97.26070469592054,96.40856375673643
74.18630258042333,71.94904206433867
20.242308042346615,51.59384643387729
4.665821469756926,32.53265717580553
51.174880002029596,66.73990400162367
40.741250172048304,37.993000137638646
80.46392709211295,103.37114167369035
32.65112059225807,50.72089647380645
98.97785190529942,120.58228152423953
58.57600301321752,69.66080241057402
52.05837116129244,47.64669692903396
92.19967927436853,118.75974341949481
81.19427311202104,117.15541848961682
56.91075700337964,101.9286056027037
97.92067240266171,99.33653792212937
78.68788926358009,85.15031141086408
80.8121678110951,118.64973424887606
50.23053623789349,41.384428990314795
64.15791346517645,69.32633077214116
54.23634855526785,97.98907884421428
53.30167409264814,92.4413392741185
3.759623473085827,6.007698778468661
20.11123693763669,28.08898955010935
96.26376971006037,113.6110157680483
40.116020017158306,82.49281601372664
59.25471600006536,66.00377280005227
84.33309191562903,99.26647353250323
60.65899036505692,76.72719229204553
55.05162305942504,51.24129844754003
45.90161499924611,40.32129199939689
71.9600424426558,106.76803395412463
69.81003058067299,91.84802446453838
53.19315330016951,61.15452264013561
28.501682270292537,72.60134581623402
75.53882377404953,113.83105901923962
62.42365600159276,69.13892480127421
86.41950880743312,100.33560704594649
85.56148617234717,100.24918893787773
85.25212966754712,91.6017037340377
24.32419654003156,60.25935723202524
47.014011036159744,38.811208828927796
20.689633949243046,69.95170715939443
7.692188274345058,7.353750619476045
19.849595890897753,28.479676712718202
49.7832185231494,77.02657481851952
75.86025444773881,109.88820355819104
30.39304370012994,48.314434960103945
42.83198285598666,49.26558628478932
51.86268796560341,88.29015037248271
25.96729767410243,68.17383813928194
29.89884041407187,80.91907233125748
71.39614538477841,76.31691630782272
39.29402069005978,44.63521655204782
37.42603727017998,73.14082981614398
15.52736096044718,19.621888768357742
43.56134765441843,55.84907812353474
47.05361624146672,63.44289299317337
73.61043018519197,73.28834414815357
14.08030591992161,37.66424473593729
98.41312255086471,88.33049804069177
7.263808141595862,28.611046513276683
83.37118469909129,122.49694775927301
47.36810751578041,59.49448601262432
4.806169027961249,12.244935222368998
11.97671257167472,55.18137005733976
29.5623935394169,65.64991483153352
54.11408499116814,97.29126799293451
84.25072674002875,112.40058139202299
18.649026642369403,18.51922131389552
71.58930623218588,57.8714449857487
46.09958116489583,66.27966493191666
55.64329497532171,99.71463598025736
14.969834214786125,48.57586737182889
11.464464004013386,40.3715712032107
9.832173996666116,66.66573919733288
88.95486189548811,92.76388951639048
7.107705528939656,8.686164423151723
74.62494965367732,71.09995972294185
40.13342192041593,41.70673753633274
43.843834960252835,46.47506796820227
3.18820575967228,17.55056460773782
93.56275520605396,120.45020416484317
66.73093029810143,66.58474423848115
99.24505714494113,136.9960457159529
51.24931143064213,69.1994491445137
75.75877148516305,102.60701718813044
91.47976256246825,111.5838100499746
61.77661574818628,59.021292598549024
18.267256002699906,44.61380480215992
14.235544322799033,36.588435458239225
16.65069452197281,40.920555617578245
64.22535201082512,51.9802816086601
97.89717094535104,97.51773675628084
1.3834046590743387,10.706723727259469
19.025789057264,42.82063124581119
16.06589526316472,59.652716210531764
55.757586435828024,82.40606914866241
70.36527411302383,68.29221929041907
87.94341829209125,122.554734633673
93.46648017244048,129.37318413795236
68.4612377560425,56.568990204833995
94.25397081530215,115.60317665224171
43.07109308142339,62.65687446513871
33.608969149607525,32.88717531968602
87.30020963717283,112.44016770973826
21.347634269941206,46.47810741595296
52.44420930343519,91.75536744274814
35.3115896745956,57.64927173967648
3.6438902984918586,36.51511223879348
84.38305127988409,115.50644102390726
65.7520306242201,77.20162449937607
91.38796092375992,113.31036873900793
1.5547001674630745,25.243760133970454
90.202627283605,94.962101826884
80.52841441441919,110.62273153153534
66.90708969230154,77.52567175384124
69.38326002624258,55.506608020994065
83.07582622612824,121.06066098090258
66.66524141110038,64.7321931288803
26.9721060675812,56.37768485406495
74.05036306846806,79.64029045477444
0.7585151817198321,37.206812145375864
11.487096794115493,56.58967743529239
50.9823731014026,82.18589848112208
86.01897035571172,92.81517628456936
6.316028672816376,9.8528229382531
32.190168949402576,76.15213515952206
54.91978793635736,74.53583034908588
96.4534882647041,111.96279061176327
32.10868864317481,76.68695091453984
10.870892640021534,48.29671411201722
11.022017897238012,47.8176143177904
88.33341328488687,105.4667306279095
29.01657946969426,70.6132635757554
40.58757463915833,68.47005971132666
6.344202985436054,30.27536238834884
34.27847993027964,75.4227839442237
23.775244800078543,49.020195840062826
4.134057977505378,20.7072463820043
44.36518078731776,36.69214462985421
29.06926143226739,50.25540914581391
81.7852854260739,77.42822834085912
2.6404977426497056,26.112398194119756
67.42089513317218,73.73671610653774
32.84300882528519,73.67440706022815
2.242826179635893,61.1942609437087
18.267875293749935,15.814300234999948
77.79257720197917,91.63406176158334
61.818523214910726,78.85481857192858
78.48123948434612,83.18499158747689
78.59157486238895,62.87325988991117
44.09099785401133,83.87279828320905
80.2617097954226,87.60936783633808
55.95434934212237,89.16347947369789
8.501311093460496,45.80104887476839
96.37418445118058,107.69934756094446
57.915071831544566,82.93205746523566
28.925982265138682,74.14078581211093
2.705234691720715,14.76418775337657
96.15060741731685,135.72048593385347
20.776181722817853,69.42094537825427
17.386303075139686,49.30904246011174
67.06997907102044,76.45598325681635
18.446677203275684,60.95734176262054
93.84808908644673,94.2784712691574
66.13888593229836,105.11110874583869
21.181702904178024,38.54536232334242
25.775760131178227,40.42060810494258
58.947554527900415,55.558043622320334
15.354317316556843,31.48345385324547
89.63615672888673,104.10892538310938
94.36166136879513,76.6893290950361
89.78873394762103,84.43098715809681
22.003233333656556,45.20258666692524
97.15168171141882,125.72134536913505
77.72408676255026,107.1792694100402
41.5129099762369,33.81032798098952
81.41044173745465,107.7283533899637
69.78633689558573,97.22906951646858
84.24516877428691,86.59613501942954
96.9544658485357,87.76357267882857
73.21605662409665,110.17284529927731
62.21410579322043,50.97128463457635
3.2434967660662783,24.79479741285302
13.383548673611612,32.90683893888929
49.49649475739367,46.79719580591493
60.24658069431861,88.99726455545488
57.440581295950224,51.95246503676018
18.787093273510802,51.029674618808635
51.6300208959146,63.50401671673168
84.22919721796889,82.98335777437511
31.904354868889072,80.12348389511125
68.43930430472847,75.75144344378278
40.181447381622014,40.545157905297614
75.50362815632316,85.60290252505852
34.68728118626743,76.94982494901393
23.537836100862254,71.6302688806898
62.78653097083189,70.02922477666552
41.30774147676942,87.04619318141553
29.503823225807714,64.40305858064616
83.01132465043732,68.20905972034986
73.61570886500841,83.49256709200674
73.32043223731786,61.05634578985429
79.89508570921282,68.71606856737026
82.52608323447119,71.42086658757694
78.8815526502467,89.50524212019737
10.322240172188534,10.057792137750827
7.026268821434067,26.02101505714725
80.15993958469372,101.32795166775496
10.436852540968811,51.54948203277504
9.581671626507426,65.26533730120593
72.4145727766822,94.53165822134577
97.05471914677685,95.64377531742149
58.3007166906409,59.84057335251271
68.05059370578779,96.44047496463023
72.7472598195382,80.99780785563055
62.1771316055137,90.54170528441095
59.455621019777084,66.16449681582166
77.48542076011279,63.78833660809023
43.785752364993456,68.62860189199476
46.633129943588536,76.90650395487083
58.36514070860692,103.09211256688553
6.512692372854478,18.410153898283582
44.063596666548065,70.65087733323844
85.9439219821604,95.15513758572831
40.191939821206134,39.95355185696491
13.023509743331497,50.01880779466519
47.58695520158662,71.66956416126929
16.26154398627423,39.409235189019384
47.56191620570237,40.4495329645619
71.25827526661953,88.80662021329563
92.18607402165728,121.14885921732582
57.57963827765248,75.46371062212198
35.76528936040152,46.012231488321206
83.1043751593489,125.28350012747913
86.8081713302442,112.04653706419535
40.36145647225955,34.68916517780764
73.66570404757185,60.132563238057486
96.4774082563131,78.38192660505048
55.25296017603404,103.60236814082722
51.411138934214016,59.72891114737121
74.20318240879473,96.56254592703579
46.92360163057965,65.73888130446372
22.571542712354965,22.257234169883972
56.987695151413675,46.19015612113095
82.05628725187768,117.84502980150214
84.01093291473381,105.00874633178705
94.51527396853193,95.41221917482554
46.882141677606214,64.50571334208496
42.27829750002115,78.82263800001691
87.4705811892961,77.17646495143688
56.15771024657128,56.326168197257026
41.156819222499074,77.92545537799926
75.81544680157725,112.8523574412618
13.031795244920307,68.02543619593624
61.40466582838941,67.12373266271153
42.48656122576444,92.18924898061155
11.923304093578013,12.538643274862409
15.07081689143359,25.85665351314687
83.83927595074397,99.47142076059517
47.56428333822266,47.05142667057813
90.61636489767547,99.49309191814038
65.76616846509168,85.01293477207334
72.49175894156275,107.19340715325019
5.07712675230273,52.66170140184217
82.85446242756841,82.48356994205471
47.03799656053715,96.43039724842971
2.7600224853257194,62.208017988260565
32.38456343307576,45.70765074646061
9.549399117739144,22.639519294191313
26.522749145393266,37.41819931631461
7.605715341548757,60.08457227323899
61.60783307702348,65.48626646161878
38.87138549814419,73.69710839851534
55.76878991490067,93.21503193192052
80.13809970990178,65.31047976792144
73.27889140087377,95.82311312069902
97.52314030235732,123.01851224188584
8.170402480567008,10.736321984453607
75.28759663805138,71.0300773104411
10.3248117233796,18.45984937870368
85.56974085974454,79.85579268779563
58.90857266307709,59.726858130461665
75.76389649119236,119.41111719295387
24.18403697363438,19.347229578907505
27.887416653574693,57.109933322859746
4.322517749958621,32.258014199966894
61.45944876139685,83.96755900911748
34.17273098048314,68.7381847843865
43.41599423934639,65.3327953914771
28.687490503038582,70.34999240243086
12.133446188881836,54.10675695110546
51.50912137013973,84.40729709611178
99.32758440301669,137.66206752241334
46.02739591671331,60.82191673337064
9.291402164637185,59.633121731709736
25.912727053389283,39.33018164271142
98.87371935646945,134.89897548517555
99.23464080028187,82.9877126402255
40.315922306535356,41.85273784522829
8.18279468254155,12.546235746033238
85.08846551283976,76.47077241027182
35.21720835540639,54.57376668432511
9.808238645070888,60.6465909160567
18.462524508010336,65.77001960640825
54.56696508199601,100.65357206559679
40.17284497691465,35.73827598153172
51.76934859609166,91.81547887687333
42.09471868668662,48.075774949349295
21.690178169770647,73.7521425358165
34.85976002113781,84.28780801691023
34.85869091063197,43.48695272850557
65.92631427837736,66.54105142270188
36.545070041120795,80.83605603289662
43.62806799416473,92.50245439533177
42.94824978265043,87.75859982612033
87.13037832618991,125.50430266095194
74.31405699276833,105.65124559421466
99.54571188247803,124.63656950598244
93.17740356509059,100.34192285207247
17.499241770696617,65.59939341655728
56.735366810053875,104.18829344804308
75.56819220141075,73.0545537611286
34.050783064037326,39.24062645122986
29.73497904367782,48.387983234942254
3.5769839530092384,46.06158716240738
4.714728260215805,48.171782608172634
90.56767127505708,131.85413702004564
51.99515819590813,66.7961265567265
72.79597752841103,93.03678202272881
67.68548042638454,88.34838434110763
51.7037352538857,95.96298820310855
87.87821654898917,113.50257323919134
28.762856410446712,30.21028512835737
61.7208536396717,81.77668291173735
2.213056926401691,2.9704455411213524
96.44582785645771,102.95666228516617
97.02938452806936,96.22350762245549
51.57504462821596,41.86003570257277
95.91750127876784,116.33400102301427
16.811052330283026,18.24884186422642
34.72689773999138,43.9815181919931
8.63096344714438,26.7047707577155
84.23204267489854,106.98563413991883
3.4196508326913233,20.135720666153055
58.16653285222814,90.93322628178251
20.236809108296015,52.78944728663681
48.75744088040119,50.40595270432095
80.74141009048411,103.59312807238729
61.7233772607781,96.17870180862246
55.312547053743025,69.45003764299442
89.74695738291017,128.19756590632812
71.76897472078872,95.21517977663098
64.23305566330147,59.186444530641175
55.91410038761925,68.7312803100954
73.454271602959,98.96341728236719
92.63792369627198,131.11033895701758
42.90543724320231,81.12434979456184
16.425978753876038,73.14078300310082
59.673584060042096,80.73886724803367
33.16603576679663,67.3328286134373
40.33137519911535,89.86510015929227
88.34503115139903,106.07602492111921
91.55471913810574,132.0437753104846
29.38680333491046,75.70944266792836
55.619046337682875,103.2952370701463
85.98759382937351,71.19007506349881
89.54340934301538,111.8347274744123
93.80751564004271,99.64601251203416
99.0405029202994,85.83240233623953
90.89265908685735,119.51412726948587
81.97549271767731,93.78039417414185
87.54229645742177,114.4338371659374
14.346053075000498,55.27684246000039
51.055993061482816,84.04479444918624
44.668256848925395,38.13460547914032
36.15856836662885,49.326854693303076
1.2945989498617916,61.03567915988942
96.18347783495761,128.54678226796608
67.0097294781859,84.20778358254873
15.816318651344197,60.653054921075345
47.23638702830332,80.98910962264264
51.756437553976774,96.0051500431814
83.07166117523708,98.25732894018967
54.16148634580501,103.329189076644
86.83835995631203,71.27068796504963
32.122536138462046,56.29802891076963
81.43372476925005,86.14697981540004
32.138046455509716,34.71043716440777
3.502595568120548,48.402076454496424
25.818771067839684,26.05501685427175
26.626124440629017,64.5008995525032
64.12573492074472,66.90058793659577
65.8017108250888,108.44136866007103
8.714561099341234,8.771648879472986
35.26794432707574,36.01435546166059
55.58259070612609,55.266072564900874
71.30596097033532,90.64476877626825
63.18991634384361,56.55193307507489
58.50350680223506,97.20280544178804
38.799025049243696,79.63922003939494
40.300706799225225,50.84056543938018
87.6969506921126,99.55756055369007
24.82874279267444,59.46299423413954
73.80487644586246,64.44390115668998
53.45262253928006,43.96209803142405
39.292741788694975,32.63419343095598
84.66483814481947,99.53187051585557
12.363095064688256,51.290476051750595
88.74811157313559,97.39848925850846
62.85010896625403,50.280087173003224
25.27343850900059,74.21875080720046
42.581164555278065,79.06493164422244
52.01808181638155,70.41446545310524
39.14255076768145,57.11404061414515
30.34398636612634,68.07518909290107
22.86662168388326,51.2932973471066
38.482866119106674,66.78629289528533
37.915306740500675,50.732245392400536
62.24532612718755,50.99626090175005
80.28559355292096,92.42847484233675
76.05244036960987,95.04195229568789
58.6026484729362,61.282118778348966
3.2523271577504898,54.20186172620038
58.83841048784934,84.87072839027945
78.28461704927365,80.62769363941892
17.332992550148685,54.66639404011894
91.75334297087636,81.80267437670108
84.31281570789427,117.25025256631542
69.77640166727582,81.02112133382064
63.17960373936644,91.34368299149315
12.61305805343561,40.69044644274848
68.85557908158944,101.28446326527154
13.706051554200094,11.564841243360076
83.0479730316447,92.23837842531576
21.598832356435693,59.87906588514854
53.68270438019582,92.74616350415664
35.13544245633734,61.10835396506987
16.639854803174114,36.111883842539285
93.61224198851978,127.08979359081582
71.2990893607716,108.63927148861728
98.92168089044017,112.13734471235213
80.20250953877735,96.56200763102187
70.14050751439717,76.51240601151774
88.10514720109765,126.8841177608781
59.994904863192964,68.39592389055437
7.149872265037505,39.31989781203
89.37923267622658,106.30338614098125
62.33297664278288,70.26638131422631
99.7552183927943,94.20417471423544
66.03706595665054,104.42965276532041
44.91746595135966,74.93397276108772
0.6458063859324903,3.5166451087459913
68.14215774823369,84.51372619858694
12.191510275443129,28.953208220354497
16.446294831124632,23.9570358648997
92.5458235898109,74.03665887184872
18.595070407663393,34.67605632613071
66.96279340244581,75.17023472195665
85.14932234612701,77.1194578769016
22.84142937276876,65.673143498215
64.06752550315798,63.85402040252639
93.95932751024924,78.1674620081994
49.23631681798091,87.38905345438471
11.609468962322744,64.48757516985819
12.580181571889348,68.26414525751147
60.58372560972588,97.6669804877807
34.08246265670633,83.66597012536505
27.33223400261764,25.46578720209411
25.30123167710876,44.840985341687
28.25963316299205,23.80770653039364
77.59396482450093,67.47517185960075
54.306629411372896,96.84530352909832
20.634220237667357,73.50737619013387
12.639635417636052,40.711708334108835
1.0102256034625223,52.40818048277001
80.30969516930688,110.44775613544549
99.23053788350735,135.78443030680586
8.57829600568969,51.86263680455175
23.653939661978228,45.92315172958257
46.52060246729367,89.41648197383492
10.284351168746586,17.227480934997267
4.092798861978519,9.874239089582815
71.33455009449688,73.2676400755975
48.3575272122603,80.08602176980824
74.6943700815153,67.55549606521224
40.50779741509467,56.40623793207573
44.268497504725744,74.41479800378059
80.16699859041759,70.13359887233408
83.00722861869163,83.8057828949533
17.301801980915133,37.8414415847321
92.69142990345645,75.95314392276516
3.933748852339969,35.54699908187197
33.534441011069994,84.42755280885598
17.864482502215473,25.69158600177238
98.6097973606218,83.08783788849745
9.164527673974787,58.931622139179815
66.08970728481623,103.87176582785297
81.92144752835375,68.537158022683
68.87942298952449,84.50353839161959
64.25721694156448,82.60577355325158
12.54858442714185,25.03886754171348
75.44149162417978,77.75319329934382
13.372106549351837,22.697685239481466
67.77807919833819,76.42246335867054
42.54923605065154,60.43938884052123
76.81339265421828,71.05071412337462
73.87506541140579,81.30005232912463
9.097244882744404,11.477795906195523
70.59166644232523,78.07333315386018
46.13487677106134,45.90790141684908
25.784950057494104,60.227960045995275
85.53562165686058,94.82849732548846
63.6544175074995,73.7235340059996
14.795634522910529,63.43650761832841
77.72078426668779,96.37662741335023
22.79431305213486,38.63545044170789
98.27687155741044,118.22149724592836
36.988477763812824,88.39078221105025
98.11091580470762,121.0887326437661
78.04815911085055,105.03852728868043
69.78310392341442,104.42648313873153
1.4314845353887828,35.345187628311024
49.59478721996356,74.47582977597084
54.67343323056072,47.33874658444858
14.224866847062255,48.57989347764979
27.534405300765073,28.627524240612058
11.144222540285377,34.715378032228294
50.6859335026825,53.14874680214601
54.491752418520655,72.39340193481652
48.537119946528804,73.02969595722304
3.4471345640705864,12.357707651256467
63.72269570456367,98.37815656365093
2.192379298070557,25.15390343845644
68.13702673762992,95.90962139010394
74.22179566503388,69.57743653202711
41.67961550382159,66.94369240305727
54.37923294628073,98.10338635702458
78.21540948378103,76.37232758702483
81.13078072029867,87.70462457623894
30.02427537330342,40.81942029864274
3.4909597127763092,32.19276777022104
57.459327047839416,71.16746163827153
58.92182570724793,76.53746056579834
17.729563278026273,45.383650622421015
57.43647522766132,63.34918018212905
94.48214131403546,106.18571305122836
51.89853757283872,70.91883005827097
60.1733984170765,53.5387187336612
57.463227753663034,74.77058220293043
88.28036995057586,107.22429596046068
95.02796585646503,86.82237268517203
28.669345281183723,37.93547622494698
88.04987246096792,116.63989796877432
31.22318815421943,24.978550523375546
63.41870233317907,56.73496186654326
24.015751870899294,49.81260149671943
26.38505737774206,23.50804590219365
87.94409668461353,76.35527734769083
86.79235959695389,85.63388767756311
66.23407708956155,63.18726167164924
24.68563807652685,64.74851046122147
0.04333591867690112,48.634668734941506
88.02344603566304,78.21875682853043
48.552434531889666,58.64194762551173
84.35465431845331,118.48372345476264
33.125192864747376,63.10015429179789
91.13848434942945,89.71078747954355
65.84527836765866,91.07622269412693
46.793455334379516,58.43476426750361
82.85483120515065,68.68386496412053
46.46910072719865,44.975280581758916
34.21613401545531,53.172907212364244
58.625497188702425,96.10039775096193
17.508001346324352,22.40640107705948
1.3881441611815037,43.71051532894519
57.84277177018018,60.674217416144145
71.97346072442949,92.37876857954359
7.451055456603283,29.360844365282624
23.883641101794552,36.50691288143564
47.5403890974825,80.032311277986
13.606580873507157,11.485264698805727
71.84776697610441,103.67821358088352
57.789974863140344,89.43197989051227
40.023039809605486,43.41843184768439
49.03627911375773,90.22902329100617
77.39973402941591,110.51978722353272
62.817378766094,80.2539030128752
62.48084494841605,58.98467595873284
40.23296744523079,62.786373956184626
58.91694265401342,84.93355412321073
75.0664539709611,60.05316317676889
72.08976058314393,90.07180846651514
83.1132648434364,88.69061187474912
74.8371782745686,73.66974261965488
12.602824973180882,57.4822599785447
52.490646411593325,73.19251712927465
15.532491912580559,26.225993530064443
17.825161027789804,46.66012882223183
41.309530824313214,93.04762465945055
79.86868081339831,87.29494465071865
38.70043190490418,38.76034552392334
85.47739937822584,97.78191950258066
10.5258411265576,51.62067290124607
64.80935214273043,108.24748171418433
34.519059181517605,57.61524734521408
84.13385090276216,107.50708072220972
75.00190614545643,67.20152491636514
76.37875771198239,63.50300616958591
49.07741463169488,65.6619317053559
1.3348101651474265,48.467848132117936
8.167998337391014,31.734398669912807
85.38381176016068,92.30704940812853
40.42883535211402,86.94306828169121
86.55257836791891,114.84206269433511
85.88219561661681,119.10575649329344
3.370927631375731,25.49674210510058
60.62238686467326,72.4979094917386
93.44321335648954,131.75457068519162
41.9073965789485,74.3259172631588
15.489577560702028,18.39166204856162
14.53139685379078,54.22511748303261
12.749976297113497,32.39998103769079
95.24547568915976,88.7963805513278
73.08029435059544,117.86423548047634
56.85135786426867,99.48108629141493
1.3983837615464068,58.11870700923711
84.73161591170933,119.38529272936745
15.281224295567696,12.824979436454157
61.803346882312105,87.24267750584968
19.594404957133694,32.475523965706955
96.93063925630511,120.74451140504408
22.44785540934394,22.15828432747515
51.462522286568,41.77001782925441
83.49703250018527,126.7976260001482
41.72733519773806,91.58186815819045
8.53311146358009,18.22648917086407
1.1960173137644303,16.55681385101154
94.92632693001232,103.54106154400985
0.37691097970875553,39.301528783767
16.904031273946053,49.52322501915684
64.85523693179383,108.28418954543505
95.84427067172075,116.8754165373766
98.11325264951866,110.29060211961493
31.83510599354188,56.068084794833496
44.846377414435636,91.0771019315485
30.246128128856043,60.79690250308483
91.12618791508534,93.30095033206827
42.36257573496207,71.69006058796964
64.04670835586333,94.43736668469066
35.75098556734091,62.80078845387273
56.882700557343156,74.30616044587453
77.42875859334728,85.94300687467782
71.55896479142841,63.84717183314273
22.46638638820613,38.9731091105649
67.77295125207567,68.01836100166054
74.28146217043904,104.42516973635122
10.608407601840364,9.68672608147229
