[X]:
47.47018060413319
48.37483456549165
62.87367087553416
76.93169626098502
1.6740314706456538
42.16379250616382
0.8587452833604847
22.148768765276085
0.4624041561381742
4.12243419221876
14.983021266575713
71.32041256399359
32.91841778450735
99.34688067213985
10.34371427303541
69.25089489497536
70.19827890186495
50.931189558388866
41.23622823241691
16.291429822659374
98.14857997854047
67.30746632960367
58.60978311003595
79.99903683810626
85.01081628968471
8.084801273434017
41.92547980105723
45.99160766282754
80.26525329133007
82.61725225826197
75.77254946918204
21.15563307156121
93.88902641625468
18.521433555697776
42.119385738910076
59.55120922956175
12.124340190178472
83.86829591972726
27.1405319345976
63.32751220724451
57.551985020725304
11.07620672539208
62.05102165317772
80.39704718650049
74.01117246235698
54.225342528471835
38.351819304274656
94.152293881613
97.74175238512424
45.3858845890887
67.36482600228892
69.75346672842323
34.64201734207409
95.52667952686568
21.84438204229986
81.11095883753804
49.43519940892176
91.89176026908783
74.28351081662484
6.69778041737673
80.45971530299416
16.952264302926157
53.867642262965134
92.69982405152768
10.37208009933045
86.14400928150104
12.164945190755228
26.803359190909546
48.518947862972205
35.043069800123675
6.751987974531193
89.70477705119457
33.2967111469708
71.33724996409046
72.85719139153343
46.2095775261974
13.382700646190083
98.34701600983786
26.907622791463005
19.379731752302064
28.689961061964485
74.69195421416879
5.73304078719098
24.432614573140988
30.03002856017697
3.4793369713912337
9.108771404859151
90.61867090331074
19.756738904519
56.22362593516041
91.62501892050936
74.37462193179348
61.6164319286933
73.26497364870308
32.16560634584196
79.22978877411109
36.08583452921616
23.26228245450883
94.03543129308667
18.44118497908509
67.27749117145075
75.20337904606583
40.00082303970972
48.56270162579419
10.349546009980282
0.27859118785013015
54.6516722974865
69.19801769875009
12.746779215008619
90.32238560138472
46.561610454388344
78.10341801871384
71.16875824522187
45.61206490865559
55.88226660817388
67.32311399121173
46.551519696420826
84.32788771321079
48.79634938092181
99.19353824666698
80.80546596092647
59.93578203619958
85.58326531303152
42.42694642205597
12.76683688504746
15.695115318867037
40.555576543466785
89.91010989623014
55.45941781380773
61.87212022611895
39.08404206104026
3.507914754685104
15.023905318121155
62.83728045496078
90.99409428438102
51.82784579593039
65.52435797545476
7.72281848439601
33.35496563056991
41.39253138549201
56.45064757068208
82.41469181130347
8.64360964144818
37.530244250391384
57.086664438704084
26.551311721019232
98.40114837920024
9.71622488863364
75.9346206808431
92.1579654311142
36.221202525497134
50.89324586084155
1.6136873968851662
18.651353046288655
71.65805496747922
39.584419675197225
7.174295741286818
96.22839343607708
43.29144681729248
67.4857659697584
4.796484323687611
70.87423548615095
6.586343385683402
62.49695739542375
32.960978441658625
51.64108265856488
55.91111572375197
85.11603476264366
42.5949598401445
27.324500190783287
12.742296690059518
82.88143059220448
57.205814563827786
85.30778567572813
6.041270012039767
4.541062397402806
94.73697828915695
57.252990518379775
43.47658727066659
27.524341303475797
3.7354446811245112
9.769324316234208
15.104307548267315
7.044330638467633
24.643886027843674
9.024628445475669
89.47263846689127
74.19323549909763
36.68765687651785
36.66749882214483
93.97941087905369
87.39419065331818
8.622531233818364
6.752093113318692
3.1074472197037406
63.88678986512157
89.88705036117736
65.9664898418717
34.60634124540134
13.53206303230946
93.28412676277873
15.356348661368047
65.21123115173886
86.81930781439303
29.906347032426204
30.197774718873895
62.128080678820716
10.04364153260896
76.933029566089
88.0566463590382
17.664228802402203
34.096426717231964
43.136464706163636
77.61857542782903
43.96962148066681
16.74230719527322
15.900896086753413
70.51401368580488
32.261850376188406
28.662798767247153
2.108926559666091
22.98726798445826
64.07062212429872
3.64730916054149
30.82104913717869
53.131270657981844
58.465813712734516
19.506293026341005
75.92628851258777
66.07804341749784
54.507575925908434
52.23100645636979
58.460722919436016
69.79904420379009
50.296814770252375
54.565748511883385
13.358852416011057
57.85245932107229
21.730775728207252
89.5881641369835
23.452918303795844
15.05676044608899
60.39323536717751
8.634004885177028
11.336997437788298
26.134602806574602
97.69459107816122
74.19290296753664
95.92500356866898
39.4668501644418
78.25653711005748
70.94732101539219
2.132777178866918
99.86713330728774
84.3223812015261
60.278739453914746
52.53814763290361
47.30693091406506
9.876567337011666
7.435906716249918
90.70437575322289
45.77082353314824
7.647568944627137
23.356955899773812
25.226428885798914
98.93620352920779
3.9431299471891945
13.59031791308053
83.01675189717687
78.99805700951435
72.15188013566598
55.21095485267018
13.751061833957612
85.31555169128458
9.95274251391688
41.44739278134717
45.223837098570165
73.72198299130946
28.878219414898343
60.092066519670375
91.5405388850122
50.73307948049387
46.655926115135436
81.27419500531295
77.17172693578796
62.93099481307257
67.88719766196351
96.22953384298431
85.67220536297869
40.26561166970231
58.0680836894936
66.83800056920292
95.89683995226663
59.486632372278095
4.7437465900600495
33.28839660312545
95.49037441505727
30.75708592867703
90.43643873163394
9.700076530739544
92.70661440730343
11.892472331381477
66.52221978348825
1.707235125487272
41.80261531195261
86.04730749760114
39.754026641739145
18.607402561097818
93.81963070857142
25.481642772174517
94.25719273079113
23.490371040435654
11.207744571955535
2.9179127500868374
93.70544135033799
76.03028396411449
8.869414908993335
98.80873900547047
55.76881660687649
80.91442219808874
42.76113452671759
50.183221222792675
91.2873082202911
58.19618399251043
94.03833324173213
37.17021623884826
55.03879325820766
62.70981969830761
78.30525815037996
65.18817227826337
39.1815195768731
31.560249212215886
41.043140306571324
94.11495031313073
56.59567090290473
28.842777479504768
42.55887294672085
25.843963834763308
33.54345345300091
40.82991309799666
65.26150169698681
58.60482143595116
1.8780037116857495
84.29900878503825
50.60159395168827
17.584117033226367
68.66884142781288
7.98513826641739
41.530663931364664
66.41797857671683
10.420605033831388
3.1218766334487613
86.94410644145101
72.70226185569378
35.33466578342595
73.9019221047592
51.97542180013457
23.629743176027574
74.75327292079442
61.1694826081818
4.768437065982822
54.20133654340178
53.987254952022965
41.5012924857991
96.49170826158186
32.31426743419864
56.373938340960684
66.08057501322425
72.74665165604634
67.25213634126901
93.85561812384542
86.40088230362612
0.26540569606581244
29.573068643817603
27.30960493204003
17.70395531168676
4.658639349553995
3.8600958076946523
41.52730195685719
39.73578604644727
5.460585359397296
27.373410144771427
19.356322137811897
1.3232952494488304
1.8614779420778604
37.0370317353407
99.06772081152535
79.69452484610522
41.70524519977056
69.23540644125804
76.66058426655447
10.317801740679899
6.1859574752981095
69.52865011400682
70.46974608803285
4.609555595833903
28.290820735318412
37.84253407482161
28.37185842475395
25.138796887454408
77.0759075379356
69.03305583578931
34.435938738940365
8.49889985338076
66.19436531316478
49.819388403744426
5.13150267780923
88.73785898902712
56.87911077115558
60.760884094794456
61.68408754071125
79.76299809902758
35.83478670193973
49.377187663867105
65.50706761396633
83.98013202148691
48.50453274225065
75.17873337965284
34.32081683915145
30.991368178924706
83.00371769302764
8.305401240050747
18.21557784179497
54.811709875044855
4.480955843341505
33.92890037760973
8.762998083535823
9.088818852854574
0.160555023572595
79.8206633876392
65.04066139370805
97.77808854714122
12.136027508561343
90.0260846063865
27.927156426595566
47.63142542506766
29.799305125590436
14.449532071408399
0.4001404000808839
8.58142070681347
12.719696155958736
92.63908391254677
74.38926740813704
29.45390477657166
86.23800241378171
24.166363113154567
31.029270526950235
8.717781818744875
0.26415919403323107
39.099494454311824
13.109824642531475
31.355012771351088
79.66029207100108
17.525305925131573
19.70961124826369
7.074473798235504
83.74397280824473
12.591474576088913
27.63831046623155
82.92087390131373
23.68325344575205
48.70109808735603
65.15476727536112
21.417005441731707
58.9400978200155
87.9780020050735
77.1051189859061
22.079111932630504
70.90186578147726
88.57907017438748
87.59649810117969
62.15288046048747
41.95021294553081
67.89860739810665
72.55773320085295
87.97551047369667
83.10612228742951
97.46510212390913
10.853723631453638
49.905675787841155
99.78548346098057
86.03815008263498
32.45403582519935
68.8769493682634
12.802140162950593
50.17593573950876
71.235054939743
49.50599755848616
41.49114688402251
23.59746715396549
92.88139518529046
6.510037251923551
37.78608354404794
89.72071134475468
5.883609272571977
1.5918169633534873
54.48645249904085
95.09195001713766
0.9620848859185349
45.790670312185576
83.39131513548818
41.30169913841746
25.196943104190538
43.479118666202474
25.573118332993094
51.26611514886288
88.02359724041911
61.14257072503617
73.8359530654159
5.271038955218755
17.222853916614444
6.282379466909882
42.774898868247945
15.209944057301161
27.610226405492245
0.547465081889631
49.018044819780314
73.6867176540752
5.946813090967895
61.774731394588535
90.31134081825601
49.91482034398743
83.84683861887609
86.46193356512902
24.282411882432044
95.78835797919908
9.837619207624915
66.83642744102897
95.93728953964022
14.881982667325577
46.14355881502446
88.05325348904017
16.61815999430566
70.24862813671258
66.50670511186931
87.48019133578553
60.952033011069354
90.37082740834002
12.356952913991027
72.22541646988685
51.35642479811216
72.33330869150335
55.77394165383356
40.40958538286154
93.1952353615236
92.29949317572633
61.50905240201352
27.184466966263066
78.58642140212908
26.76721375392379
99.35610028492954
47.423474104005216
98.2070738485586
64.92303216453475
20.649373535676542
60.10640925762173
45.4410335165249
58.08494230830217
28.306737818492532
99.79170815710546
64.24977753942163
5.037307291535487
48.925647257855644
4.671180104670258
90.76301882360389
18.919013049059096
21.79966121142072
82.06978477431653
24.485967148481038
92.82544858000884
12.49888328643981
66.70728424360577
3.033450237491142
71.76436632636701
99.56665663702503
86.4965478218752
63.085257725879686
72.41755399839171
66.44849859842262
83.85011021437411
68.46704517122551
0.007169105210580451
68.3318015896143
37.90025025706344
69.02089559707409
54.9810830046925
49.0200770247022
99.19255885390527
57.15841583450294
38.8732343076495
46.020866666831786
42.83742585110256
58.39282809422941
46.9072400711885
63.298356243519194
63.57229806780944
11.869179439669397
67.86819441712045
35.41900929392864
17.32632919804402
20.30729498604612
7.736010665979364
86.7202952025642
37.0306418511183
97.14102730938289
4.392011534843087
53.15046866411935
45.70764850124369
56.21268611108076
45.74777068885418
85.72308395229572
98.74746257141923
52.95093724172831
27.157724600434086
13.219009296367023
49.792370720990576
8.493028454053597
38.006857065791635
93.97075744258092
54.29584960533778
36.14204534339937
46.28128198344912
9.046998014401375
54.526032074282924
84.4646630665269
47.599844783176884
5.093735680524347
92.11557769938295
94.49985174364612
56.605711632006006
28.762438774338726
10.756066124260377
76.9346553198916
63.23686972532886
56.43891679891183
10.234479492303539
49.924598831487245
17.713752437813802
46.51356187712635
64.15032532976572
14.324085982051294
66.96092871500973
30.05095693605373
19.264907066302584
2.3696478572219792
38.14013235365097
69.585661321908
34.1196552741559
96.69230247030637
36.064007143865354
56.21753647863207
7.445416626893131
38.53719400013925
87.54409494755353
43.01979113223222
73.97096517420543
19.78740736584492
66.19534738503307
47.76044682464412
81.66344279047607
30.99109313412146
69.21057110764741
83.28075316170465
82.67894994867187
42.45840858960312
21.75683529459741
36.91581293496219
57.07163199865604
40.552400529186
2.20881696985028
70.59580628829849
16.46302490262832
23.041610077113283
88.44227094822679
4.090958196462891
49.453361264500884
89.99601632499882
80.33042439795808
18.048650465444382
55.935622196600285
34.26901393951135
38.90940301525161
50.61184432411879
2.4468264271539586
10.934377238911196
51.651710406312965
13.497166049906884
96.15916846457641
33.78008569816016
67.14594608122518
41.89104726209105
27.43565224469371
10.698229735262776
26.22705616027191
73.03729856234746
66.1024138519218
16.173094573268564
40.52188837014722
13.530697397187197
60.70543516892858
23.016499270299718
29.53073298683885
35.10651862364955
12.846173921279547
69.70813256200958
58.83371982642637
19.435780161548198
58.112236892488845
84.08121608775623
76.25618939122761
52.52272947902274
34.84839909773595
70.97430262437591
21.859893800174824
64.07691713370063
29.825187976739752
83.35494099459548
4.479280135447339
30.477340216208717
80.00623474126046
60.82258849029171
99.23862801378186
86.98585422936577
56.01069660285625
87.52127874570706
59.505655982874096
29.0615826912764
99.17962310246469
40.80691289175916
25.2184901126278
27.600836841360298
49.15574600169107
28.409072681628167
76.4248313431456
29.55297549849054
38.228290759360426
82.82214141943093
33.47098087500776
29.873924356676508
47.298314390375054
10.449378357598228
38.71376739225092
95.18808776561056
65.47685918362707
34.23280734368382
2.3235931828778034
66.58901234444431
32.430080018387464
21.72368442719572
37.757798918381916
6.966071019348508
97.49074159940477
44.64923730049745
11.531136243293583
86.2040259254741
95.70357759524344
80.83835497420259
9.196112375480126
62.24127209495888
70.92810090061371
10.18975057654452
13.680991916301155
97.33308517532797
50.00307002669581
46.38759036677889
80.8314786333034
24.3691647349809
63.68746043452151
87.56697548882096
69.58982453859291
92.33009506429556
72.48315080110493
39.04953617014642
83.38434880695354
5.78538003731518
91.91407460612378
47.593929940650646
89.35528658410222
3.707712287533216
49.77976363160985
89.10525249711465
34.28314300103994
29.504569554653447
46.33149706992238
49.576194705942555
75.70092743303135
61.04126107285111
4.397305784053418
57.39597072156089
0.7388964857371616
11.583372263103309
21.11434906028483
16.356237707343624
70.8721885697078
74.52163706330691
15.75896771940628
42.07329991094849
16.74099743115519
84.70409962138004
2.3113304311495386
62.31502570759899
74.74057325308172
84.03389772324664
95.51372953178937
57.56506643922042
81.32880236510591
93.93875129986864
11.078027841552684
3.3772091102661106
2.4883858836472816
29.724081853688013
34.596476152428465
70.81598398239045
67.30202289486124
86.69441437012986
84.74684098121821
87.04745937997777
82.43959433115919
3.3600812610484754
45.44923495733774
74.21540768615483
37.68652353598887
33.3325608814486
81.56276816030234
28.494856001564028
91.05745832555814
61.57008749974171
44.03657394243855
73.21783731340548
41.61793300230957
18.625639236082137
11.397573865584377
24.90667348960126
53.012845458947666
4.39766844045838
1.4777781253057953
62.391209829535185
89.64948817982251
52.859544157637664
43.78323082420014
63.52804527605971
42.0648652909654
6.11009555747083
53.46392105678823
17.748116854383532
86.46437736719051
30.017295165227264
14.836615215277115
52.95811385417913
57.96014989814285
55.015389890882304
76.96773914913443
70.90482098768503
38.3387200461249
91.33143329053497
5.923877457510141
46.37785593420903
87.48757940027548
48.70765555259007
76.66596561425376
78.86113570136723
28.221905588446973
39.09426335428402
50.86987487236478
48.04933817423799
20.34960724612389
61.03092489798283
12.26170135063802
20.070642219724643
97.01795838523425
88.20744988316171
72.40839277186627
53.478993124844976
14.910238159157396
50.46263377624049
46.214649879490565
59.33821234459212
63.24599835774883
74.20026562685193
77.41572913134608
76.24837353190989
98.6950170452893
64.4557403329356
70.21653668991573
92.76552363084436
16.802848327082188
98.43567791993216
46.78041403802013
5.8921727366450405
36.57497144777342
30.665625993554624
85.92984029938704
93.83330099204315
88.40916231802632
60.279089244988604
25.35957917303261
63.26934869756743
55.18666236616102
57.943256006286035
47.57156470598966
19.13865658484405
43.01520235092763
2.3802236096892915
93.38954940990345
22.772053627416277
58.1673455302559
2.536942068935022
34.19161608314055
57.04869538163663
93.37229874989052
0.05748721261784606
30.101706451942135
53.39748861505896
66.99498750563596
10.395065440822504
24.724307185024063
32.496042014632856
89.9925332029296
50.06588254507097
69.32442267555211
69.42313160983386
80.33514232600564
89.36971306365827
71.28844481371833
72.75351925474757
99.30402921107536
73.31150578563346
24.97198553015737
9.103077750733712
2.2918168632652725
79.31312236918411
57.106652077257515
11.242527762882604
50.73987136921445
89.55001594567705
1.5730818606526698
31.337600922770026
64.06093058585516
93.68087636354629
31.324280823575933
67.21447579883666
44.784495950020386
79.86562632295023
70.0321365217938
87.48457468233237
48.368551004362594
30.998765077685555
13.809815179248163
48.9560148511347
8.895467042462169
26.885171282896238
90.5194203963406
76.27798327978907
64.35966420448788
91.46604890910322
56.744765053134536
15.645862220066398
14.770875930810433
2.572004684535978
51.552185661800095
81.40825741145608
15.11165350350453
1.8445302582591694
7.114790910423297
82.9515880849184
43.08460208146791
7.905585743124166
51.15521088383503
1.8827364698984383
52.43765034468546
10.029130319069711
20.93226852959944
21.93675510122293
65.19604222614373
3.459665065836459
11.648793916012556
4.591154736812719
86.5345653436931
99.84509812584773
92.43382541158311
1.2135632434251198
52.063857147193346
18.772003642625545
10.639371555468891
10.819808583907442
26.56430373069635
32.417044123801254
50.569516854679975
51.97385201001271
14.894424573631216
3.0903396870613165
24.119236576079416
21.357793167607188
91.7652394842865
14.415644130458116
30.11327965264424
61.00409682419373
40.500594335705905
3.9350113282850874
18.614737694052263
21.97476492398338
8.104473750577823
67.61212839693793
31.866324461655072
24.57789174486038
66.31070757067509
84.25916495643584
84.68976465430369
55.81686578376047
62.3255885880573
68.1712646871891
19.68373257302254
6.551087257084342
45.96510005044298
31.550089264902958
42.95496594690636
37.87299045483425
37.80709718539818
8.542417776305866
86.72556599082569
31.15241077299261
28.01461033528635
55.309427452855076
25.923485278916104
6.940886060879925
68.75750972456358
84.70205504735394
72.82527941014565
13.823156325340047
95.43989655124871
33.45547159668416
40.66958600092927
60.202929798208636
94.08172899751145
51.69456245075099
69.21414227562984
61.01182405779525
47.82977144727995
30.871950701215944
19.94180012574105
72.9237983820725
3.1459967067189454
89.63038974870936
33.91886022196285
86.23569450862064
92.83514772776691
17.974372577695185
85.24213714014067
4.795873754505154
19.399163392300032
89.24223237494681
63.172849468512624
51.565802094773304
40.72973820397886
4.389246496289689
43.32061705986657
67.81958758889682
82.95529577128535
86.74827831389666
37.64933699950497
74.24594251941902
41.540103837422
16.77490763621211
61.898226509791485
74.85339589105405
99.4492599910952
48.88511276410142
71.78288859985574
81.52347584174284
95.65297400097302
97.53768120061285
0.20356191305114235
96.23649911799717
66.19763859124224
47.40681426870906
24.692321758709756
60.04637782916679
23.550470378199396
11.881131859031823
86.79201301935109
90.20348703821554
45.923883693940034
89.93475985377995
74.14442026711873
96.55921043587304
80.76185464640169
19.20504833546127
58.60468182186212
75.06438847540085
36.07478261628485
10.439230924879483
35.41151879317388
91.29110831409221
38.71937335644691
57.357636305957996
88.522101662291
78.001314825797
43.78337343015456
11.835727302332488
35.69212695073291
45.66902024331828
18.863134873195797
78.10772508653176
33.33737543785649
36.7729865020507
96.20382567391772
81.08738731445081
69.83189166090685
49.05425698376021
83.97213648292154
97.75047292002085
80.40287984280118
7.3360243866355646
13.30529934121114
81.80029402739753
99.10221393484692
33.45182481161206
70.36121415614836
19.259230474387035
75.23331377917579
81.22591434116616
31.75134454630877
0.6379156704757305
89.17125826327946
11.777988252652815
72.8180515847831
46.31194543599544
36.08480383383063
73.08413511706601
18.318757879951985
82.82642805944775
42.11225669004431
32.45482085150086
41.28039752733647
54.58981782190557
81.92154325335392
55.76799509659656
7.7438165768918825
4.015318744455742
61.592367077774135
77.54205036028799
10.19180919999445
32.6434299592885
9.631084411494928
42.91911532176045
80.54027359958984
49.33395565044872
62.78836079640055
57.700478285639825
48.78890693096899
44.495477969134434
74.98787575406273
28.122308618783663
99.94737892115026
12.875095807513958
20.163516296615715
39.91947732943465
14.908123495770809
30.91723148251685
17.88216361993341
32.294228278965456
97.05372652429787
79.06357818424365
86.6198211995277
91.93445980252494
84.85123400807798
29.313432189380283
37.72848022873849
52.94140987236371
77.87798828777859
39.58596413684726
55.55543796357618
61.8304076698187
15.365989470237606
19.673316929791294
61.369127751659214
71.50431264515028
83.52614089458842
70.05856765279866
17.84938684595444
78.55687229256316
93.41076080223435
23.69840416681769
35.75030531366722
99.01236111123423
35.005618648877466
83.34568000601463
27.215790468529466
23.275870085154093
36.369434178331225
63.67493142754647
44.35027296240202
13.135306674007996
24.751055383897036
55.229787805350064
91.82484318600322
76.97286284251041
64.55599859300915
12.167585495658262
22.21519555398761
61.04394448979594
63.162017358433985
79.70881100281169
35.695741499769355
37.113342062742724
73.18730702190695
73.61110296267262
44.69493851800597
14.691835571917245
3.5511702678193258
18.849496331349513
7.762004063034455
79.19145670189145
15.155095467354329
32.09870926530661
66.3490686806946
87.86652063882346
71.1206488131178
19.874442501932776
6.762073532554835
79.35648067818865
57.56762338186894
23.923746221003938
27.318095860376634
35.6631994094505
66.689641637771
27.396828953034614
3.771107412439789
26.89807981339828
55.074095357032895
90.45998209720054
53.72232000070001
67.43246095817985
61.314709230897414
5.931994510915562
12.388588704509084
53.3293174545977
87.36831206238853
75.40724210808096
2.1437069228274264
12.745319875893312
11.057035618984546
30.82131598484996
27.88816323734864
46.346015144046426
2.8659283876842467
75.65530514836183
17.009053026888775
37.99833751251168
74.20851050548745
87.27504451936795
94.64273856770672
54.80996718203019
98.03414704159492
73.26971089523416
7.4029963072323675
14.625851556741033
64.06031523714022
6.623315414328146
67.07024031975419
26.501373714704833
79.62874192691929
80.17747426599584
81.77855184179796
57.04823236568176
55.38570819041681
68.20751833070891
62.17941682951077
34.697899739552795
25.895735454753865
91.65023397414562
82.13616213590718
94.11691626792089
28.00313649162015
85.96051098393231
17.56526119218458
47.81813325595854
7.676779383435106
88.13017597843597
50.458564662116466
35.955312625910885
3.9790436508906457
14.662190698376731
53.86213737693415
11.524613504576076
95.75304030557984
95.97673541592853
11.091562205538763
18.49597240572024
39.17637384511083
72.82984277606192
98.8965372769528
91.03218400989368
18.820315597015835
56.21548503475099
78.93768264032684
96.50133094230664
68.9665373757487
10.037853316865952
11.02412785272201
6.789956983920964
69.26227430572082
80.98400931396647
79.78182499146739
16.80225908721873
57.44573333652703
32.5672064366499
87.91550633817515
38.60183387454404
37.575219933914894
10.806813057304376
70.93747344613311
56.007231802142634
45.74113178693282
55.61618016196279
20.97539380058556
0.8788392361763764
99.50668341447184
58.25012698996168
41.480798095745044
11.41306995262983
56.94792476630711
4.82972955259201
66.65762759676448
61.330331026260666
57.39856217659723
13.749314067647722
12.883190850711602
12.507393327402527
69.23018001297862
63.32031700119612
26.758584255639605
77.4059889523066
7.248293451486532
86.17178729485062
7.029720568514374
20.244144871541604
39.12869159320124
47.24220670694239
21.795698536075893
57.46385869983506
87.66982485828436
3.5097060169871575
80.78280965371198
70.76992205656897
71.95636783681772
31.34145590981092
33.378719074061195
62.72984250908059
35.66302335763156
41.53940698307721
11.551430152786802
86.70079516971609
79.61986054702743
45.191964948861184
22.74469945704486
95.08050627660151
22.89540221270573
19.812972390598247
3.1449075991822895
60.32070382002666
19.286274262185643
17.350349996349124
4.114550953500307
90.16160169086103
83.7002985135887
61.50448718306391
0.3214810217846975
18.090448554784288
19.402946138321752
71.3038453017153
68.34902175204938
17.806473460888473
75.91774409489575
1.060452640398457
89.9302239747486
62.06646341138755
78.86677332949702
4.92667287112395
69.90984785232935
31.66308564393733
25.93233103357936
26.385273120784348
72.61052378588141
11.96313908872889
38.007936752151
50.75823172466579
95.5071233476746
90.8645206881279
81.94028499221055
51.913292784148155
45.377231242686875
93.63935768533375
53.332594679622645
61.64068956630333
12.799101468339401
34.0006162219154
26.772578976310115
43.29707301064799
66.0721145364453
19.325698054140073
97.86015456969702
72.7450990629838
19.570896544537142
11.440423092791384
55.20302974459222
18.577298557674272
47.137667573502064
9.989971727036284
65.27323266729167
91.0011345804874
47.513095523580695
41.29686655143314
72.83030660694824
9.262052634012196
70.8864920080306
71.36879407024807
99.28518654260037
7.056916514651224
35.83911167669746
39.00698987205536
52.48695985977554
16.38440462926969
16.26520641339938
77.86998699727144
43.52400606432487
77.07895536012069
78.47664740858157
53.6487605701231
88.45378762553726
72.0680201141291
65.26185205934318
29.597402654962714
91.35497811636064
56.250915983574934
38.263667848297935
75.48901188554748
71.53587318366498
21.974994544216354
57.886333592731084
97.5279254301091
78.75404646380754
13.377120658164676
33.88702909228996
4.246531286324428
35.42460773509985
33.86473403496409
98.46372660328908
48.53219443408374
35.17392090918228
63.36953189519772
30.353750761477315
88.8257085475713
99.24943812170505
68.1354093825833
83.14273288040033
13.650841210990528
52.967273880960754
62.193166168514615
73.96274047778331
45.90687480390072
41.71566582112213
1.6799968688428923
59.34143764379942
34.041077782598265
36.55950478473354
25.733121675782233
82.51214149215131
8.229244585168228
23.047048105882407
30.243397778809943
55.352892432369835
71.79659301446803
47.618460271362174
45.834110484518
85.82574377621847
85.66019507669654
74.82016350541537
82.03668121037303
86.34746356034499
26.006068511302736
45.392765776830934
86.26600782518959
72.29823664408809
63.499310878051006
73.27131369110629
38.38768727189618
35.78140553367566
51.280094007761555
18.537935859764644
43.633805296993856
58.88750767301839
8.48829926501532
96.97246391351011
61.20340906561187
91.81289344590718
5.119350952697532
6.941040207320848
85.04287282126654
33.705496592207
4.8943924197523465
68.53126600418628
47.49411961993183
66.66321052018324
51.86939687908011
59.694815701629814
61.90119346089967
3.6290653882912416
65.80444026928379
70.81484726659083
64.29275035910833
99.28970570385842
40.240196833305795
15.720447199172172
81.04061963300138
94.06593256293439
24.634713561801224
17.610430070059202
18.315295561014256
78.82955816358505
21.750118353200232
62.89176220269359
63.072246184680495
40.55687481479326
22.042037022846152
67.00438725688885
67.83589650224204
88.70664205272298
66.6495627997502
57.666689909260015
45.43054548036217
80.96876978330813
70.60781667693662
23.340248760890624
73.61100530233357
74.0074762213045
49.35402417031105
74.98309381484745
70.56379862056666
31.49946998012556
74.68997100854723
61.00038912436745
72.20588377074054
73.93630304681729
81.70944734743635
63.99914580633662
51.424874900073426
5.048247039774612
26.247484566488332
36.47887147809751
2.328355971612006
1.1320328750104913
87.40668129014992
0.9600406378310722
29.963783400833876
79.1609478078176
82.37934001138728
72.71949938313007
24.40427842238182
47.605996125666664
1.1358470365035345
61.96659504050637
7.236828035814346
42.898671103460764
88.13086483656865
89.47312823183464
46.41320416855422
77.11150153951638
95.68324941674308
54.6599528173839
68.87314910300927
29.670400739757863
12.817031392947998
37.398718173204124
62.7797609157383
55.05881866406549
39.43919248926665
61.54959434049366
95.17420516980202
43.54554509475297
46.86478976627245
48.59349199378359
85.88166238757348
58.808298737290976
3.280592170449148
39.27293812221446
84.55899384363312
78.05216458312607
47.742544382989784
74.51858773673767
94.46965460642683
21.057478808842532
20.340369214394283
95.3921733560689
88.05478476247775
89.72294144279816
50.47577718283435
57.94734462409793
35.54505980887922
56.54446644006078
36.120873284767896
62.216917511716375
83.38408497165591
41.79321356985138
85.45500914720576
48.73401443829778
34.83727611829364
18.025233551147267
25.983246099907888
73.43681192382384
67.81257345265075
74.30094048029677
15.745119025514631
1.4982667920927506
56.37092138403473
17.57172416699739
95.09248460501944
98.2983865713454
60.63987050122827
58.81974086792123
51.125771481618585
11.436762933780608
2.4222905701103192
22.557566341248247
75.65733408027964
19.094842882126486
83.45479814080291
51.69987219442098
91.70255847260614
22.692023822951914
35.6447830890409
67.23202064379882
74.57227931132698
84.03719336898735
42.38143451371771
45.33956739144197
63.204392615514614
61.416931737518645
62.29823506506125
28.658379410616597
91.75101617731283
65.42980532541203
35.59574655261739
15.118866407743692
37.17119062064458
11.806107234245843
30.439529286185596
50.805073733156625
60.46688945963354
37.00312099808405
94.50132840787296
63.38237000596614
75.04598466528826
48.279681692787236
6.163561243769378
5.176404980649996
40.238073136196164
12.434390422002007
99.63193755877771
2.7368993830585886
34.94240171496895
6.8578647812419735
82.74911798630752
92.02860538383719
96.86244607512052
20.292078824284253
90.92031799641705
96.29310264744822
79.98753507531771
64.98962631518356
96.96088787201941
46.52556180815714
79.8369838149919
3.534440949933837
38.801422939097975
93.79355919293376
75.60137121791695
31.942451108255586
21.005478772259345
50.02319619188654
71.99242376512693
41.7568881627019
64.22742925258163
50.413360805409404
86.84600915941398
9.297224069526477
44.340157187553295
42.56709093178343
34.23654902151397
6.068536460970697
24.342995874352326
69.11325941964749
67.8415329202188
82.99066875059873
13.638526330527467
59.345515532618684
33.98008877063714
96.3033964605701
83.78334329612109
43.3174548085857
69.82287646713932
73.76970998280822
17.967473568905813
29.74233526585026
49.61641349056147
55.85559604109186
15.099306089739695
95.31282889371725
35.8796089534501
0.36881761862447293
30.458332774436393
38.08728479028494
38.615231660233306
67.38313322695623
14.673158798159369
6.876640071852547
90.53235151414137
70.17539355832658
44.84109321156726
35.20753408477888
91.26962408702029
28.030703962126047
69.41053603718545
35.257105654196664
75.94254434378799
16.66286789294641
23.605380856484814
62.19137860060534
52.769910924243376
93.38666269515848
14.274162430069659
68.83574247614953
69.44951310982448
48.95891019191115
11.552625811078364
20.713713004856494
92.15771503051995
34.886663106223516
98.12194093292926
12.700062979398819
76.6595680560675
25.61102866135183
93.66506900331942
41.765233593524655
5.880135375940143
72.85142667701591
90.09351288742216
24.47654423438681
42.18365564816975
17.919993171938643
56.73039888241601
20.15032608892303
26.18087757508717
84.07364612944797
5.371281520003446
63.79364843881077
23.332612689330258
20.79722930413669
76.11218289642694
65.44742747105249
56.94644522752178
24.341451492868238
49.03747841652254
63.53283586532926
76.32483794522554
75.56525759584409
19.75331810115729
81.99566097183735
23.965971028737698
25.118115221631886
41.993050336405936
22.091827319523627
52.05033595784877
14.773090673830813
45.81910889506684
50.23169558095103
77.67073501326547
39.15478026310543
41.929923875086395
67.53975495131131
51.47979209130623
47.54950482628374
17.870348084570796
72.01858064933732
25.59314725607651
51.30842191183886
13.490874563848243
23.866584175505146
53.01730824839742
63.15938456314615
23.15212639416164
58.17683711126642
58.272109055751606
63.70539268182935
58.19784032259929
13.379112299015905
29.532683953537575
72.61173655533125
63.815452992807806
12.041734234770763
34.74350226866234
71.35536739176351
89.39496001705758
51.08507624015177
2.2791070505276068
91.16699409978864
75.70177861163852
41.67865167750563
57.89596628497786
92.97567945149939
58.91380998491022
3.8525707314075786
67.00591700154195
71.88063494190263
56.52493025102683
84.771819419925
84.79119253068806
66.47046664250462
18.641660549893146
3.5996943909443746
39.21849744501389
92.0379837846334
64.36466803029242
73.69514646614769
3.5314549547205365
68.75076584878774
50.49577806853942
66.45880002545476
73.82947413526301
3.687071317115842
88.7625316131359
45.76854695061885
3.216288060004102
82.29829596223857
24.380077674473753
16.449699206891587
65.26681393750336
81.39349259576939
76.8865229669137
4.286081234786798
63.154541233254626
43.59345477595853
19.945439133265552
8.919538088367506
10.886957366929783
44.20277632656855
92.19819621764218
53.316236964310804
84.37748833157177
96.44632420874332
40.48794496459453
55.44478560882739
69.29666522146661
74.72089782699618
71.8270778652361
11.59438457028994
21.138957717257323
4.498715413077436
83.07650680180079
54.723542529760195
22.027566184492244
73.03104108435143
6.591601597354968
8.20329197387385
86.57069469191798
81.98915404603898
92.02462738463892
26.254961732849726
13.202820755747824
48.00501704312109
18.39407727107677
44.15038069991031
33.031388883482585
25.91174968625005
99.87945509392337
58.83199997013858
45.81535421127754
39.426022898722465
35.09407881506634
96.05928194085773
83.32189939057358
28.985587377655044
18.794049098496536
7.6273439889197885
17.93265991016588
25.724781548769514
95.70968019218549
94.09480060585275
44.22885097917979
48.8150400276176
76.98441089785297
58.72821298830224
43.5139227444026
63.79892720295726
47.29689047980021
44.986171922508944
50.26484679576624
80.89315455996822
44.82573906371512
91.8902035305118
85.41986230418404
14.101671508829948
75.39340512177021
42.00768353145507
88.84953699769011
29.633175558902792
33.2676794262212
84.22204220148681
59.54709817953122
57.857895941897574
75.84254669185157
59.33869132598502
61.20896849996812
67.23328382137407
96.33825936816038
25.685189461752735
77.10261814279323
63.09617241614687
44.95714901730664
30.924480032077984
92.47015916624363
15.358943758045507
37.38006223020125
45.769759766290974
1.1831963629657771
85.20554742484883
15.312243035753625
96.62333723167599
13.153022999655617
18.406322496748416
81.82641644837754
4.445525037801956
90.23716384958455
76.27345193244679
51.828697551696024
0.7688352031572143
38.125707088129545
23.887295299281476
72.98877961969048
68.44244116788309
54.77353389069187
39.4426991307978
4.495399816901468
7.406882250604852
83.34297879583971
78.7071514409724
46.41884903609144
46.440157538471915
42.50561371885016
98.61614183896414
80.40500846928691
54.569470449500514
76.47719534402685
52.015737437019716
91.46799241725543
23.758705771709863
47.201823658437924
87.85241546260481
18.85861011794905
15.968411092674605
37.168785225116785
48.2088468192397
75.82701377127194
74.07882940263246
85.31724757507486
35.534660753928634
84.93916916817146
16.385883251367083
43.976527763891646
92.82631941034349
36.604136494890724
1.8540192763627061
50.32529966383542
55.82240675601761
89.47583339592939
94.69792074541708
82.85367609713863
34.10505176030715
98.55407643883369
87.966319699877
56.22545630037927
94.98500914142952
91.57871551712446
52.96376553363672
93.06019952720102
80.19489827422917
67.0016286613682
98.54404680800529
11.127321981092809
55.31989680693313
94.38878767370883
1.2963625833479653
29.996389399393884
71.21148039241754
14.169662893963986
63.88107940667527
54.12411978203846
48.505086025399436
36.11394494581126
30.800216169431984
69.1187653441764
31.92678217767806
23.077292157289232
48.66545234125527
12.331185337697248
4.508380878854279
62.859682497242744
9.042379740019335
59.75647659418558
18.93850242836057
92.8088961470736
28.329796620305324
15.496793273751042
67.56552602537512
95.7614916326809
2.2739925911549053
34.350652148818384
17.725479728445304
37.89515693116922
94.2037744345552
74.90395090945152
44.19537075298291
10.193355212977496
51.15547671580806
18.208860279833207
14.212251422658728
49.250985145880954
42.67725926604449
25.60687259552712
98.7721747774271
59.72098387042547
38.297079968816696
28.31913741156489
89.3897167895881
46.39041854694044
31.009118919192257
98.26595132888664
8.54057458593499
74.80107535284975
45.06360117565104
26.67387199716439
25.022062256571065
57.530650692614756
84.25061570011218
82.26321037909088
51.329341579142564
14.81166460294726
49.35417320710355
71.94972823036554
90.08587426870979
37.46573327270345
65.92105426780871
65.67767188246557
40.417925101628114
48.10270617264801
91.63049909845031
46.35333358124303
19.399323680836222
26.359563382182483
84.99914546772963
51.68549659882502
76.63426754697234
14.250698602104295
55.14092955752561
64.09039948014053
62.48058824626842
32.62124393362657
1.2207565066897241
9.824187502872949
65.28952156440168
7.010559453588128
6.1195248561817355
10.15007260579871
16.48932314584727
72.17815220575979
62.01223976650662
58.908033929825244
89.08047061484977
76.19007079861993
59.02439438850645
55.185869342750884
49.07843689514034
20.66023440326599
22.891333134471438
23.684238749567243
93.72201865203193
87.90856840523111
7.556774795739029
95.95295678624883
25.510020244569198
99.78338139519703
98.236081177546
11.409780572852736
19.55538154582368
87.44646332491055
0.6517925233822552
12.176946794613375
99.01049749989028
96.21771326666739
31.71284840074935
28.15019176746144
93.3722685082382
80.37745035423964
57.264748276750986
39.29990733072607
82.0396419658296
21.23316995347987
17.711450123754492
96.23953005205884
27.388362129679845
19.535506305170536
24.03877917735182
58.36617303255234
72.56194764324245
99.45208363851225
37.54914796826069
97.77584361452467
45.95050748410719
0.20354125152738378
66.01590886679061
48.068172133364705
50.13337095301497
75.07361971882142
22.069351110708133
75.67374057553363
96.68541763042468
58.95324413332308
62.055482137352215
63.05759688808986
16.860537540719424
52.99799619553802
5.73875089847653
15.789427455988047
6.366004022689076
88.36547402610773
9.438735687705401
8.83538157652044
64.70814479269171
43.878469942428346
67.3563588994988
39.94230326606356
49.6116483610349
58.037593515695605
31.399082740556683
94.7260679685765
92.13963011371072
42.89448757151748
43.37758217151385
71.11049680949965
84.94299534418023
29.526322730117204
16.426268411419976
53.2998728314202
44.110855157312734
63.778906289222846
2.770350623387874
63.60750424692989
77.20167690809201
71.77029171501407
65.77675028458297
48.26180366256134
33.68777558817383
93.4208962569589
14.321213186948789
20.28476724438223
87.23663134919475
91.38379568785265
58.2974912332964
66.75193804712166
54.34165199595964
35.67782190639085
16.307947562327907
87.10160323520006
42.85277185527122
7.593669079398014
89.48310754309942
56.839650091787576
89.64740643059773
0.03806804860468915
10.90417073434452
63.7005141572509
80.41517631209997
16.677040129637057
11.539762555569077
96.563032214774
83.58257770860187
25.69105477706105
23.15130535597084
38.18952899680901
13.957437705363906
28.02822585143384
42.63037241129462
12.302648478991774
47.97416982389986
48.30824817322451
32.0200060766485
96.91658002084564
12.411683045416765
49.425873550413925
95.10030108885718
51.09663993977055
86.88865210781171
92.20660746589172
76.94180677573723
0.5484785135547954
93.64802494240611
86.98212132613318
74.53850676207756
23.927417153819174
52.24713106279712
35.37357839364024
59.66924317926644
94.48432638964529
17.45356104218977
76.6014184172628
71.41965956170684
23.36410083460394
95.13102523596349
81.7386388743102
35.28968512446193
9.428884437869833
41.84044879549972
24.197495733081265
16.365546419691356
70.68519165576542
74.24256326468455
74.5690254708397
71.74526784203204
9.143107884321678
28.76713990860067
70.15059353166552
41.89925268845962
59.54690950185921
87.67437122550686
78.82977163345969
60.76833432031125
40.96802773992445
59.00582544443827
33.124677896404044
54.95697994467581
61.81848830428365
16.475980450191418
33.381111515023385
36.88154371222563
84.47637847840028
50.23778067849031
21.23838190945738
6.460413247768826
47.79938186980219
2.2023550308434503
72.65859617821235
24.482297783568065
48.23670271461731
84.15338758660194
19.31244313529582
88.41669078671161
95.01698663055583
63.362391931708416
44.32865395406444
23.69327840529841
57.85688466950247
49.92093454045633
86.75774422454526
27.869602597176304
50.22545331221732
32.137899806908145
3.078004670397416
95.69142880047735
44.5163537264197
1.1327222280669291
26.852504181778514
46.82403035536292
61.51209051823702
51.614270439294565
80.42632472172163
24.997492446048707
94.93174146630963
49.53081424034747
25.501988451073686
14.670745579171118
28.86358792629171
2.3928620286740587
89.89494074367018
2.6472779008626657
93.23991302994814
75.436001924091
52.545128672405426
18.330771037940195
51.59504174769667
26.799877242166794
23.294748084557813
53.034939550129344
7.716635370532243
32.94410455603705
63.9467669042412
43.43710829996002
73.42486899814622
57.83178449944516
50.201185783464695
48.34966788076371
42.66935544779308
88.35286359577469
91.4864784131441
33.292151749691556
73.9770496260198
20.095861211292632
16.59649780082009
30.511802108635788
92.59809028055965
84.5988222910035
80.07515560069557
75.99122136449633
27.472373250256254
23.320665709340716
71.60490929207396
55.999111764290355
95.17642956080425
41.23502729024015
41.67762068380818
7.945255039100385
50.40338980831503
5.474144054086805
50.32240994263427
69.30347127603774
52.44167982285599
5.212421134201906
91.29221077256926
80.00895806601602
64.6193333676958
90.21638790154597
62.559389156558574
17.915766963561673
3.5588666973992322
92.18160024986052
43.94184466849646
98.32339486160122
70.00837334905825
48.33245872705548
95.45857257165306
50.3458040206318
94.74494504990483
74.81565803184392
65.62402563765013
71.57986889771936
15.476525247906459
65.32699109006455
60.73880969684239
83.19519969760188
1.61503879411945
71.06458359986067
38.26202485647276
31.557047393063886
28.94403827477867
46.91449909311217
69.58392401094885
52.17881890386757
74.98601775845987
43.240655874797454
74.6096046422937
90.44052513120062
27.836542803099363
73.97952641085882
28.278070280012415
40.26711357755186
74.96165084269471
1.6716260894519164
90.05721479189064
99.23621923317586
68.41247057583297
50.723465973412516
44.94403129184524
60.6790916611241
41.822723309536734
79.07516938079274
43.5830452603425
21.324996717590928
56.617578458136144
36.59731063955783
50.90307167224529
67.42843723074965
87.3316740578701
39.66747586337524
46.46603619388332
79.71759695691179
59.588244499792644
89.55162716476352
36.014328083582726
15.92105166240464
43.97167133765204
96.69403861203611
59.46246145683378
92.9168431995651
77.08622446785918
48.67076737935888
50.45337343994517
9.231054811193628
73.32405503716558
10.814270401121927
47.230377902140944
62.47858208132961
74.28628894904175
73.83738460577055
43.654399918870155
19.80630664514056
79.09888426950168
80.00181459861292
23.002222243977766
60.746021324274565
86.19148173118423
96.10702066255548
7.744058970413503
95.54262922085202
42.70336551591518
83.8688250318022
46.61455641792857
6.992832598382426
30.345264021491424
59.55564275373523
1.2535237600437177
65.98516467526954
12.756000153047554
10.41211862163889
70.39537749373555
60.56838558171348
94.01965757376439
77.0303662039382
7.5093278818932685
11.39500833804391
87.48088912414008
36.0849771072007
25.796760326288716
19.695499944047356
3.58751929311234
15.260915728068492
83.35860466559762
14.149554051370616
84.26528133823933
29.321933960362035
16.889148476173588
90.67188856738123
57.94525875919017
77.20808468358456
69.35256073113682
15.985305551155736
89.36193526649524
16.453761709917348
15.127014265912663
49.12593074777366
39.72310213984683
61.546990225657616
58.490886992824464
17.32964296599987
74.72419540334677
39.84808025576994
49.28751804058501
28.136249761877608
77.95172002168323
48.35039870675576
15.166162263621208
95.82706583929821
43.872331878263424
68.35283196182718
84.34772699240884
77.21416835737541
28.41528497969619
42.83349299728362
30.915908256428537
51.47389600249195
78.2520382233384
10.234789650459774
82.66448351472302
28.804681533984066
91.29267894569804
67.5759508465829
53.53047430465888
26.847197994978245
11.408911607843885
38.70466917263289
58.8903975670376
1.6943906374172646
10.63659064927338
64.04591866119989
27.567208546134637
15.717229818808898
18.912515448582923
17.858048017489192
90.75138132417509
87.51249992051461
44.13174122573178
34.275358262366765
92.1425810597934
65.61234649437068
95.95441406279927
74.72593466595568
18.6286457093494
12.60546222292348
13.07706251762254
74.48274458537509
78.22295527991638
9.714034261417147
92.03841126681044
36.10937828183849
90.06284181501093
24.419562888399216
29.33063049595307
96.54398108907048
7.532482040288313
98.79532845793052
87.13265477722011
33.55160591491884
36.69027500927156
12.70211925823247
77.28518540807403
99.65031905826645
11.926992628322397
61.141663651466224
98.129177109912
99.54161983026908
14.501152894652769
94.24843443662697
30.801210954623205
94.03249246898436
62.28440097825296
88.26802767173199
14.215140768245105
86.07663517347484
55.080114270141955
81.77108907738477
35.448348422721324
16.101757493586057
92.69616698032344
37.41273856477029
45.068798931711484
98.42729737687112
51.45410681761417
18.598272217573488
37.21802816913651
93.01895853088628
8.965149523384863
44.775059404435666
47.55568889758693
72.52491785198333
14.903614837843937
21.886311576463413
38.30599493228794
73.7554130600302
41.617332054641665
9.620932628844281
9.522336263598053
18.318676928371413
41.37744180002828
90.48060026824632
83.51918127706497
31.684077518364262
37.606547234993
96.4078150283394
11.210413060348124
39.39927538040838
31.11027217013297
54.477913880250796
54.147174495556506
62.09095201690852
79.83839096320531
63.37719665185202
69.20770832440716
1.1559968774909724
55.49316599815616
56.16056204503099
52.56579325211289
19.72744777642457
17.189138369097613
46.00890241584005
84.60681505174344
72.20032818711493
0.1446813526602364
44.887357138788445
12.603001694638728
64.50645116714335
64.10293437845007
97.9704422384072
90.62019492954293
2.1261030416528492
78.65658953470674
24.14823567137584
49.64512372235777
41.327757928628984
78.81272664732907
70.43305137656995
29.335685823701706
80.22886326885819
22.339645114816562
4.502764580658458
2.1112330418809666
31.144544188665012
26.144442188401516
97.14903011409459
43.0313678518384
12.269563900628466
8.710570611287727
69.47221674844147
42.08809968228577
88.73129201307572
20.55214039035547
17.913168415689896
35.08790430007088
74.15522265332578
44.858937708523804
61.05349075005585
20.253077723813284
43.02137820286337
6.181994776683575
52.46650264432874
34.338070996513515
97.85477985121906
11.443541742213148
97.7111292126631
42.1041150045952
21.892960509342984
29.971569153135658
14.775234249467106
47.06944245359684
23.25171572447946
83.35123178224649
17.834177070424616
69.6708371738189
67.33539953428182
49.96348214324083
79.3023403796545
82.37517990988938
69.49778352615124
71.65626676377302
71.63404886719373
32.234202451977744
38.05544145398988
10.214474939643237
5.271020826444472
55.57240305632678
2.247013120283492
87.27394143529048
62.78578297066685
64.14102241230827
47.616412717319164
91.33789616525132
78.0196555706964
4.896873356537556
17.341745044165503
25.409240817547197
68.06877459636151
13.336849552825392
46.538802652674406
33.768298596897715
64.15788516997924
6.011230987510108
97.01921950844073
28.67119875676696
41.14746112643719
78.60635049318024
51.97319429674935
49.65119919387638
31.188315471628325
52.49461527534941
64.46849485036178
61.15954085277696
35.59909181486653
70.98633790925729
54.92309513153777
67.16368978534136
84.46216630421802
4.372979095214147
54.23368921646421
23.20327952329556
34.51294819608612
57.45304462246374
78.38518234402747
97.06517658535331
46.698060628063764
46.168013778011264
69.65446740185828
3.2920277511261253
33.90644433826715
4.030437284039056
54.629766903495906
12.332749111855335
22.172417731280348
94.02862101835147
86.18615346785657
51.99767111544976
13.663777657945086
49.590230756136975
56.65525914319277
14.355989998531705
33.72065103346661
46.609036098585264
15.042361141410277
31.589827145581097
46.786842032761555
74.54605726156277
19.389206356518972
82.17449017351733
10.801626846379387
50.102744276981795
19.739531382627117
14.508000270681942
88.01316091489622
79.74385754019288
88.62863108782668
14.059401502911184
9.000199239823182
5.536446306595533
5.0807032292573995
95.28300280866944
8.009114135316375
33.32679352600366
30.261997794058814
59.613986389668284
8.696576284446122
18.063236137639382
44.46836323528396
8.150185521916454
8.949193079342221
17.00611060625746
20.800497603860002
71.31896260582599
66.51213052062256
8.895132267059381
98.23068336079422
8.9380441256112
6.802841570446228
93.39401771038646
90.98153368208227
72.76130511821033
51.595238251428576
45.46596270972908
38.150811713855525
25.24609943603927
83.41103815290577
81.78821128850848
37.64708539579538
6.886258096085596
53.45146332069787
72.96246437277267
64.90013033785065
43.695555005077544
20.778184198470495
71.59531258803
75.68717008870185
2.447405791042534
70.60477120613601
11.961614214085026
17.909818048795458
85.08103154898325
21.788022273435825
93.9339548410249
71.48317374049904
11.410265629755356
75.67392987587517
68.85608828266564
97.35831955798795
23.796545767079657
94.25661854617312
28.69227819130129
70.60939135175614
34.43618657694603
92.06962803889682
36.03130515348772
91.37558291692582
8.006227348520056
57.67691217383906
14.334525982540558
87.31947319717773
85.34366623914262
79.58096917492779
23.458471615592902
47.693544589630235
71.64046045338472
16.76041254903732
7.752323411654228
60.92056442627673
62.75808908437954
66.85807020924189
76.08603171276944
74.77260645938735
91.45219507689845
60.17308390605256
79.71973928094333
84.92279650526642
95.9157248694927
65.73192340580879
38.98458643084999
4.394764796658324
49.043558460720895
97.87234404012052
79.57872640743479
44.38302433185761
70.7114534593849
91.76460574667023
13.544043779396475
92.98954756169312
55.54912269531188
44.319106970438185
23.773915193382265
49.85089779460786
33.89119523073576
91.93352718131713
78.21038231761712
44.38084329970581
34.67776796920429
24.949653204195098
57.37805454625941
52.16557305672934
21.946785175894
39.29659515763397
88.97273892319491
97.49495533549154
31.21557230856765
39.67430943606482
57.782564436310565
80.31020915444725
48.720462925409876
7.831896008191219
24.36884426809772
61.327431165773895
21.76994064298805
93.24595308056011
57.668673197104184
24.88249193768879
72.09153078329973
19.16686561796964
96.99698446369463
32.51544358238502
96.22743264126031
19.51080598485716
44.411262342507406
11.934418577924221
87.4597174511241
16.951357160689707
37.07415704259303
86.34954006425087
63.610193396562266
88.34686887325019
88.0562206932012
38.833394564525626
80.98571669671281
84.4453566811177
33.26590774562659
80.46798433622935
35.61457384223924
53.35361650187752
40.89149011552576
37.15172133834802
8.331339398850401
46.99408446295319
80.2072103514523
47.39471670833307
90.39411204160123
69.29521055445048
57.10659533955527
47.73724872419175
61.64318234173013
9.762488135628967
59.924071073584784
75.53014964638983
63.12334638320086
21.126141655110963
12.79390703039237
39.307920066997184
9.602970826650846
88.08915422147709
49.64571003638785
51.89220529828743
59.816740132646565
84.0033600064366
4.714073494974413
38.29780806202272
76.37627876613202
55.58663110229437
72.3890069083728
80.62913331542246
54.523294270315226
16.505243121397616
8.658588984712523
33.813589021603974
24.45649018181787
76.12329777822046
33.96306257734199
30.574990977278173
55.45684781031978
81.90442376617855
66.27165849509883
32.50239381450093
94.65107459855005
54.55081321235322
64.28319614614112
69.71799251716851
64.38622942848981
98.82301925309551
24.136338071144394
51.27285626847702
5.9592213922297415
67.28408844571231
44.149965815594015
5.4431364676908895
70.16622309596268
11.414455630505993
94.48897686005434
67.51173817205765
46.31587013158226
79.22202419810701
34.52266179809631
55.502713869175146
87.47751580283585
98.27192410884503
2.590766149941004
36.4947859824044
17.572807990095775
86.08808535305731
89.55941851152151
87.65250775395216
82.62367980452318
81.41343958586369
9.143936342150194
28.02885873450104
1.7223164639933675
39.4441634618514
76.68608155913353
58.022585319373654
58.719580509308635
47.88776971301289
23.05093239948356
98.61398166123509
64.31640064187611
58.92921995620999
68.63254644804158
41.719601464879496
26.972429073608495
8.097860586257466
57.35725827245691
4.770244230194076
90.60173520552277
51.46708361422376
19.657552858526195
25.893019855323317
13.132249131889074
34.11300360809841
80.46094308328614
86.29333187071816
2.062026632143621
74.56943927604375
29.997550143423556
74.83718465301912
15.935328308073926
43.165060275820785
98.11322333429759
94.01275746218327
35.962773824193576
94.31175900101069
43.388632993014376
72.60161957527231
46.05702366497757
51.90236545893634
41.64339631549135
96.73984687813419
4.407207617749798
63.57814206866617
76.8258325732521
14.31129232443874
99.46579917279212
8.530023935907083
90.94224242811885
10.407079053656398
97.61711010049837
22.629016631185937
68.72980496205703
2.8917942718559186
91.5092420754952
85.44611953226664
1.9836248063351603
13.928135167433197
57.87029315864017
90.86576912061417
81.93638950755948
89.20599152270425
21.079468584694595
88.0954582263561
76.21988466772272
90.7938813062475
85.65265854845767
57.911787493196975
58.03116655963463
88.10497455122682
9.282593954365126
82.52197548963858
52.55602265549355
28.96525881008386
59.267899846100846
1.9822330485911643
23.20455713775439
18.514420300635635
70.94205226198696
97.13794488581871
40.57151803121758
84.44239479732963
79.94843732861366
50.174603900886616
85.8105795884217
66.1222818502694
4.621221093274597
89.19428839160723
31.466237350976577
5.567975944352566
39.499437148127726
38.080611677930875
45.316082179151486
23.74454387423003
70.29905182146516
27.12567744466027
44.17165870493116
67.04795382373338
74.70838451739289
98.38871000452751
41.75829440047839
26.932132714869226
56.944892788671645
26.49545018241579
75.33109349161519
38.554753891848456
78.61350709521437
80.17398937219599
87.37049553786032
26.734324430285128
96.95384959475942
9.986193594874038
34.41809719363267
44.51176707828607
85.63130049270514
78.6065170639932
11.834267194429005
26.11780482034609
44.91898939635052
32.48525953148273
35.083772439273645
40.605381909893346
33.324689175153054
88.8878369532041
16.574219990348304
67.58693873720173
70.90082418415969
15.282175516160768
59.309704027420516
66.10729936936487
78.41477799307941
17.946629169596694
30.02318298784379
14.261435190660453
12.503085631414368
44.30376491941435
3.7309533853950305
13.506935876207448
52.40429624303017
76.3526274166604
35.938112464669366
93.66801340271657
10.237646953152957
10.857519042943952
31.095063948667544
23.62071488748214
20.931843011865126
14.554771154037404
47.558405519310256
12.620230625824513
26.248608917761974
58.102341841164396
13.61708889281913
34.08203333620872
80.25828048346303
43.157161437803936
56.42998802502011
80.66338251643708
57.039833481859915
19.82770999307083
67.63787216181
55.78723194211034
1.6095631271235589
58.57368462594133
65.72906541100346
78.8888624699709
33.23240298934527
48.27340101257921
28.04798510286798
4.54715428339677
63.5524075188227
9.131678531923558
98.94356250736546
24.811609108341038
18.485396520005548
78.40611840934422
0.7909623285152767
32.645170448923146
58.390973720600634
43.811528734805094
29.69675008225031
56.232515730146915
8.374825467766211
99.72572721658486
20.143513638518463
38.83198025086426
78.99108337420884
32.39846644165074
56.98663459870802
71.15157814373259
71.01875660661527
1.528488049043819
51.231564872491596
9.551956679030182
64.32141200149759
26.148289828013993
8.56801787030983
49.26920667486644
53.35240178688922
72.69760155997977
79.0879223095242
20.13718568516849
66.85810883377691
89.1308583205872
94.95490976058076
73.44133026814674
43.44259879824883
8.788745817936327
50.43255761900196
1.0276578668157565
32.628353031263494
28.52619814375409
20.316722934383424
72.43186303731042
11.951492760625104
89.23711960745709
51.43415306210398
25.65301514741044
74.05055119365646
63.40444211563771
56.88900407144105
29.29362419774485
60.72120008231292
49.57983304929855
23.145755408950407
68.90821746821864
55.98575369872071
33.283999681970045
2.6015074522145243
2.6180066132087787
37.334186426966035
3.639568179381514
92.38973180236377
67.01419760124847
6.256147630796294
10.912619520456424
54.81400046710058
34.01603090573455
29.872684685136985
99.2702356502431
21.262210026859318
13.217072145304964
68.11194439949487
65.27088247967342
93.64385800194405
23.706531302090994
83.41026106300251
5.865374842381954
82.30472752851787
1.7412253585054493
14.817307933640278
84.35655281119416
61.78569158726274
59.89033473407016
37.3970500598446
31.668508315308465
38.93815614236738
21.31654660327227
21.328756456634324
78.7415011726092
62.27502988201539
12.04027028928133
86.9758168428784
42.085760867329405
25.708626603333318
62.08527003691911
77.5094289050229
76.26914271564804
13.718698198183365
80.81407362991355
95.30642765877562
94.74205438751876
70.23327531334465
49.72669965378715
27.723133106836695
26.916612849075573
17.123214097703276
0.029862665682300893
40.22866445534004
12.67638216919762
23.386432647301458
34.74138140210814
12.253676606840791
79.85941260556983
49.018661187525694
33.65089316702476
25.069358541446828
43.928843094089196
98.72034739241043
66.17337056774528
55.34060996472993
91.58756830706605
95.04497998693533
97.36959910734335
77.28956607045092
47.90764492332359
97.79601889107073
10.504107111810024
42.50040648436223
85.71777940035248
52.875885757298846
88.6007027983199
37.97438267604548
96.33362056628407
23.273915313105732
50.482468770028035
83.35338151904966
37.402088563316724
58.04901407435714
49.14830989452037
1.2988080318550033
81.9395370817392
10.502871721903052
20.3785719869229
45.01422732960074
21.763937696621383
16.975919987923838
30.53058293016028
1.7776398884542521
4.271040905255252
69.82864478901878
40.51903376717281
87.33158895532527
26.012674955495164
60.23204692206162
18.721109376885124
47.67401084905934
58.68785134778436
82.94873620546525
42.77399933773687
31.85720215232176
75.45739599822713
14.160125574858572
64.244433017133
66.20437209845399
86.13037206157641
36.84554089204566
7.4541006873749645
31.43100772221924
34.01517787493492
60.11456380415464
19.334896389388245
4.750110752390768
47.31648483809825
79.06237965077295
76.11999411988849
5.40033687595084
51.83726586033581
31.44289074861708
17.610314613475598
40.95815050749785
54.28560377234742
41.52773105480868
93.73237993286313
3.6177695294530077
13.753633198914805
36.926051864978504
24.336463043414458
35.41481182674616
79.14794067027094
30.893294080018553
37.68750867514229
52.43794647090676
1.1896044275134132
23.668976610718715
4.12529202594083
23.572444716825792
53.455925079709296
90.47725573312859
61.021292167325925
10.24007380756582
44.25078990719597
41.331619709362336
82.78388368471106
67.01825772820291
71.94406602624031
11.92392428913205
15.719901707706063
19.788984738896943
46.005646574161496
27.275570971399375
30.662234505310703
67.85591899416012
41.28185752769522
6.437444346899324
52.85180904879545
29.543029120007148
69.78401256406835
81.33084253785367
12.361049385059486
6.6190751087480955
53.72574244552614
65.99545284203579
61.584174778455846
32.473960343547716
88.14502600226137
0.6293251140274347
37.95557029239775
70.97840551474626
65.98629848679333
49.372965287705675
75.81471709776932
2.581445200533994
88.4957750331836
85.37418641549237
92.60204472258405
12.234168577882599
26.05346280674764
20.94916344549347
24.73833885010762
88.71967900929684
4.53036188466609
16.242512332205607
68.50221292985445
51.8019215588288
9.100433021468202
14.276899276454936
91.88983739994062
84.13166181351454
79.85673245409737
33.18415687393627
36.46880246015408
91.20786324774602
40.50742053679978
64.19112493170236
88.44090052508207
26.34532448702952
59.07970018727544
30.410943406224277
82.9421002293087
35.550500458092024
65.2870086010344
44.420746193641094
78.31795917730511
15.850202552574133
86.95048494360086
71.4079228738101
48.571637786231705
74.6289173534035
64.10429288502797
30.287685742042893
95.71950213594876
60.15938516711428
11.637697776410027
91.70938147926765
68.80607768222922
4.127143929008814
68.07195582590836
4.069876335976497
9.852271394461741
17.00519758477578
82.59429711035982
55.07911496380354
72.46411948224522
14.606536490573397
11.562424447140696
73.85848092441283
38.99548161412315
4.295714569737886
32.809325927639435
76.7823911151978
39.973369732528994
35.71975760928064
25.920473198597836
37.520588596782
30.775683670127695
63.86079476875995
26.60384980554071
61.87325541888363
68.21791481355946
91.9591824274213
69.89360684183893
69.27075899671536
90.06920692639166
79.78360274924547
15.77221566412419
77.74049114501695
12.903047874007246
89.97082996129815
72.14705219758888
73.76219209829891
97.77732535433073
38.95157641375779
93.83464900861736
74.2138391203937
34.36846307509954
24.702166093131904
9.071665308424004
24.88648872627792
4.995354657223949
70.42045858224385
10.36054452683528
56.74994831087069
72.04817120656625
35.56184881497527
62.54260196812629
96.97324039481012
3.035453375423647
58.6740000136161
37.48882130705871
68.37586246630876
24.420458181726
94.70378954393567
74.01687156773133
69.15366610737152
62.730270645149844
65.61189155776582
80.55203732290823
6.089028363561965
95.03532996395563
86.28646462642564
34.67876413469624
66.97732610953587
23.40255426291076
99.28908472578428
66.7882087130405
43.40984054458483
77.71381504998632
81.68183552135638
82.01157592442613
72.29598200063708
59.49459399880476
71.2712964213762
49.13347312440061
37.304459920553434
16.626778104209205
60.7012867943648
80.7773262114379
41.52975476985756
82.39413769357235
97.66555043605672
44.68365969976937
75.67294965295561
28.618627816717847
55.75009717652466
37.97510781330834
47.59222618938046
95.23414199956657
49.003401654831734
13.53849602571502
76.4426169300913
82.9663437527856
92.6020228865365
49.98080121450765
12.381005594417438
60.92253798048112
72.05276145877902
48.76054503256891
70.79990355928297
64.23406413617917
57.463155363590765
74.2917230958207
24.512486320314697
53.52904675312753
29.404178582201133
94.98243089301793
12.196699318274229
98.45531456789826
38.174054586218766
28.52343622114688
81.0175228324981
40.88935340147785
47.11454743270769
82.52123319094504
32.00029788993266
9.715427150742196
92.89979936331567
1.1850483555436053
5.490455128179916
73.11904565901106
97.81077052376645
54.92774431977454
46.837233901747325
64.36812652092087
95.44816265935717
80.66273089860636
72.9486874457226
36.373424844959125
56.618861415648006
96.33653972952759
95.10051616499912
39.137273678981344
68.55771302718482
10.368957925278476
4.98240046029138
15.759294015813207
76.42635724319088
67.9809661780611
6.044030817430157
25.425404320234733
56.96884986628159
45.520456073196804
45.25642573128279
47.595623450796595
66.71490448719327
33.99395019946566
94.57692987701112
60.38307412689859
6.332272545316242
44.258857172884255
44.248236362677126
56.263785726373825
84.13307040611352
51.90126096104679
83.63811255448708
23.723522320622557
37.90772595297269
0.5957166962361815
22.71905396544456
65.26325300164244
16.351358175626107
33.90494906302287
81.63503787873358
80.9616960105707
57.232422037073896
59.35694899127928
67.04386588614416
51.62761502892727
44.57905628175601
14.165043338404748
51.92764000474107
84.63596722597941
3.414253252785626
44.00326602631638
57.5991649959309
76.26012640981978
32.398306287532165
25.6450964818011
29.071130062173957
44.084922983903766
50.530593522433634
91.22242676297446
99.50747312365739
72.84721244156847
2.7133891363542606
95.99541098301188
48.97587558846778
45.20727016296181
14.520954143893118
62.61946747259884
98.03531156280101
48.37816576380963
69.13903842405628
55.462361189169805
27.444677556824203
55.21736835377487
69.51185101603934
71.91034710589618
68.53384153502847
19.977307237808482
89.15960157128838
28.53091850381184
67.53021499087714
12.8762240320066
36.32635541397187
72.50082919152736
21.40284523556192
71.44492788028452
73.63041544901212
27.254029424794002
50.07600983579103
8.258734290410342
42.80890775349635
82.4100358311552
76.9215181384698
94.87005577875469
36.78007397117311
45.195056327771276
13.539800874566732
99.7025724947226
93.6374681561312
63.544136619428215
65.8905034026986
54.16585000310805
23.496770348575623
65.8065102555812
17.397369263740302
35.637058782470646
32.792248232917174
49.107361267053854
67.22784188516499
9.166737038549543
36.474758435465795
88.76822761847356
23.76157020869174
26.903766511105655
60.22976753505074
8.19852023154798
64.83229071331333
30.326697366803167
46.22605432998045
96.5206872707777
85.97400801556564
11.793423044102823
33.22374245313321
0.21183349931432893
98.46995614733723
82.47074217193565
48.58482972054404
3.885416249012419
20.732529343301167
70.15009414324696
89.0993811315409
6.859674011172512
54.97175253363944
18.27788330446808
28.140245956705623
49.460688520639515
76.4463708886281
99.5769338601061
33.58027250823733
85.45747020277462
85.69490524984337
91.14765676927787
65.89688477395468
39.2157842866015
39.59330606120871
19.466571054014004
14.361210688078529
27.113423866702103
40.427029195848405
48.206817799347846
34.5999931572142
18.38563325217728
72.77987653359918
56.831327789063735
33.05241475627175
47.04189210748165
24.084124796809057
94.0162452253834
60.7009620802612
16.64585265036885
52.745437582185374
7.2020850344525655
83.10596735088055
66.49149252708108
27.51607706796556
27.99578931696204
49.765694501868474
18.125862538145565
4.932638230248953
14.71487307305398
85.31883530493913
89.08404426476973
62.791841115010016
85.099656150438
26.56615183783366
63.54836289062384
13.475402393140135
51.52104943505604
2.858250202071433
81.89749978568732
46.342453110889736
72.33369839558318
61.197285317559334
21.299266574280196
27.29145475816872
38.258372468170364
61.514770320051746
51.482490578655636
54.708041193045446
26.626393866377985
88.31467997780099
26.2533602611697
96.12584664290915
51.7863522179935
94.7045896131529
82.46532434478365
48.51904031652542
7.965665508146403
51.54102303054354
72.06738028015411
90.06911845762889
14.73776623144245
57.673001246847
40.031527677860225
34.35658671137137
46.32902470089479
25.660412239742236
21.375105021379813
41.50380655293509
69.5606476903978
5.8106762524204765
69.90170545631545
23.013723422002453
30.93696238348671
24.33937208209327
69.78794862460839
93.6425304330481
49.841780826683916
13.807765673014572
28.56034723169043
38.06628007880243
72.0051162672113
55.814800920027764
55.6663925178999
44.8535803157854
0.5847659682966522
56.6711051102853
35.35165245586265
25.69821712952208
54.48852420237797
30.68391269078431
73.84109668615211
14.035094611006759
21.728102390624326
0.7393405615191972
52.461069517255645
14.328503525511715
39.37296153068264
71.7542174686202
35.855895378071224
7.956849030995539
13.190618809786958
64.01594224006912
16.059016062198793
33.30323281051682
60.6325200436694
67.54409041516884
91.24273661755802
98.84628218560603
88.16202196253106
52.51869658706868
64.03456486546976
78.03456740759367
80.79882788507449
78.2021091661113
39.20910587952332
64.05178885005397
70.30220755864262
93.36199395566085
53.36588487706312
13.24655296627385
3.1853749317162894
91.54673294293644
64.22875688478906
66.14806919300108
32.26735871361368
40.835448944786556
63.4209912146155
11.074649406413428
47.54817882668894
44.04783957740964
56.65889792424809
55.41440059583543
7.5526672205032614
52.46814995198103
96.74222195283357
99.80816523121241
63.97052771692533
51.37908275845743
1.9422299369570406
93.38028887691209
46.17354530562062
50.335698740406045
13.410485422742003
26.298359232860648
73.45964292543616
31.467550167654256
60.70513083288978
9.922681253238485
97.62317378114854
88.68368833267061
7.316412756959034
63.5851461721003
51.44822418995842
28.684151305091497
34.00172966769196
46.12015658606888
91.67119276661782
0.9366203805512119
7.967964313831488
16.83397221561388
52.91049150099062
89.55489025967917
63.42527592853472
29.78026166154161
43.61671384281195
52.763066164179136
34.07094817327593
2.9865898881231145
79.23115362109047
6.207913346260286
22.601304348636408
64.47046670701594
1.6984563944173026
3.8941003469039837
80.58845632461697
11.819787321851116
46.604342944992496
65.8343469807002
54.47380137746388
56.94311578910343
65.30503667347939
18.215785023967936
47.529218151773755
13.19616605618359
79.55287139531609
60.4146279683601
71.85479891795838
70.9635125060652
77.14823294421781
73.28652214879298
35.28280417166446
46.75269501877104
90.0739446993138
71.34017096429017
46.07661371751058
61.40794066384366
91.72491603123738
91.08192402540124
60.48859161638986
7.6983737710254685
61.74552264433796
70.27021602509109
19.10188055385672
27.503109499659583
39.98485077947876
66.21743677362738
4.7944585618181375
33.99990492298494
88.31651781969
29.73476706036258
58.85775268862028
94.8675894745086
24.610130525255702
99.91158339155619
9.498978786199908
68.01936067442391
60.41946588882057
58.42762337148068
50.16975647668276
51.81104185739822
69.88604218387741
69.85004338099701
9.14281178867029
32.009376055774084
77.57234834437921
29.49036451838657
60.185015401490084
66.5103463078025
71.56895846854633
24.499958823655444
3.6804068953131153
68.23953793553295
7.862047989363996
60.383739364771614
0.772910884472644
55.11826682950135
15.61216860465765
32.70309537388304
64.86195629232232
35.71879053540632
15.68679017582495
61.10970002270339
46.41744687259299
22.126862121083114
39.26625226627238
59.57009747189675
74.8838542288981
67.98364731142655
62.75008332509447
77.53630100331965
61.425829496817094
38.82560500476783
25.587767752221634
48.43768176455796
42.84333063261438
64.58481439833695
36.62767049132499
19.67511773890186
58.045374334532774
56.61901543285761
10.88855697556037
53.23575593149184
20.74038879364527
85.01053007157479
53.7009870283002
17.05829881250733
89.1257541721012
33.78772597127373
58.680956486944204
76.21713741575074
52.07971441106953
4.148444585155464
24.000458375512878
38.3809642403928
7.790412385035605
2.314190513597214
97.48931866849148
59.364678426436555
73.38626969838036
58.00163874483316
55.93147479789257
48.29023696957216
74.60677367333116
39.257959105019545
12.969594047259768
92.0249161909313
3.577120992265992
45.66794421342948
0.2892190263720673
1.527500346450661
53.64882809196113
45.80461360762072
98.446208754768
80.02460272810559
9.291895006521
20.04343416188197
20.117520219433327
69.50247530892271
25.248380121301196
48.38716386721175
3.6118755632483457
0.5598063171370349
53.142642227061046
19.986614082558773
53.88290780970988
70.08612737912463
62.45144055813733
81.53721576192994
44.51221284522164
81.51975333022496
29.514428435148833
60.39626396720763
78.51326460901146
73.84844497326499
87.72475479521961
0.659971708484608
78.25224174778776
8.38748100862643
62.04320074622921
54.60385316612747
6.801713420525967
96.53623361704886
21.99364680988577
35.78704961838166
61.421507725041266
78.25045686248954
25.281743494202193
8.429503038776831
62.15941743538429
45.67587696862081
28.405529701945888
7.196450533275145
10.329803791459934
47.62340740369335
63.968453464755804
5.72370015114998
80.8415447595017
96.1987113210412
77.79728589158071
30.757063080714776
16.040203270572974
1.8714481559766738
63.30121203986643
7.7770246398970455
84.1528269466075
38.37904717774301
71.30071322960006
58.65087309016248
55.4317442139751
82.80507169274321
54.72091242662642
0.5996248758187939
41.63787774247716
55.72645942393706
86.39716082389847
22.314740720422677
14.720370919915194
38.821173751869644
62.746301624439006
1.8608352606462875
22.602590898390996
42.268267301626125
59.864453136709116
1.3673304166243239
83.30827278119098
86.373292000217
93.10433514396675
23.93953179792908
63.40550102410051
14.6311256617086
86.92192981525145
90.4651096533253
63.088679664336254
48.35090783930108
46.877491189286204
50.481157012068465
52.736131308164424
2.57189483708552
81.3191578095595
71.7431818111985
14.382537687856377
24.004164504706182
74.71171900680274
14.741187602674666
33.256119270335624
45.68930482350909
72.10098157547336
5.220615611246748
10.059163884252431
27.455579929336615
81.71576398025826
3.700240206970973
30.135844074328265
54.12530581826268
43.72710887741302
38.102780403443916
20.423959125430347
48.79985079796102
62.094435668680504
32.594660467253036
62.645128021602524
87.20591870933895
45.6407276288189
54.63839769312791
32.13214096125597
6.176746384059983
10.20166955684072
95.02421368707033
40.06487695974855
84.83230385535879
46.97672974361249
89.88833471593287
89.29613921240515
64.27652435309095
53.50422035977462
61.492289680616544
95.73529560163169
60.60095473164843
29.591502679530834
57.011019345455
26.57755205319232
2.903296837304048
91.11274950383768
32.60791813929965
45.73876068685222
9.676010120351153
13.515282524951665
82.99642203906448
89.52556902911182
67.6881898595607
6.831452305608843
20.844687632110094
47.79220146326085
90.72609579103367
8.48973410038366
99.12057499872182
80.85185981564214
81.60595738747195
42.62698982126376
82.00186550596577
1.3995018814568216
86.99724768752723
22.95146522356324
57.61573574283834
47.16160979665946
78.68693733171494
15.57701157024356
38.06623360821878
90.09520946021598
59.18391495766729
72.13027555208237
71.14026128112033
82.93438012583762
83.01506449419182
87.43329073847246
72.29251639717165
66.87531742386099
97.38730084713994
86.70113265537334
40.451312070061526
18.207183926069803
82.86019665661676
38.90669576712501
54.77922947105846
86.717299523439
44.12552738028405
30.0092599433757
33.60871300820551
68.51304824550735
5.003752502937509
69.70552666496765
34.852647201269235
27.33765004565033
82.11617705558915
53.51274232956567
71.15344922683691
60.97397777139587
12.601173450067805
67.50581169176925
6.344117422974794
88.67702899819079
42.62834331042856
76.5311820779058
57.85424991605848
0.5137946656490366
99.7486961556392
64.3566133276487
65.30630431920278
3.307623594543996
45.84308189513342
58.905365028097044
13.6728490481428
74.8850094161092
53.74863484483827
65.24114676683452
51.84791348930855
53.31529251413589
79.53225360278732
20.62779254061805
18.871206137908235
88.80181090175891
70.64607863881488
39.202133993606445
78.21853591851797
31.880643690443744
68.70687155771736
55.99991746385422
12.072586550451058
51.658329733483164
34.854834481138276
76.43315625599155
7.990757868806952
75.13412810302795
22.66429989171208
31.65975415140303
57.66656733919042
49.1266596395607
98.16323477373246
80.25156516925223
68.31689387505664
58.9736008501444
53.10442661775494
94.15847246466754
3.2592151450654194
48.07573963256292
23.14016699532272
54.11436515253071
95.32941774836446
81.94869109287328
91.75662953778048
82.84220039455792
44.98991774298467
19.932401427250557
85.32681580767212
76.61556167219054
84.49813547424321
4.341012886032081
98.90394865685572
44.13228424317034
75.68950143774367
12.621759612382476
89.70087484609421
87.3407394114474
38.22062778197921
24.824638365496277
63.223264266900316
86.44517988570377
45.41660153201313
20.33956179663601
0.13613212683741827
6.885290308294911
73.42992131549127
63.048532497006846
40.03963572588752
84.86770093850183
58.04856459017847
12.36066862088796
10.96474557218623
99.28087673805133
43.34433256453124
0.15932047009666883
84.03494384939107
14.306803778198418
89.14143406527135
78.41932856978333
42.43797674024529
87.35254569111797
94.07101410948262
66.50290478364496
98.70911508979796
30.404239826935697
65.95241497870055
72.24645678857875
73.48285789526392
57.87195601611468
12.375091961812357
51.85152677031044
44.10490319476674
15.200763111582493
11.608738179508027
93.25702545835179
91.91357737376329
62.249637613358125
42.39103866869096
6.765406475723235
2.8428414092084298
43.673793726160326
50.75492921402722
68.09924475559608
5.811141111318441
40.99500705152149
95.34545769154636
72.37906403672825
53.196933811379175
7.375930759700111
60.80020810134633
52.532416975322484
17.764175208197575
98.56871084720899
64.26345170765137
14.78891013427267
77.92180330095442
32.42869489087868
11.951966553455751
69.4599822528732
86.21610002308267
92.72194442922417
71.68277935251132
61.271042041193446
61.78394054976627
40.020408841043775
99.19345945537796
17.305348713339963
45.80115219383042
24.40899289736087
64.86165167153116
51.759930613733474
41.03794846927965
64.3689078423927
70.5807972831805
34.20946933310488
17.086789366036882
81.34826424394971
79.02869160545296
64.60465348943887
69.65661870284346
33.54536652709859
59.87671425055291
70.6492080777884
42.98993738764191
30.370786778500182
52.074130098894365
36.679035945463
63.14075107507613
49.15492103771292
0.9471375324296982
31.29145132022737
3.6393291647636827
13.202333551236967
55.404805514451205
25.67042276720105
52.49107081756467
71.72082702470546
4.230896800064798
79.17534912226935
18.263383159547953
81.296594808825
67.95704757902855
37.16618685380435
1.5368489898861193
73.12943700993327
82.09315316200744
51.71451846018471
69.85423551796927
93.92967477431357
70.3910547332419
98.58306208732584
70.45492326782858
77.48651023648347
85.86005125877472
14.890758584198682
26.397601724516086
27.537950790125876
15.783961906286237
39.045298590439636
45.414925749031944
31.692461317029352
18.630693622484497
96.11000380440098
26.066323966630133
2.6783262993568147
56.09298508580854
77.42337649428038
69.1590245079001
26.561739639616842
66.93952678235297
31.626775101520867
36.280766765398866
4.380708892814411
7.193796066297564
60.88145948971289
1.7784333288044074
42.49005596724535
17.109217706058
55.2471109972336
63.68621370976976
0.4453561772947867
58.630052082337535
44.40236149494739
29.09016959977747
69.39510313894736
16.50051744959724
30.285278341636623
73.35239828107292
35.31514457080133
64.60283702430364
29.390153269918095
46.406894113954635
57.01260570846187
49.55247288843899
88.09808213390362
7.373688132787204
52.52109961166854
74.53583900132928
25.11880709797011
48.77119082418303
75.1527440662211
43.854703900089476
23.04382399562357
97.26070469592054
74.18630258042333
20.242308042346615
4.665821469756926
51.174880002029596
40.741250172048304
80.46392709211295
32.65112059225807
98.97785190529942
58.57600301321752
52.05837116129244
92.19967927436853
81.19427311202104
56.91075700337964
97.92067240266171
78.68788926358009
80.8121678110951
50.23053623789349
64.15791346517645
54.23634855526785
53.30167409264814
3.759623473085827
20.11123693763669
96.26376971006037
40.116020017158306
59.25471600006536
84.33309191562903
60.65899036505692
55.05162305942504
45.90161499924611
71.9600424426558
69.81003058067299
53.19315330016951
28.501682270292537
75.53882377404953
62.42365600159276
86.41950880743312
85.56148617234717
85.25212966754712
24.32419654003156
47.014011036159744
20.689633949243046
7.692188274345058
19.849595890897753
49.7832185231494
75.86025444773881
30.39304370012994
42.83198285598666
51.86268796560341
25.96729767410243
29.89884041407187
71.39614538477841
39.29402069005978
37.42603727017998
15.52736096044718
43.56134765441843
47.05361624146672
73.61043018519197
14.08030591992161
98.41312255086471
7.263808141595862
83.37118469909129
47.36810751578041
4.806169027961249
11.97671257167472
29.5623935394169
54.11408499116814
84.25072674002875
18.649026642369403
71.58930623218588
46.09958116489583
55.64329497532171
14.969834214786125
11.464464004013386
9.832173996666116
88.95486189548811
7.107705528939656
74.62494965367732
40.13342192041593
43.843834960252835
3.18820575967228
93.56275520605396
66.73093029810143
99.24505714494113
51.24931143064213
75.75877148516305
91.47976256246825
61.77661574818628
18.267256002699906
14.235544322799033
16.65069452197281
64.22535201082512
97.89717094535104
1.3834046590743387
19.025789057264
16.06589526316472
55.757586435828024
70.36527411302383
87.94341829209125
93.46648017244048
68.4612377560425
94.25397081530215
43.07109308142339
33.608969149607525
87.30020963717283
21.347634269941206
52.44420930343519
35.3115896745956
3.6438902984918586
84.38305127988409
65.7520306242201
91.38796092375992
1.5547001674630745
90.202627283605
80.52841441441919
66.90708969230154
69.38326002624258
83.07582622612824
66.66524141110038
26.9721060675812
74.05036306846806
0.7585151817198321
11.487096794115493
50.9823731014026
86.01897035571172
6.316028672816376
32.190168949402576
54.91978793635736
96.4534882647041
32.10868864317481
10.870892640021534
11.022017897238012
88.33341328488687
29.01657946969426
40.58757463915833
6.344202985436054
34.27847993027964
23.775244800078543
4.134057977505378
44.36518078731776
29.06926143226739
81.7852854260739
2.6404977426497056
67.42089513317218
32.84300882528519
2.242826179635893
18.267875293749935
77.79257720197917
61.818523214910726
78.48123948434612
78.59157486238895
44.09099785401133
80.2617097954226
55.95434934212237
8.501311093460496
96.37418445118058
57.915071831544566
28.925982265138682
2.705234691720715
96.15060741731685
20.776181722817853
17.386303075139686
67.06997907102044
18.446677203275684
93.84808908644673
66.13888593229836
21.181702904178024
25.775760131178227
58.947554527900415
15.354317316556843
89.63615672888673
94.36166136879513
89.78873394762103
22.003233333656556
97.15168171141882
77.72408676255026
41.5129099762369
81.41044173745465
69.78633689558573
84.24516877428691
96.9544658485357
73.21605662409665
62.21410579322043
3.2434967660662783
13.383548673611612
49.49649475739367
60.24658069431861
57.440581295950224
18.787093273510802
51.6300208959146
84.22919721796889
31.904354868889072
68.43930430472847
40.181447381622014
75.50362815632316
34.68728118626743
23.537836100862254
62.78653097083189
41.30774147676942
29.503823225807714
83.01132465043732
73.61570886500841
73.32043223731786
79.89508570921282
82.52608323447119
78.8815526502467
10.322240172188534
7.026268821434067
80.15993958469372
10.436852540968811
9.581671626507426
72.4145727766822
97.05471914677685
58.3007166906409
68.05059370578779
72.7472598195382
62.1771316055137
59.455621019777084
77.48542076011279
43.785752364993456
46.633129943588536
58.36514070860692
6.512692372854478
44.063596666548065
85.9439219821604
40.191939821206134
13.023509743331497
47.58695520158662
16.26154398627423
47.56191620570237
71.25827526661953
92.18607402165728
57.57963827765248
35.76528936040152
83.1043751593489
86.8081713302442
40.36145647225955
73.66570404757185
96.4774082563131
55.25296017603404
51.411138934214016
74.20318240879473
46.92360163057965
22.571542712354965
56.987695151413675
82.05628725187768
84.01093291473381
94.51527396853193
46.882141677606214
42.27829750002115
87.4705811892961
56.15771024657128
41.156819222499074
75.81544680157725
13.031795244920307
61.40466582838941
42.48656122576444
11.923304093578013
15.07081689143359
83.83927595074397
47.56428333822266
90.61636489767547
65.76616846509168
72.49175894156275
5.07712675230273
82.85446242756841
47.03799656053715
2.7600224853257194
32.38456343307576
9.549399117739144
26.522749145393266
7.605715341548757
61.60783307702348
38.87138549814419
55.76878991490067
80.13809970990178
73.27889140087377
97.52314030235732
8.170402480567008
75.28759663805138
10.3248117233796
85.56974085974454
58.90857266307709
75.76389649119236
24.18403697363438
27.887416653574693
4.322517749958621
61.45944876139685
34.17273098048314
43.41599423934639
28.687490503038582
12.133446188881836
51.50912137013973
99.32758440301669
46.02739591671331
9.291402164637185
25.912727053389283
98.87371935646945
99.23464080028187
40.315922306535356
8.18279468254155
85.08846551283976
35.21720835540639
9.808238645070888
18.462524508010336
54.56696508199601
40.17284497691465
51.76934859609166
42.09471868668662
21.690178169770647
34.85976002113781
34.85869091063197
65.92631427837736
36.545070041120795
43.62806799416473
42.94824978265043
87.13037832618991
74.31405699276833
99.54571188247803
93.17740356509059
17.499241770696617
56.735366810053875
75.56819220141075
34.050783064037326
29.73497904367782
3.5769839530092384
4.714728260215805
90.56767127505708
51.99515819590813
72.79597752841103
67.68548042638454
51.7037352538857
87.87821654898917
28.762856410446712
61.7208536396717
2.213056926401691
96.44582785645771
97.02938452806936
51.57504462821596
95.91750127876784
16.811052330283026
34.72689773999138
8.63096344714438
84.23204267489854
3.4196508326913233
58.16653285222814
20.236809108296015
48.75744088040119
80.74141009048411
61.7233772607781
55.312547053743025
89.74695738291017
71.76897472078872
64.23305566330147
55.91410038761925
73.454271602959
92.63792369627198
42.90543724320231
16.425978753876038
59.673584060042096
33.16603576679663
40.33137519911535
88.34503115139903
91.55471913810574
29.38680333491046
55.619046337682875
85.98759382937351
89.54340934301538
93.80751564004271
99.0405029202994
90.89265908685735
81.97549271767731
87.54229645742177
14.346053075000498
51.055993061482816
44.668256848925395
36.15856836662885
1.2945989498617916
96.18347783495761
67.0097294781859
15.816318651344197
47.23638702830332
51.756437553976774
83.07166117523708
54.16148634580501
86.83835995631203
32.122536138462046
81.43372476925005
32.138046455509716
3.502595568120548
25.818771067839684
26.626124440629017
64.12573492074472
65.8017108250888
8.714561099341234
35.26794432707574
55.58259070612609
71.30596097033532
63.18991634384361
58.50350680223506
38.799025049243696
40.300706799225225
87.6969506921126
24.82874279267444
73.80487644586246
53.45262253928006
39.292741788694975
84.66483814481947
12.363095064688256
88.74811157313559
62.85010896625403
25.27343850900059
42.581164555278065
52.01808181638155
39.14255076768145
30.34398636612634
22.86662168388326
38.482866119106674
37.915306740500675
62.24532612718755
80.28559355292096
76.05244036960987
58.6026484729362
3.2523271577504898
58.83841048784934
78.28461704927365
17.332992550148685
91.75334297087636
84.31281570789427
69.77640166727582
63.17960373936644
12.61305805343561
68.85557908158944
13.706051554200094
83.0479730316447
21.598832356435693
53.68270438019582
35.13544245633734
16.639854803174114
93.61224198851978
71.2990893607716
98.92168089044017
80.20250953877735
70.14050751439717
88.10514720109765
59.994904863192964
7.149872265037505
89.37923267622658
62.33297664278288
99.7552183927943
66.03706595665054
44.91746595135966
0.6458063859324903
68.14215774823369
12.191510275443129
16.446294831124632
92.5458235898109
18.595070407663393
66.96279340244581
85.14932234612701
22.84142937276876
64.06752550315798
93.95932751024924
49.23631681798091
11.609468962322744
12.580181571889348
60.58372560972588
34.08246265670633
27.33223400261764
25.30123167710876
28.25963316299205
77.59396482450093
54.306629411372896
20.634220237667357
12.639635417636052
1.0102256034625223
80.30969516930688
99.23053788350735
8.57829600568969
23.653939661978228
46.52060246729367
10.284351168746586
4.092798861978519
71.33455009449688
48.3575272122603
74.6943700815153
40.50779741509467
44.268497504725744
80.16699859041759
83.00722861869163
17.301801980915133
92.69142990345645
3.933748852339969
33.534441011069994
17.864482502215473
98.6097973606218
9.164527673974787
66.08970728481623
81.92144752835375
68.87942298952449
64.25721694156448
12.54858442714185
75.44149162417978
13.372106549351837
67.77807919833819
42.54923605065154
76.81339265421828
73.87506541140579
9.097244882744404
70.59166644232523
46.13487677106134
25.784950057494104
85.53562165686058
63.6544175074995
14.795634522910529
77.72078426668779
22.79431305213486
98.27687155741044
36.988477763812824
98.11091580470762
78.04815911085055
69.78310392341442
1.4314845353887828
49.59478721996356
54.67343323056072
14.224866847062255
27.534405300765073
11.144222540285377
50.6859335026825
54.491752418520655
48.537119946528804
3.4471345640705864
63.72269570456367
2.192379298070557
68.13702673762992
74.22179566503388
41.67961550382159
54.37923294628073
78.21540948378103
81.13078072029867
30.02427537330342
3.4909597127763092
57.459327047839416
58.92182570724793
17.729563278026273
57.43647522766132
94.48214131403546
51.89853757283872
60.1733984170765
57.463227753663034
88.28036995057586
95.02796585646503
28.669345281183723
88.04987246096792
31.22318815421943
63.41870233317907
24.015751870899294
26.38505737774206
87.94409668461353
86.79235959695389
66.23407708956155
24.68563807652685
0.04333591867690112
88.02344603566304
48.552434531889666
84.35465431845331
33.125192864747376
91.13848434942945
65.84527836765866
46.793455334379516
82.85483120515065
46.46910072719865
34.21613401545531
58.625497188702425
17.508001346324352
1.3881441611815037
57.84277177018018
71.97346072442949
7.451055456603283
23.883641101794552
47.5403890974825
13.606580873507157
71.84776697610441
57.789974863140344
40.023039809605486
49.03627911375773
77.39973402941591
62.817378766094
62.48084494841605
40.23296744523079
58.91694265401342
75.0664539709611
72.08976058314393
83.1132648434364
74.8371782745686
12.602824973180882
52.490646411593325
15.532491912580559
17.825161027789804
41.309530824313214
79.86868081339831
38.70043190490418
85.47739937822584
10.5258411265576
64.80935214273043
34.519059181517605
84.13385090276216
75.00190614545643
76.37875771198239
49.07741463169488
1.3348101651474265
8.167998337391014
85.38381176016068
40.42883535211402
86.55257836791891
85.88219561661681
3.370927631375731
60.62238686467326
93.44321335648954
41.9073965789485
15.489577560702028
14.53139685379078
12.749976297113497
95.24547568915976
73.08029435059544
56.85135786426867
1.3983837615464068
84.73161591170933
15.281224295567696
61.803346882312105
19.594404957133694
96.93063925630511
22.44785540934394
51.462522286568
83.49703250018527
41.72733519773806
8.53311146358009
1.1960173137644303
94.92632693001232
0.37691097970875553
16.904031273946053
64.85523693179383
95.84427067172075
98.11325264951866
31.83510599354188
44.846377414435636
30.246128128856043
91.12618791508534
42.36257573496207
64.04670835586333
35.75098556734091
56.882700557343156
77.42875859334728
71.55896479142841
22.46638638820613
67.77295125207567
74.28146217043904
10.608407601840364
[Y]:
81.77614448330655
79.4998676523933
89.89893670042733
111.94535700878801
33.13922517651652
55.93103400493106
50.486996226688376
18.31901501222087
8.769923324910538
24.297947353775005
41.38641701326057
61.256330051194865
70.13473422760586
93.27750453771188
56.274971418428315
114.80071591598028
111.95862312149195
88.74495164671109
35.988982585933535
45.433143858127494
88.11886398283238
98.24597306368292
102.68782648802875
115.599229470485
99.20865303174776
47.86784101874721
63.54038384084578
85.39328613026203
79.21220263306405
112.89380180660956
118.81803957534562
45.124506457248955
119.51122113300374
16.61714684455822
79.29550859112805
97.4409673836494
23.499472152142776
79.0946367357818
65.51242554767808
88.4620097657956
57.44158801658025
29.860965380313658
64.64081732254218
120.71763774920038
109.00893796988558
58.980274022777465
62.48145544341972
87.3218351052904
98.5934019080994
86.70870767127096
79.09186080183113
80.40277338273859
65.51361387365927
133.42134362149253
30.675505633839883
65.48876707003042
76.14815952713741
85.51340821527026
67.82680865329988
21.55822433390138
123.16777224239533
24.961811442340924
50.894113810372104
93.35985924122215
26.297664079464354
124.11520742520082
30.73195615260418
43.04268735272763
92.21515829037776
42.43445584009894
25.80159037962495
108.36382164095565
39.83736891757664
108.06979997127236
78.08575311322674
89.16766202095792
43.10616051695206
120.07761280787028
55.126098233170396
15.503785401841652
68.55196884957158
67.55356337133503
24.98643262975278
48.946091658512785
34.22402284814157
56.783469577112974
39.687017123887316
119.2949367226486
44.60539112361519
49.17890074812833
119.50001513640748
77.49969754543478
66.69314554295464
65.21197891896246
59.332485076673564
79.58383101928887
45.068667623372924
29.409825963607062
131.62834503446933
32.152947983268064
67.0219929371606
98.56270323685266
90.20065843176778
50.85016130063535
55.67963680798422
8.622872950280103
100.12133783798919
86.55841415900007
25.19742337200689
114.85790848110776
46.84928836351068
115.88273441497107
73.13500659617749
67.08965192692446
55.5058132865391
113.25849119296936
54.04121575713666
123.26231017056861
46.837079504737446
139.35483059733357
73.04437276874117
62.94862562895966
125.4666122504252
53.741557137644776
57.01346950803796
16.15609225509363
58.244461234773425
109.1280879169841
58.167534251046185
83.69769618089515
35.467233648832206
6.406331803748083
72.01912425449692
72.46982436396863
98.59527542750482
57.662276636744316
108.8194863803638
52.978254787516796
75.88397250445591
59.51402510839361
59.56051805654567
100.73175344904277
47.11488771315853
63.6241954003131
103.86933155096327
64.44104937681537
100.32091870336019
40.1729799109069
65.54769654467448
95.32637234489137
48.776962020397704
100.11459668867323
52.290949917508115
58.721082437030915
85.52644397398336
35.86753574015778
6.939436593029454
79.98271474886167
64.03315745383398
107.98861277580671
8.637187458950088
102.89938838892076
44.86907470854672
84.19756591633899
54.56878275332689
43.71286612685191
91.52889257900156
76.49282781011493
80.87596787211558
65.65960015262662
58.1938373520476
96.90514447376358
84.76465165106222
84.4462285405825
30.63301600963181
46.23284991792223
121.98958263132555
47.00239241470383
85.78126981653327
25.619473042780637
59.98835574489959
14.415459452987365
30.08344603861385
10.435464510774105
34.71510882227494
45.019702756380525
89.57811077351302
112.15458839927808
58.150125501214276
77.33399905771586
94.38352870324294
96.91535252265453
17.09802498705469
30.60167449065495
60.08595777576298
66.70943189209726
88.70964028894188
106.17319187349736
80.48507299632107
23.425650425847568
108.82730141022299
35.085078929094436
78.56898492139108
111.45544625151442
55.725077625940955
77.5582197750991
78.50246454305658
33.83491322608716
116.14642365287119
73.44531708723056
58.53138304192176
72.87714137378556
82.5091717649309
80.69486034226321
95.17569718453343
58.39384575621857
16.32071686940273
109.8112109486439
40.809480300950725
55.330239013797716
20.28714124773287
69.38981438756659
83.05649769943898
53.31784732843318
43.85683930974295
92.90501652638547
102.5726509701876
49.805034421072804
79.94103081007022
56.46243473399827
47.80606074072675
85.58480516509582
96.5685783355488
57.63923536303207
52.837451816201906
88.0525988095067
53.88708193280883
52.881967456857836
21.5846205825658
123.87053130958678
69.16233464303667
17.44540835687119
74.114588293742
63.30720390814161
30.66959795023063
69.50768224525967
108.75567286252898
61.754322374029314
79.14000285493519
86.77348013155343
75.80522968804598
84.35785681231374
40.10622174309353
84.09370664583021
83.65790496122088
68.0229915631318
99.03051810632287
56.44554473125205
24.10125386960933
33.548725372999925
117.5635006025783
92.41665882651859
64.3180551557017
30.685564719819048
52.581143108639125
109.14896282336622
33.75450395775135
25.872254330464422
70.61340151774151
94.99844560761149
102.12150410853278
95.76876388213614
21.200849467166087
119.25244135302765
45.762194011133495
78.15791422507773
67.37906967885613
99.77758639304756
49.502575531918666
50.4736532157363
105.63243110800975
91.58646358439509
78.72474089210834
110.61935600425033
91.73738154863037
100.14479585045805
79.5097581295708
135.18362707438746
98.53776429038294
60.41248933576185
74.05446695159488
61.270400455362335
107.3174719618133
85.38930589782247
44.59499727204803
53.030717282500355
129.1922995320458
53.405668742941614
84.34915098530716
7.760061224591635
110.76529152584274
40.71397786510517
55.017775826790604
11.565788100389815
91.64209224956207
73.03784599808091
54.003221313391315
73.68592204887824
100.85570456685714
65.3853142177396
77.20575418463291
40.992296832348515
53.36619565756442
19.734330200069465
134.96435308027037
108.22422717129159
46.09553192719466
91.04699120437638
72.8150532855012
99.53153775847099
44.40890762137407
78.54657697823413
87.42984657623288
56.15694719400834
87.8306665933857
44.13617299107861
81.83103460656612
78.36785575864609
116.04420652030396
79.75053782261068
90.14521566149847
46.8481993697727
38.83451224525706
85.49196025050459
74.67653672232377
36.87422198360382
76.04709835737667
26.075171067810647
30.434762762400727
56.66393047839732
94.80920135758944
99.08385714876093
33.30240296934859
111.8392070280306
99.8812751613506
49.46729362658108
78.9350731422503
55.5881106131339
58.42453114509173
64.53438286137346
63.5364840270651
9.697501306759008
83.3552851531608
97.76180948455502
71.46773262674074
59.72153768380736
67.38033744010765
21.90379454082206
84.40261833663553
51.33558608654544
24.214749652786253
54.161069234721424
94.78980396161836
86.00103398863928
103.59336660926549
52.85141394735891
56.49915067276855
53.4644600105794
115.79732132483707
75.40170907301521
121.28449449907633
105.7207058429009
6.812324556852649
50.05845491505408
57.24768394563202
54.9631642493494
6.726911479643195
61.28807664615571
84.82184156548574
40.188628837157815
61.96846828751782
27.898728115817143
70.0850577102495
22.65863619955906
56.089182353662274
48.829625388272554
102.65417664922028
82.35561987688418
38.16419615981645
93.78832515300643
90.12846741324357
37.054241392543915
15.748765980238485
107.82292009120545
73.77579687042628
53.487644476667114
79.03265658825472
64.47402725985728
70.09748673980314
65.71103750996352
91.06072603034848
81.62644466863145
36.54875099115229
17.599119882704606
102.75549225053182
54.255510722995545
17.905202142247383
96.1902871912217
79.70328861692445
99.60870727583556
99.74727003256899
71.01039847922208
81.46782936155176
48.50175013109369
69.80565409117305
113.98410561718953
74.20362619380052
110.54298670372226
39.45665347132116
64.39309454313977
104.2029741544221
47.44432099204059
70.97246227343597
93.04936790003588
63.58476467467319
69.14312030208778
61.61039846682865
13.271055082283658
46.328444018858065
63.856530710111365
84.43252911496643
107.62247083771298
52.908822006849064
84.02086768510921
27.141725141276453
81.90514034005412
77.23944410047234
36.15962565712671
30.320112320064702
48.86513656545077
37.77575692476698
101.71126713003741
105.11141392650963
83.56312382125732
127.79040193102537
41.53309049052365
29.02341642156019
26.174225454995895
2.0113273552265847
70.27959556344945
20.08785971402518
85.08401021708086
113.52823365680086
49.42024474010525
67.36768899861094
32.6595790385884
126.99517824659577
47.87317966087112
80.31064837298523
120.93669912105096
54.346602756601634
76.1608784698848
85.7238138202889
74.13360435338535
49.5520782560124
126.7824016040588
115.08409518872487
30.263289546104403
112.52149262518179
112.26325613950998
122.87719848094375
107.32230436838996
88.16017035642463
111.9188859184853
68.24618656068236
126.18040837895734
84.48489782994362
88.17208169912732
47.682978905162905
72.92454063027293
101.42838676878446
87.43052006610799
60.76322866015947
67.70155949461072
39.041712130360466
73.14074859160701
113.38804395179437
40.80479804678893
49.39291750721801
74.67797372317239
96.50511614823236
21.408029801538838
86.02886683523835
119.17656907580374
5.306887418057582
9.073453570682787
45.389161999232684
92.27356001371012
27.169667908734823
66.03253624974846
90.11305210839055
48.04135931073397
39.35755448335243
92.38329493296197
21.658494666394475
68.6128921190903
101.01887779233529
52.51405658002894
100.46876245233271
23.416831164175
24.578283133291553
23.6259035735279
46.81991909459836
23.567955245840928
55.08818112439379
29.8379720655117
65.01443585582425
67.94937412326016
44.957450472774305
89.01978511567083
129.8490726546048
83.73185627518993
103.67747089510087
81.7695468521032
44.025929505945626
132.43068638335924
49.27009536609992
96.06914195282317
115.14983163171217
28.105586133860456
84.91484705201955
85.44260279123215
64.29452799544451
90.99890250937005
85.00536408949544
113.78415306862843
54.761626408855484
108.89666192667201
12.885562331192823
65.58033317590949
72.88513983848972
83.06664695320268
62.619153323066854
38.927668306289235
79.35618828921888
107.43959454058106
87.60724192161081
66.74757357301044
80.26913712170325
77.21377100313902
107.08488022794363
39.13877928320418
85.16565907884687
53.138425731627805
75.91949882854122
91.88512740609738
47.15282681321992
77.66795384664172
27.445390254794027
130.23336652568435
105.3998220315373
20.829845833228386
67.94051780628452
16.936944083736204
76.81041505888311
74.53521043924727
48.63972896913657
90.85582781945322
50.788773718784824
121.66035886400707
62.199106629151835
67.16582739488462
33.026760189992906
85.6114930610936
135.45332530962003
105.19723825750015
63.66820618070375
59.13404319871337
57.3587988787381
91.08008817149928
107.5736361369804
41.40573528416846
60.06544127169144
33.32020020565075
111.61671647765925
74.584866403754
51.21606161976176
105.15404708312421
64.92673266760235
90.49858744611959
87.81669333346542
75.06994068088204
74.91426247538352
68.12579205695079
102.83868499481534
70.65783845424755
60.4953435517355
100.49455553369634
78.73520743514291
63.061063358435206
35.44583598883689
39.788808532783484
110.77623616205136
75.22451348089463
124.5128218475063
32.313609227874466
70.12037493129549
77.36611880099494
86.3701488888646
43.79821655108334
119.57846716183657
130.59797005713537
86.76074979338264
60.726179680347265
24.375207437093614
41.033896576792465
52.394422763242865
74.80548565263331
115.37660595406473
43.436679684270224
48.11363627471949
62.225025586759294
22.2375984115211
68.82082565942633
122.77173045322151
52.47987582654151
53.274988544419465
76.69246215950636
116.39988139491689
68.6845693056048
67.40995101947098
32.60485289940829
119.14772425591327
88.38949578026308
90.15113343912947
24.987583593842828
72.33967906518978
28.571001950251038
85.21084950170106
111.32026026381257
40.859268785641035
85.96874297200777
70.24076554884297
18.41192565304207
31.29571828577758
62.312105882920775
71.8685290575264
66.29572421932471
94.7538419762451
57.651205715092274
97.17402918290566
40.1563333015145
63.82975520011139
88.63527595804283
36.815832905785776
81.97677213936434
50.62992589267593
103.95627790802645
59.80835745971529
75.53075423238086
79.99287450729716
103.36845688611791
71.42460252936372
76.3431599589375
34.5667268716825
40.20546823567792
29.532650347969753
75.05730559892483
51.6419204233488
16.16705357588022
90.67664503063878
49.17041992210265
51.43328806169062
130.75381675858142
43.4727665571703
92.9626890116007
86.99681305999906
108.06433951836647
42.0389203723555
91.54849775728022
55.01521115160908
53.32752241220129
51.28947545929503
9.757461141723166
56.147501791128946
75.52136832505036
26.997732839925504
78.72733477166113
46.824068558528126
102.31675686498014
60.51283780967283
79.54852179575497
24.158583788210215
56.98164492821752
96.82983884987796
67.88193108153743
61.53847565861484
64.81751069611776
46.22455791774975
107.96434813514284
24.41319941623977
81.82458638947107
30.48521489891964
20.476939137023635
107.36650604960766
72.86697586114109
67.74862412923855
80.08978951399106
82.86497287020498
89.20495151298208
70.21818358321819
36.27871927818876
83.17944209950072
37.28791504013986
100.4615337069605
65.8601503813918
118.88395279567638
6.58342410835787
35.181872172966976
68.20498779300837
105.65807079223336
87.79090241102548
73.78868338349263
45.408557282285
73.01702299656566
99.80452478629927
47.24926615302111
90.74369848197175
86.04553031340731
36.97479209010224
76.68066947308823
44.12459680135286
68.32725814530252
109.13986507451646
45.84238039879243
74.38263260748833
115.45771313554474
33.976784700006206
32.29913948534121
47.43865151230004
28.759502686078577
79.57101391380073
100.75047021248845
111.18148734690165
83.18624587494705
50.458874546302226
109.07120987555544
68.54406401470996
28.178947541756575
69.80623913470552
65.57285681547879
135.5925932795238
53.71938984039795
45.82490899463486
109.76322074037927
103.56286207619476
122.87068397936206
49.3568899003841
80.3930176759671
86.14248072049097
18.951800461235614
13.944793533040922
100.66646814026238
64.60245602135664
59.9100722934231
74.86518290664273
32.69533178798472
102.54996834761721
128.25358039105674
65.87185963087433
114.06407605143644
99.38652064088393
38.43962893611713
84.70747904556283
49.02830402985214
113.73125968489902
89.6751439525205
75.68422926728178
16.76616983002657
98.02381090528787
74.88420199769172
40.62651440083195
58.40365564372275
65.2651976559379
60.66095576475405
76.76074194642507
52.43300885828089
5.317844627242734
104.11677657724871
44.39111718858972
54.866697810482634
28.89147924822786
53.88499016587489
90.29775085576624
59.61730965064553
67.20717417552501
58.25863992875879
14.592797944924152
115.16327969710403
27.04906434491963
70.2520205660792
110.79245860246536
75.6271181785973
132.21098362543148
94.05205315137633
109.46304189208473
133.95100103989492
46.662422273242136
24.301767288212883
25.39070870691782
65.1792654829504
35.477180921942775
105.25278718591235
59.841618315888994
98.75553149610388
75.59747278497457
124.8379675039822
113.95167546492733
5.08806500883878
73.55938796587017
91.17232614892386
42.74921882879109
70.46604870515887
74.25021452824187
77.39588480125121
82.44596666044652
82.25606999979337
76.02925915395083
93.37426985072437
44.69434640184765
55.7005113888657
63.11805909246749
43.925338791681
88.01027636715813
34.1181347523667
11.982222500244633
79.31296786362815
118.51959054385802
86.08763532611013
36.82658465936011
106.62243622084776
87.6518922327723
17.488076445976663
43.97113684543059
56.79849348350682
105.7715018937524
30.61383613218181
14.269292172221693
47.1664910833433
87.76811991851427
99.81231191270584
96.97419131930754
107.12385679014801
84.0709760368999
77.86514663242798
26.33910196600811
89.90228474736722
106.59006352022038
67.76612444207205
88.932772491403
115.88890856109379
37.57752447075758
54.07541068342721
74.89589989789182
61.83947053939039
51.67968579689911
51.22473991838626
20.009361080510416
67.6565137757797
93.2143667081874
77.76595990652937
74.72671421749303
90.78319449987598
69.5281905273259
94.37010702099238
69.97171990359244
99.67056987567369
67.99679868619906
97.16021250148154
92.53258330507686
72.39869882552792
135.95601363623143
109.76459226634847
77.17322935193258
84.41241890467549
61.44227866166574
105.14854233594572
48.82433123041611
29.313738189316027
86.25997715821873
51.53250079484369
114.34387223950961
134.4666407936345
94.72732985442104
60.823271395990886
57.487663338426074
75.81547895805394
67.54932989292881
47.55460480502883
83.05725176479172
57.91092526787523
63.812161880742096
27.704178887751425
120.91163952792276
64.41764290193301
79.53387642420472
48.829553655148004
57.95329286651244
66.0389563053093
110.09783899991241
58.84598977009426
72.08136516155369
96.11799089204716
67.39599000450877
14.916052352658003
77.97944574801924
71.59683361170627
77.99402656234368
61.65270603605677
99.85953814044169
105.93850528786709
72.66811386080451
129.6957704509266
58.83075585097466
103.80281540379805
99.84322336886028
96.44920462850675
27.177588424125897
57.08246220058696
25.233453490612213
73.6504978953473
70.28532166180601
65.99402221030607
82.59189709537156
75.24001275654163
21.05846548852213
62.27008073821601
110.64874446868411
132.544701090837
60.45942465886074
81.37158063906932
65.8275967600163
114.89250105836018
92.62570921743503
125.18765974586589
56.69484080349008
25.999012062148445
15.24785214339853
81.76481188090776
8.316373633969736
63.50813702631699
122.21553631707249
85.02238662383125
64.68773136359032
83.97283912728258
53.79581204250763
44.91668977605311
67.01670074464833
9.85760374762878
48.441748529440076
99.92660592916485
67.28932280280361
14.675624206607333
14.091832728338638
80.16127046793471
86.06768166517432
57.32446859449932
71.52416870706801
19.50618917591875
45.55012027574837
55.42330425525576
66.54581482367954
56.549404080978334
107.35683378091497
42.36773205266916
46.51903513281003
36.072923789450165
129.22765227495447
115.27607850067818
113.54706032926649
23.77085059474009
85.45108571775467
63.617602914100424
46.311497244375104
65.65584686712594
48.851442984557075
69.13363529904099
81.85561348374398
43.37908160801017
47.91553965890497
4.872271749649053
27.09538926086353
59.68623453408574
124.41219158742919
70.93251530436648
81.09062372211538
55.40327745935499
87.00047546856472
9.148009062628068
49.09179015524181
61.979811939186696
10.083579000462258
62.48970271755035
84.89305956932404
46.6623133958883
89.04856605654007
71.60733196514867
123.55181172344294
66.25349262700837
73.26047087044584
65.93701174975128
19.34698605841803
26.840869805667467
67.97208004035437
84.04007141192236
91.36397275752508
65.6983923638674
87.24567774831853
60.83393422104468
72.38045279266055
34.521928618394085
32.61168826822908
65.84754196228405
24.938788223132885
49.35270884870393
70.60600777965087
108.56164403788316
112.26022352811651
45.85852506027203
79.95191724099897
35.16437727734733
66.73566880074341
73.36234383856691
110.06538319800916
101.35564996060079
55.37131382050387
64.4094592462362
45.46381715782396
60.69756056097275
66.35344010059283
114.73903870565799
34.31679736537515
125.10431179896749
39.735088177570276
113.98855560689651
98.26811818221353
32.97949806215614
126.39370971211252
15.836699003604119
19.719330713840026
81.59378589995745
85.9382795748101
75.45264167581864
52.38379056318309
34.11139719703175
81.45649364789324
68.65567007111746
116.76423661702827
84.99862265111733
62.519469599603966
80.9967540155352
43.4320830699376
33.81992610896968
89.71858120783318
59.88271671284324
134.15940799287617
61.30809021128113
68.82631087988459
67.01878067339428
77.12237920077841
109.83014496049029
10.962849530440911
85.38919929439774
73.35811087299379
39.725451414967246
61.753857406967796
108.03710226333342
43.440376302559514
13.104905487225459
97.03361041548087
80.56278963057244
81.13910695515202
81.54780788302396
83.91553621369499
118.04736834869843
83.20948371712134
63.96403866836901
67.2837454574897
90.65151078032068
40.259826093027876
18.551384739903582
76.32921503453909
99.43288665127376
45.975498685157525
101.6861090447664
89.4176813298328
105.6010518606376
53.02669874412365
68.26858184186598
39.35370156058633
36.53521619465462
52.89050789855663
72.0861800692254
78.26990035028518
64.21838920164055
123.76306053913416
112.26990985156064
70.86551332872548
71.04340558700817
76.77770918633723
113.00037833601667
117.12230387424094
41.868819509308445
64.6442394729689
84.04023522191802
129.08177114787753
37.56145984928965
86.88897132491869
38.80738437950963
60.18665102334063
67.38073147293294
45.801075637047006
13.710332536380582
77.33700661062356
26.822390602122248
70.25444126782648
96.44955634879634
87.6678430670645
91.4673080936528
31.455006303961586
98.0611424475582
64.28980535203544
61.96385668120068
79.82431802186917
61.07185425752445
105.73723460268313
104.61439607727723
32.5950532615135
63.21225499556458
75.6738936622193
65.6336402882304
42.353447359995556
34.514743967430796
31.10486752919594
52.335292257408355
85.43221887967188
42.46716452035898
74.23068863712044
52.16038262851186
90.63112554477519
56.59638237530754
89.39030060325018
32.69784689502693
104.5579031369202
10.300076646011167
47.330813037292565
90.13558186354771
26.926498796616645
32.53378518601348
67.70573089594672
45.03538262317236
90.8429812194383
74.05086254739493
113.09585695962215
111.34756784201994
111.68098720646239
70.25074575150421
85.98278418299078
84.35312789789097
84.50239063022286
50.2687713094778
48.64435037086095
75.26432613585496
26.09279157619008
51.13865354383303
60.49530220132737
89.60345011612021
88.42091271567074
77.04685412223893
59.879509476763545
106.04549783405051
105.92860864178748
24.958723333454152
73.00024425093378
117.60988888898738
75.40449491910196
108.67654400481169
33.17263237482357
67.22069606812326
82.49554734266498
65.33994514203717
72.08021836992162
44.10824533920639
38.40084430711762
84.98383024428004
75.25987454880257
65.17829027400833
58.24479887440732
44.5340683965266
72.37215644319008
102.83515559183674
79.32961388674718
107.56704880224933
88.55659319981547
53.69067365019417
62.149845617525564
105.68888237013809
74.75595081440477
25.553468457533796
53.240936214255456
54.679597065079605
62.00960325042755
122.75316536151314
13.924076373883462
42.47896741224528
74.07925494455569
90.69321651105876
70.09651905049424
56.09955400154621
46.20965882604386
73.08518454255092
46.05409870549516
40.73899697680315
53.6544766883013
30.3305595275604
81.5517133102168
80.71746316242769
17.416885929951828
63.51846385071862
92.05927628562631
96.36798567776043
72.97785600056
57.54596876654388
69.45176738471793
14.945595608732447
25.510870963607264
62.46345396367816
115.4946496499108
65.72579368646478
48.51496553826193
36.596255900714645
9.445628495187638
72.05705278787997
63.110530589878906
49.67681211523714
37.692742710147385
75.52424411868947
64.00724242151101
70.59867001000933
73.16680840438997
128.02003561549435
83.51419085416538
49.84797374562416
87.42731763327595
70.61576871618732
7.722397045785894
24.900681245392825
105.24825218971216
7.0986523314625165
107.05619225580335
51.801098971763864
107.50299354153543
68.94197941279667
124.22284147343836
81.0385858925454
70.70856655233344
91.76601466456711
95.94353346360862
42.758319791642236
30.916588363803093
91.3201871793165
78.90892970872575
89.69353301433671
53.602509193296115
112.56840878714584
45.852208953747656
64.65450660476684
47.541423506748075
82.50414078274878
82.96685172969316
66.5642501007287
30.78323492071251
61.529752558701375
102.48970990154731
24.219690803660857
116.80243224446387
110.38138833274282
14.273249764431009
55.59677792457619
52.34109907608867
78.06387422084954
105.51722982156224
106.42574720791494
19.856252477612667
44.9723880278008
115.35014611226146
105.4010647538453
79.77322990059895
29.03028265349276
10.619302282177607
33.03196558713677
93.20981944457665
107.38720745117317
68.62545999317392
51.241807269774974
72.35658666922161
84.2537651493199
99.13240507054012
80.08146709963522
64.8601759471319
57.24545044584349
57.349978756906495
97.0057854417141
43.19290542954626
61.892944129570225
26.380315040468446
49.903071388941086
91.60534673157747
80.80010159196934
88.38463847659602
57.73045596210385
62.95833981304568
59.6637836420736
84.52610207741158
109.06426482100852
93.91884974127777
60.79945125411817
48.706552680569274
62.20591466192201
114.18414401038288
72.2562536009569
73.00686740451167
74.52479116184529
7.598634761189226
112.13742983588048
62.02377645481148
17.995315897233283
83.50295327456098
49.193765365553915
21.636558828860714
86.17108695986803
70.73585988662748
2.807764813589726
97.62624772296957
95.01593764525518
83.36509426945418
51.47316472784873
61.50297525924895
95.78387400726447
80.73041868610524
35.63152558646176
32.04114412222943
119.76063613577287
64.29588843762194
84.15357195908894
56.59575956563588
124.6644050212812
44.71632177016458
24.8503779124786
15.715926079345829
80.05656305602132
32.82901940974851
42.08027999707929
5.691640762800245
76.32928135268884
93.36023881087095
52.80358974645113
32.05718481742775
49.27235884382742
40.122356910657395
102.04307624137223
84.0792174016395
68.84517876871077
117.1341952759166
36.84836211231876
82.14417917979888
102.45317072911004
108.09341866359762
62.74133829689915
99.72787828186347
40.93046851514986
67.54586482686348
71.50821849662748
59.288419028705135
36.570511270983104
76.60634940172079
63.40658537973263
115.40569867813966
84.69161655050232
121.35222799376842
83.53063422731853
45.901784994149494
120.51148614826698
76.8660757436981
88.91255165304267
15.03928117467152
81.80049297753231
23.218063181048095
58.63765840851839
67.25769162915624
56.86055844331205
87.88812365575761
76.19607925038704
57.056717235629705
15.152338474233106
69.96242379567377
48.461838846139415
59.310134058801644
42.79197738162902
75.01858613383332
105.80090766438991
71.01047641886456
68.43749324114651
84.06424528555858
62.00964210720974
101.10919360642447
82.89503525619845
135.2281492340803
32.645533211720974
51.471289341357966
58.80559189764428
54.58956788782044
13.70752370341575
69.41216513071949
74.29598959781715
91.21920485145989
114.46316428809655
87.98131792686524
57.31900845609848
77.96303010042982
111.65441609130326
82.20948164747455
62.67792212397016
73.68398249308851
91.80073278685994
88.81093427863834
114.99120950843798
110.02869854693196
46.97999563537308
54.70906687418487
78.02234034408728
67.20323717104604
12.50169652653174
78.10962327383196
3.9972250290595426
65.53968618807987
86.49178722797126
117.77098128263125
55.62575554726699
47.939136727345826
100.49562551615816
38.68300060918185
80.06056683805704
138.79955049736404
102.50832750606664
102.51418630432025
19.920672968792424
76.5738191047686
108.55453293481168
77.77019238222664
57.72549984312057
85.57253265689769
22.343997495074312
106.27315011503953
38.63286222607861
32.847603827786834
67.98649734062577
91.80971319372105
55.18339566813457
38.237638484705926
48.79471822304795
98.88231394589586
101.23727441157442
44.694768217089745
93.66728838761438
121.46059502097478
72.12815606135723
98.25613080433229
125.62934496829841
111.67797084827598
38.80485480904218
61.51421262146474
118.81280626015166
69.83858931527047
94.5994487024408
110.21705095288502
50.51014981751695
30.42512442694053
78.82407520620924
48.43034868781171
43.90704423759509
65.11000613841472
19.990639412012253
119.5779711308081
77.16272725248949
88.45031475672575
43.09548076215802
38.55283216585667
113.03429825701323
53.36439727376559
41.115513935801864
90.82501280334901
39.79529569594546
112.73056841614658
96.69551750326409
101.15585256130385
52.52095476871974
31.703252310632987
89.24355221542703
66.85187781327267
99.43420028728664
99.83176456308674
89.79215746664462
69.57635775933772
90.6324957064011
122.05274605034751
32.30777084944098
18.88834405604736
39.852236448811404
112.86364653086804
31.800094682560186
88.11340976215487
63.05779694774439
38.44549985183461
47.63362961827691
81.20350980551108
67.46871720179364
106.96531364217839
82.11965023980015
56.93335192740801
56.14443638428973
76.77501582664651
64.2862533415493
28.272199008712498
112.88880424186684
75.4059809770436
67.08321933624885
118.18647505187795
103.25103889645331
41.399575984100444
68.15197680683778
79.40031129949395
100.36470701659243
60.949042437453826
119.96755787794908
93.1993166450693
68.13989992005874
34.638597631819685
70.19798765319065
89.183097182478
10.262684777289603
11.70562630000839
86.72534503211993
45.76803251026485
70.7710267206671
102.92875824625409
123.50347200910983
105.57559950650405
32.12342273790546
80.68479690053331
18.908677629202824
58.5732760324051
57.38946242865146
38.518936882768614
82.50469186925493
106.97850258546771
86.93056333484337
92.2892012316131
132.34659953339445
73.72796225390712
106.6985192824074
30.336320591806288
32.453625114358395
76.71897453856329
73.02380873259064
101.64705493125238
39.95135399141332
92.43967547239492
125.9393641358416
81.03643607580236
61.49183181301795
43.67479359502687
84.90532991005878
50.64663898983279
42.224473736359315
44.618350497771566
91.64719507490648
112.24173166650084
90.39403550639182
89.61487018939013
93.57572368514147
74.44598304707401
46.27229537151542
107.51373868485511
106.4438278099822
81.97835315423853
69.18062174626748
70.35787569927834
41.036047847103376
96.23557315204862
57.696698627814314
64.7735340093731
120.70726797732472
50.8345708558811
98.9640073177646
49.78721155063822
85.46982089463489
40.220186840917805
75.9865968799263
76.14944953905906
100.45005876212059
97.24075238423741
41.9960952204117
8.3986134336742
45.09673710722779
55.457379333597906
88.07398768401555
110.43870925707633
50.31189640098262
101.65579269433698
45.100617185294865
21.749410347024487
24.13783245608825
54.6460530729986
96.5258672642237
17.075874305701188
121.96383851264231
71.95989775553679
79.96204677808491
57.15361905836153
54.91582647123272
94.58561651503905
71.05782344906159
103.82975469518988
80.10514761097416
66.27165391315357
103.36351409241169
73.73354539001491
97.238588052049
48.726703528493275
130.40081294185026
56.543844260329635
70.4765972420939
32.495093126194945
63.336952496515664
44.84488578739666
37.551623428948474
77.84405898652528
89.77351156770683
87.20249679846722
131.40106272629836
63.905896004772906
64.8367877322306
53.62374535422978
39.1308489950155
63.541123984519984
54.99045850895692
21.347512337601604
119.90555004702216
8.189519506446869
50.75392137197515
5.486291824993579
100.99929438904601
132.42288430706975
117.6899568600964
58.2336630594274
120.73625439713364
81.23448211795859
89.79002806025416
105.99170105214684
99.76871029761554
37.820449446525714
83.66958705199352
20.227552759947066
88.64113835127837
90.634847354347
79.08109697433355
27.95396088660447
75.60438301780746
49.61855695350923
116.99393901210152
42.40551053016152
106.58194340206529
90.73068864432751
96.47680732753119
64.43777925562117
61.87212575004263
58.65367274542674
81.98923921721116
14.454829168776556
62.07439669948185
110.49060753571798
107.07322633617503
66.39253500047899
33.710821064421964
70.87641242609494
28.984071016509713
117.84271716845606
92.22667463689686
62.25396384686856
104.45830117371145
76.41576798624658
23.97397885512465
45.993868212680205
79.29313079244918
63.88447683287348
13.879444871791756
115.25026311497379
43.703687162760076
2.695054094899578
77.16666621954911
74.86982783222794
74.69218532818664
84.50650658156499
65.73852703852748
19.901312057482034
85.02588121131309
70.54031484666126
87.4728745692538
62.3660272678231
79.61569926961623
39.224563169700836
86.12842882974836
43.80568452335733
102.15403547503038
32.53029431435712
19.484304685187855
91.15310288048427
80.61592873939469
90.30933015612678
54.619329944055714
55.66859398091963
115.55961048785957
43.96712815352892
58.44210064886268
75.97097040388518
120.52617202441596
39.30933048497881
103.09755274634341
66.56005038351904
81.727654444854
37.888822929081456
105.53205520265553
35.81218687481972
30.504108300752108
96.68114134161272
92.47481030993772
63.98123538750944
57.1469245185358
31.135994537550914
64.5843191059328
56.92026087113841
28.144702060069736
84.05891690355837
27.697025216002753
103.23491875104861
51.066090151464195
56.23778344330935
104.68974631714156
96.75794197684199
50.35715618201742
71.67316119429458
53.629982733218036
101.2262686922634
81.45987035618043
109.05220607667526
48.20265448092582
73.99652877746988
67.17277682299014
48.2944921773055
45.594440269124746
21.873461855618903
86.04026876627901
20.81847253906465
54.65528711605347
96.58535646476082
109.53658801061238
73.32382421048433
62.943939100069116
100.23180396104904
94.58383367304498
65.63960386102698
52.09627846765663
60.61486451946986
46.8745178048612
86.04673752947109
20.392699651078594
34.69326734040411
82.61384659871793
76.92750765051692
56.321701115329304
84.94146968901313
81.41768724460127
65.36431414546348
93.35827225807942
26.903289839212718
63.826147162830054
116.88938924426499
70.85236239424624
39.633387387816605
74.59480181492987
76.2842939134108
123.11596801364607
73.86806099212141
51.623285640422075
129.9335952798309
66.56142288931082
42.942921342004496
70.91677302798229
125.98054356119951
58.53104798792818
22.882056585126058
112.40473360123354
101.9045079535221
96.21994420082146
76.81745553594
90.63295402455046
106.57637331400369
20.313328439914514
38.879755512755494
82.3747979560111
79.03038702770672
59.29173442423394
93.15611717291816
2.825163963776429
102.40061267903019
54.19662245483154
86.1670400203638
83.66357930821042
26.94965705369267
73.41002529050873
73.21483756049508
54.77303044800327
101.83863676979084
51.304062139579
28.75975936551327
84.01345115000268
77.7147940766155
79.50921837353096
46.62886498782943
66.72363298660369
54.67476382076682
60.35635130661243
64.73563047069399
38.70956589354382
83.36222106125481
98.95855697411375
94.25298957144864
105.90199066525742
107.15705936699464
61.190355971675615
46.15582848706191
102.23733217717327
81.37671826159695
80.26166229218889
68.07550765623193
45.71116617380585
19.198972330461945
83.26120544144064
94.77883402380814
31.422052947593794
64.42483286748114
19.673281277883973
61.162633579099065
125.65655575353438
82.39132323683118
103.01970190771112
48.60396938627977
69.96225660459825
49.204013634496874
53.115261816861405
65.32030455992825
55.82511110678607
53.12939974900003
100.3035640751387
55.465599976110866
90.65228336902202
42.94081831897797
83.87526305205307
136.24742555268617
70.25751951245886
52.58846990212403
70.83523927879722
12.101875191135829
62.9461279281327
44.579825239015605
94.5677441537484
114.8758404846822
83.38308078334381
76.85203202209408
72.98752871828238
76.9825703906418
68.41113819552208
63.63914176236581
46.23751238384017
53.98893753800715
84.61187743661299
70.71452364797459
60.460591250972094
75.91216282440945
127.13588984334723
49.08133720706395
92.71472409741617
37.20614682516406
116.67962959815208
54.906540447122225
71.01414354097696
85.37763376118946
78.23767854362498
87.08631675351805
77.47403735348125
100.270953060788
59.7671747999745
98.18662705709926
96.27060749452829
47.54815156940218
68.28209451423459
109.27693793291749
61.16571921384531
40.939584025662384
133.9761273329949
21.887155006436405
81.50404978416098
87.61580781303277
2.7465570903726215
97.56443793987906
36.84979442860289
136.69866978534077
17.722418399724493
42.32505799739873
114.06113315870203
40.15642003024156
97.38973107966763
83.81876154595743
58.86295804135682
56.41506816252576
44.90056567050363
53.909836239425175
114.19102369575236
81.15395293430647
91.81882711255349
90.35415930463823
11.396319853521174
44.325505800483874
84.67438303667177
101.96572115277792
95.93507922887315
91.75212603077752
52.00449097508012
113.0929134711713
87.72400677542953
67.65557635960042
95.38175627522148
59.61258994961577
123.57439393380434
62.80696461736788
43.76145892675034
129.68193237008384
47.48688809435923
19.374728874139684
75.33502818009342
78.76707745539176
78.06161101701754
82.06306352210596
68.85379806005989
60.22772860314291
121.35133533453717
34.70870660109366
57.981222211113305
118.06105552827478
33.48330919591258
59.08321542109015
64.86023973106833
55.457925404814084
86.58066671674351
83.55833659633366
95.6829408777109
54.884041408245714
132.24326115106695
121.37305575990159
95.38036504030342
78.38800731314362
124.26297241369956
59.771012426909365
95.44815962176082
67.75591861938334
59.001302929094564
135.23523744640423
63.50185758487424
50.25591744554651
82.11103013896707
43.03709006667837
47.39711151951511
82.76918431393403
11.33573031517119
103.9048635253402
68.49929582563077
51.40406882031955
32.49115595664901
38.44017293554559
64.89501227534112
62.74142574214244
71.86183372583137
39.53236187300422
48.26494827015779
51.60670470308341
53.2877459977942
27.633903792015463
85.00518127534846
73.95080194268844
74.24711691765889
42.46383729624426
17.19743461900083
94.25242082030009
124.00919330614471
24.619194072923918
40.6805217190547
60.38038378275623
81.31612554493536
89.76301954764415
87.52316072756122
53.956296602386324
54.95468417038199
76.32438137264644
33.16708822386656
44.969801138126975
87.40078811670475
92.34180741283558
46.28549807642169
82.01773982194169
95.17678709634038
60.63766397505335
46.055309929251905
99.71177343167048
94.11233483755234
70.40729513535379
95.41276106310931
37.43245966874799
100.0408602822798
82.25088094052083
78.3390975977315
56.617649805256846
88.0245205540918
95.60049256008973
68.8105683032727
73.46347326331404
49.6493316823578
58.68333856568284
64.75978258429244
115.86869941496784
80.97258661816275
64.13684341424697
63.94213750597246
43.73434008130249
54.08216493811841
117.70439927876025
40.08266686499442
32.31945894466897
28.887650705745983
105.1993163741837
62.94839727906001
67.30741403757787
31.800558881683433
70.51274364602048
78.87231958411243
97.38447059701473
75.89699514690125
51.37660520535177
18.659350002298357
89.43161725152135
63.20844756287049
64.29561988494537
43.52005808463896
31.191458516677812
102.74252176460783
107.8097918132053
51.3264271438602
85.06437649187981
104.15205663889594
93.41951551080516
51.3486954742007
83.66274951611227
42.32818752261279
33.91306650757715
77.14739099965378
116.97761492162553
103.92685472418488
37.24541983659122
87.56236542899907
45.60801619565535
103.82670511615763
106.7888649420368
34.32782445828219
24.644305236658944
93.35717065992844
58.12143401870579
23.5415574356907
125.40839799991221
108.1741706133339
33.77027872059948
39.32015341396915
84.29781480659055
96.70196028339171
59.61179862140079
73.43992586458086
81.83171357266369
66.78653596278389
42.36916009900359
97.39162404164706
49.51068970374387
62.42840504413642
78.03102334188145
73.09293842604187
105.44955811459396
103.5616669108098
61.83931837460855
138.22067489161975
58.36040598728575
45.1628330012219
88.81272709343249
59.45453770669177
67.10669676241197
70.85889577505714
32.6554808885665
104.3389924604269
83.34833410433976
89.76259530665845
98.84438570988176
108.04607751047189
41.68843003257553
77.1983969564304
55.59100071878121
43.83154196479043
60.29280321815125
90.49237922088619
27.95098855016432
28.06830526121635
57.766515834153374
78.30277595394267
87.48508711959903
73.95384261285085
55.88931868882792
63.23007481255648
34.719266192445346
112.3808543748612
91.71170409096858
47.515590057213984
62.902065737211075
113.2883974475997
124.95439627534418
64.42105818409375
41.34101472913598
85.83989826513616
76.68868412585019
90.02312503137827
24.416280498710293
80.28600339754391
108.5613415264736
69.41623337201125
63.42140022766638
65.00944293004908
61.15022047053906
122.1367170055671
54.05697054955902
23.427813795505784
102.18930507935579
108.50703655028212
92.83799298663712
112.8015504376973
78.2733215967677
56.14225752511267
25.646358049862325
108.68128258816003
59.482217484216974
27.674935263518407
73.98648603447954
89.27172007343006
77.11792514447819
24.630454438883746
42.32333658747561
73.76041132580072
114.13214104967997
19.341632103709642
68.03181004445526
119.25042577181921
97.4660621668815
58.952843821648834
39.52104428477667
73.7516231974472
60.965950164291115
73.42258068114705
77.90429792903569
47.64211878319341
56.97933585911988
89.6465985385796
46.6160048613188
115.33326401667651
23.12934643633341
66.54069884033115
109.68024087108574
84.67731195181642
119.91092168624937
106.16528597271338
111.35344542058978
23.23878281084383
98.31841995392489
125.98569706090655
66.23080540966205
55.74193372305534
87.39770485023769
45.69886271491218
53.73539454341315
103.78746111171623
24.76284883375181
93.68113473381024
58.93572764936547
60.691280667683145
90.5048201887708
119.39091109944815
87.03174809956954
52.54310755029586
81.47235903639975
59.557996586465
33.49243713575308
111.74815332461233
61.19405061174764
63.255220376671765
87.99621427362563
12.714486307457342
32.01371192688053
88.52047482533241
51.51940215076769
101.63752760148736
94.13949698040548
115.86381730676774
52.814667456249
59.77442219193956
79.00466035555061
75.09974231712323
99.16558395574063
75.25479064342692
31.180784360153133
32.704889212018706
34.3052349697805
71.78110278272023
83.39022454279224
30.190705527565903
24.368330598215056
89.23950549584174
7.7618840246747585
72.52687694256987
57.385838226854446
94.98936217169384
100.32271006928156
63.449954508236644
73.73335262936929
110.21358930444467
68.68991354536674
55.86292316325155
78.35462272423871
76.88550773560198
40.53674763236507
79.00619537963621
57.69568207774104
79.18036264977385
37.71031984552651
20.46240373631793
95.15314304038188
51.81308298113576
28.506177782453538
56.2820033454228
96.85922428429032
73.80967241458961
83.29141635143566
94.3410597773773
19.997993956838968
84.34539317304771
90.02465139227797
22.201590760858952
65.73659646333688
72.89087034103336
38.514289622939245
98.91595259493613
60.91782232069012
89.59193042395852
98.1488015392728
42.63610293792434
57.86461683035215
97.67603339815733
34.039901793733435
49.23579846764625
82.02795164010348
43.37330829642578
83.95528364482962
76.35741352339295
59.949686639968014
88.73989519851698
87.06542759955613
94.76094862677175
84.87973430461096
61.73548435823446
87.48229087661976
104.38918273051527
45.233721399753236
101.18163970081585
41.8766889690341
24.677198240656068
65.80944168690863
128.0784722244477
97.07905783280279
101.26012448055644
118.99297709159706
46.577898600205
51.65653256747257
102.28392743365916
46.59928941143228
76.7411436486434
46.18802183219211
71.14209654704653
56.7562040312803
56.52271184665202
10.979315243269443
93.65792795410741
90.84277702083018
79.15334385828479
47.969936907361514
88.63376861805541
106.00716645281281
91.89546669415662
130.97311032123676
54.24751132524686
19.132613570849337
10.047093357919383
130.14528019988842
50.75347573479716
103.25871588928098
71.60669867924659
54.26596698164438
92.56685805732246
73.27664321650545
116.59595603992386
61.65252642547514
68.0992205101201
72.2638951181755
59.18122019832516
107.46159287205163
51.591047757473916
107.3561597580815
21.692031035295557
56.85166687988854
65.4096198851782
54.045637914451106
72.95523061982293
56.73159927448973
68.86713920875908
74.74305512309405
81.58881420676789
39.39252469983796
92.08768371383496
111.9524201049605
73.86923424247948
113.78362112868706
40.62245622400993
47.81369086204148
64.16932067415577
34.937300871561526
90.04577183351252
120.78897538654068
113.52997646066638
95.17877277873
92.35522503347619
88.14327332889928
47.85817864762939
81.8601355046342
40.866436208274
51.859997374072734
60.294062766508915
53.27784851164626
95.32245733779622
94.14274978459972
92.66533924629609
46.73398069070019
64.77282895510666
102.17407756552943
83.67059559983412
81.84130173181082
84.01146246686616
45.736841329923706
59.777337070121625
107.9552308896289
89.56996916546703
127.13347455965206
106.66897957428733
95.33661390348709
96.16269875195613
26.584843848954897
88.65924402973246
39.851416320897535
73.18430232171275
102.18286566506367
106.22903115923339
109.46990768461643
64.92351993509612
56.045045316112436
107.07910741560133
81.40145167889034
21.401777795182213
98.39681705941965
128.95318538494737
100.88561653004439
52.99524717633079
101.63410337668162
59.96269241273214
111.49506002544176
62.49164513434285
30.794266078705938
39.87621121719314
75.84451420298818
25.60281900803497
61.18813174021564
67.20480012243803
46.129694897311104
101.31630199498844
56.854708465370784
120.2157260590115
81.42429296315056
12.007462305514613
39.71600667043512
82.58471129931206
81.66798168576055
61.43740826103097
30.15639995523788
30.470015434489866
32.00873258245479
90.6868837324781
23.91964324109649
100.41222507059146
57.057547168289624
17.71131878093887
107.93751085390498
64.35620700735214
74.96646774686765
75.88204858490946
62.58824444092458
117.68954821319618
13.16300936793388
43.90161141273013
89.10074459821891
45.57848171187746
78.63759218052608
80.39270959425957
37.86371437279989
80.1793563226774
81.67846420461595
98.23001443246801
47.10899980950208
108.56137601734657
38.68031896540461
27.732929810896962
76.66165267143857
52.497865502610736
106.28226556946174
77.67818159392708
62.37133468590034
52.13222798375695
55.866794397826894
80.53272660514281
99.37911680199355
83.00163057867071
59.787831720367805
99.73158681177841
46.44374522718725
116.23414315655843
77.46076067726632
91.4243794437271
25.077758395982595
46.327129286275095
80.7637353381063
88.51231805363008
37.955512509933804
34.3092725194187
59.63673492895992
34.65376683690771
45.57378385504711
24.730012358866336
18.486438413991355
122.40110505934007
71.20999993641169
71.90539298058542
77.2202866098934
110.31406484783471
85.48987719549655
102.56353125023942
95.18074773276453
33.50291656747952
38.28436977833878
12.861650014098032
96.18619566830006
88.3783642239331
37.771227409133715
127.63072901344835
64.28750262547078
94.25027345200874
48.33565031071937
43.264504396762455
80.83518487125639
40.82598563223064
122.23626276634441
125.50612382177607
35.84128473193507
62.352220007417245
14.361695406585977
89.42814832645922
100.12025524661316
59.34159410265791
49.51333092117299
136.1033416879296
113.83329586421527
65.6009223157222
123.99874754930156
84.04096876369854
120.82599397518749
68.42752078260236
82.01442213738558
32.37211261459608
97.06130813877986
74.66409141611356
107.4168712619078
51.75867873817705
59.08140599486883
132.35693358425874
63.53019085181623
77.45503914536917
100.94183790149691
99.96328545409133
27.47861777405879
88.5744225353092
124.21516682470903
62.37211961870788
53.820047523548524
88.44455111806954
58.01993428158667
12.522891870275151
56.50904926117072
77.44479594583035
99.20433044802414
36.29386564371333
31.09674610307542
49.017869010878435
57.85494154269712
67.90195344002262
120.98448021459706
122.61534502165196
49.947262014691404
71.4852377879944
95.12625202267152
25.768330448278498
38.719420304326704
76.48821773610636
66.98233110420064
91.91773959644519
57.472761613526814
120.87071277056424
66.90175732148161
96.76616665952572
12.324797501992775
98.39453279852492
53.32844963602479
94.85263460169031
60.181958221139645
73.75131069527808
91.40712193267203
95.88545204139474
60.16026254969195
7.915745082128187
89.30988571103074
25.68240135571098
51.605160933714686
68.68234750276005
98.17635379072577
104.29615594363435
3.500882433322279
107.32527162776539
33.11858853710067
99.1160989778862
39.66220634290319
74.45018131786325
85.14644110125596
30.068548658961365
83.38309061508656
23.27171609185325
9.002211664526765
52.68898643350476
80.715635350932
68.31555375072121
134.11922409127567
56.025094281470714
50.01565112050276
57.36845648903017
68.17777339875317
93.0704797458286
112.98503361046056
65.64171231228437
64.13053473255191
70.0703234400567
109.72417812266062
86.28715016681903
65.04279260004468
49.80246217905062
54.817102562290685
62.54559582134685
90.57320211546298
38.870456797210814
132.88382388097526
31.954833393770514
125.56890337013047
34.88329200367617
18.11436840747439
46.17725532250852
41.22018739957368
54.455553962877474
70.20137257958356
114.68098542579718
31.067341656339693
80.33666973905511
92.86831962742545
84.37078571459266
105.44187230372358
112.1001439279115
57.39822682092099
92.12501341101841
58.50723909375499
82.78736196158218
88.04435316319189
57.97157995171458
43.21681666115557
54.05792244506142
17.99761049622679
102.81915314823237
100.62862637653348
72.31281792984662
45.29313017385533
126.47031693220106
75.61572445655712
48.917498685230036
72.67339603533239
46.72739265403776
101.8550196770892
38.8694796422603
61.83104212213952
74.41463887751817
98.12630813598338
11.408984790008084
121.41537560675258
72.13695900541356
40.11796890114975
66.4850803945442
41.57855543739948
85.3209593551011
41.75065237730266
63.595692220279524
91.77479588028942
57.92763268222157
77.67927345189321
101.78907032740582
56.53847610523022
59.13095182827309
98.7697330433744
24.498383276171314
72.18695137317137
22.762623618636447
55.81035855686889
69.362435697971
112.50814587522197
106.45214126828266
74.558448502451
65.734411022409
105.52357392148662
27.233622200900896
62.52515547061371
42.22434982723124
59.30381352279672
17.066199289484267
69.33793418502427
100.42289681468117
74.34892277428526
84.1981368923598
40.93102212635606
86.47218460490957
79.52420731455422
57.684791998825354
68.97652082677328
90.0872288788682
67.83388891312822
85.27186171646487
42.82947362620924
99.23684580925021
68.91136508521517
79.53959213881386
39.8413014771035
84.48219542158543
22.991625106101694
45.80640021654555
84.21052873191698
123.79508603215429
97.90290487026132
37.647521202328946
36.60015939185854
22.429157045276423
62.264562583405905
121.22640224693555
59.20729130825309
42.261434820802926
65.00959823524704
59.09118911173463
38.15726102755689
21.650588910111505
48.774690588227166
53.920148417533156
23.35935446347377
35.20488848500597
68.240398083088
64.8551700846608
85.60970441649805
10.116105813647504
135.58454668863538
31.15043530048895
40.242273256356974
117.91521416830916
132.7852269456658
118.20904409456826
71.27619060114286
50.17277016778326
76.7206493710844
50.79687954883141
108.12883052232462
117.63056903080677
66.71766831663629
12.709006476868476
47.561170656558296
100.96997149821813
111.32010427028051
81.75644400406202
16.622547358776398
94.47625007042399
106.74973607096146
51.75792463283402
103.8838169649088
52.16929137126801
55.127854439036355
86.6648252391866
29.43041781874866
92.54716387281991
58.38653899239924
52.928212503804275
118.13914390070013
111.4848706261325
101.28665564639036
31.037236613663723
104.80529483693849
23.553822553041037
70.88751308140492
86.34894926155681
131.25570243111744
55.825044122790175
76.10046633354067
27.40498187881604
67.14152973907125
12.667620786032447
86.0555785577422
77.2749329913141
72.66477533994222
78.16677729247431
79.55483567170418
83.71236836270778
71.60833003922984
17.60185872932338
76.33645154102138
97.00647126750363
95.4864561673935
113.06882537021554
74.81808516750988
118.76175606151875
78.13846712484204
104.57579142475466
78.73823720421314
111.53257989559415
85.58553872464702
52.18766914467999
50.91581183732665
77.63484676857671
136.49787523209642
75.66298112594782
66.10641946548608
72.76916276750791
78.21168459733619
54.63523502351717
91.79163804935449
72.6392981562495
82.85528557635054
37.61913215470581
62.680718235686285
59.5129561845886
98.1468217450537
69.7683058540937
88.90467463976464
56.54221437536343
68.55972256335608
95.70244363700752
95.73245844538346
53.55742814071519
35.03727612610718
113.17819113855592
110.39596426839323
78.97245784685411
56.93944754885185
76.82605154904846
108.0481673235578
80.97637034032789
26.665516806552972
58.49507541447817
65.26194493261912
38.41595251439044
98.59676246444809
76.73493855768334
69.10599355015103
108.07322462663979
44.13349249437571
125.5975875709557
29.612354865908014
135.18194611300822
69.00864478788571
70.32900987400592
56.347534862339366
82.56777396089929
60.96108572855176
73.45932563407442
76.8796320514007
55.08815471724982
74.87749509860015
101.64497655456096
86.8667156516205
112.78857335737024
125.15628534489414
37.41272619650127
88.37438746898349
32.09165907379139
69.08289320150202
53.71319209242061
59.121377070678406
10.26507151908032
68.19526757036255
74.36576828116185
87.11577336666645
120.31528963328097
82.43616844356038
69.08527627164422
45.9897989793534
54.714545873384104
52.80999050850317
75.53925685886782
116.22411971711185
96.69867710656068
33.100913324088765
69.03512562431389
80.04633605359774
8.282376661320678
88.47132337718168
52.91656802911027
48.11376423862995
47.853392106117255
81.60268800514928
42.171258795979526
46.83824644961817
119.3010230129056
96.06930488183548
66.91120552669824
90.90330665233796
99.41863541625217
71.40419449711808
14.126871187770018
87.05087121728317
51.36519214545429
68.69863822257638
66.17045006187358
53.25999278182253
95.36547824825581
124.32353901294283
78.21732679607906
54.80191505160074
120.72085967884004
95.84065056988257
91.0265569169129
65.97439401373481
86.30898354279185
82.05841540247641
72.70907045691551
84.2182850147816
29.36737711378379
94.02727075656983
70.7199726524752
63.754509174152695
73.53297847677014
38.53156450440479
122.99118148804347
69.60939053764612
74.8526961052658
119.1776193584856
33.61812943847705
93.60217109534011
114.98201264226867
111.61753928707603
6.872612919952802
55.595828785923516
47.05824639207661
110.27046828244585
118.44753480921722
94.12200620316173
80.49894384361853
111.93075166869093
16.315149073720153
71.62308698760083
49.97785317119468
52.55533076948112
76.34886524730682
93.2180682554989
58.37566440744691
42.51021577041031
40.64074591958685
116.69118532898807
53.85312051350089
106.54337596496798
113.10603715843325
39.9756811719036
39.57794325888679
7.078288469005973
60.28580661796553
45.81619538415525
98.88138816441821
74.17366689137901
51.12604228682095
24.314415884258654
36.30579930551126
82.49040288647872
66.76875446662892
129.03466549657452
50.849621305714884
59.655551420835
46.79804011473884
115.06974772241529
26.548262646459136
93.93204822065661
127.09057866743805
116.01020596974661
49.77021905935486
83.84940720080854
49.710906394411495
64.08129566021785
50.64561893198206
69.12189236714906
68.11471705239308
122.99187750250735
6.525766094199837
106.06251365493293
84.86066605860168
54.64903385955098
123.97263933823369
26.024019148725664
92.55379394249508
51.525663242925106
102.09368808039869
45.10321330494874
92.78384396964562
23.913435417484727
104.40739366039615
113.9568956258133
42.98689984506812
37.542508133946555
91.89623452691214
79.89261529649134
105.74911160604758
125.96479321816338
53.46357486775567
122.07636658108487
88.57590773417817
93.635105044998
88.92212683876613
81.72942999455758
98.6249332477077
112.48397964098146
36.82607516349209
114.61758039171085
72.64481812439485
36.97220704806709
84.01431987688068
15.385786438872929
44.36364571020351
63.4115362405085
57.35364180958957
137.71035590865495
64.25721442497405
76.5539158378637
69.95874986289093
72.53968312070928
90.84846367073737
60.69782548021552
60.696976874619665
72.55543071328579
45.57298988078126
10.45438075548205
56.79954971850218
61.664489342344694
43.45286574332118
60.395635099384016
74.83924145717212
43.30054195572821
64.13732696394493
57.23836305898671
75.96670761391431
133.310968003622
93.40663552038271
23.345706171895383
61.755914230937314
52.396360145932626
71.66487479329216
81.84380311347876
79.6908056761715
117.53919149775679
76.49639643028826
63.98745954422809
115.96307967580753
28.388954875899227
46.73447775490613
91.40941366262885
85.30504039416411
88.68521365119456
29.267413755543203
26.894243856276873
50.93519151708041
78.78820762518617
38.867017951418916
80.48430552791467
84.85975134012243
95.71026956256328
44.45937599227864
103.26955098976137
66.32065934732775
52.425740412928604
63.64776322193641
58.28583949549189
114.93182239446352
35.35730333567735
47.418546390275026
42.609148152528356
63.40246850513149
88.24301193553147
38.98476270831602
55.20554870096595
87.52343699442412
116.8821019333283
51.55048997173549
133.73441072217324
31.59011756252236
15.88601523435516
26.676051158934037
39.29657190998571
20.9454744094921
48.243816923229915
42.2467244154482
67.6961845006596
28.79888713420958
106.48187347293151
40.293671114255304
77.66562666896696
109.20662438677041
88.52572915024314
103.94399042001608
80.73070601314967
99.03186678548792
37.46216799445666
91.91029772944799
104.62978555368827
40.28765050169884
51.65894770075307
80.18325232880277
116.51108997597672
80.5859223914762
93.21872081006336
29.038388082294382
25.83772342671741
75.44192601505816
36.10534282553884
128.95485000589235
76.24928728667282
69.98831721600443
62.72489472747537
26.432769862812215
77.7161363591385
101.3127789764805
51.24922298784407
53.75740006580024
46.78601258411753
37.89986037421296
122.38058177326789
27.514810910814766
65.2655842006914
70.99286669936707
84.71877315332058
83.38930767896642
68.92126251498607
72.41500528529221
55.22279043923504
54.78525189799328
27.44156534322414
107.85712960119807
20.918631862411196
62.65441429624786
69.41536533989316
85.28192142951136
100.15808124798382
69.27033784761936
68.90974854813479
93.08648706702152
120.50468665646974
125.1639278084646
104.35306421451739
38.95407903859906
52.03099665434905
52.94604609520157
51.82212629345259
43.50268242501079
36.02095851500327
34.25337834750674
97.54549042984834
9.561194208500083
106.18969568596566
63.947322449683185
78.72241211792834
65.84044095492517
93.32355369251016
52.71120325715284
51.03489935819587
76.77696006585033
86.46386643943883
66.51660432716031
93.5265739745749
57.38860295897656
27.227199745576037
47.081205961771616
17.69440529056702
77.26734914157282
32.311654543505206
100.311785441891
94.41135808099877
30.20491810463703
48.330095616365135
79.25120037368046
72.81282472458763
68.29814774810959
134.61618852019447
48.80976802148745
21.97365771624397
56.2895555195959
105.61670598373873
128.91508640155524
65.76522504167278
102.128208850402
58.09229987390555
109.04378202281428
13.392980286804356
60.45384634691221
114.28524224895531
81.22855326981019
82.11226778725612
40.11764004787568
70.33480665224677
65.9505249138939
69.85323728261781
71.66300516530745
92.99320093808737
76.82002390561232
31.832216231425058
127.78065347430271
79.86860869386351
43.366901282666646
59.86821602953529
100.40754312401832
117.41531417251842
65.57495855854668
107.25125890393082
78.0451421270205
120.79364351001502
74.78662025067572
81.18135972302971
80.37850648546934
32.933290279260454
73.09857127816261
58.22389013254583
58.58293156427203
15.541105735358094
24.109146117841167
34.39310512168651
63.80294128547262
102.88753008445586
86.01492895002055
46.72071453361981
38.655486833157454
45.34307447527135
132.37627791392833
61.938696454196226
92.87248797178393
93.07005464565285
136.03598398954824
123.49567928587467
121.83165285636072
41.32611593865887
119.63681511285658
9.003285689448019
35.80032518748978
86.57422352028199
88.50070860583907
116.48056223865592
31.579506140836383
77.66689645302725
36.01913225048458
44.58597501602243
88.28270521523973
74.92167085065337
74.6392112594857
41.718647915616295
6.439046425484001
119.55162966539135
42.60229737752244
68.50285758953831
36.6113818636806
76.2111501572971
45.38073599033906
71.22446634412822
37.42211191076339
31.016832724204196
107.46291583121501
81.01522701373824
118.4652711642602
37.610139964396126
48.1856375376493
35.376887501508094
81.33920867924746
86.55028107822748
114.9589889643722
57.01919947018949
48.885761721857406
111.9659167985817
53.92810045988685
100.59554641370639
96.16349767876318
80.90429764926112
65.47643271363653
56.963280549899956
57.544806177775385
78.21214229994793
58.89165104332371
46.06791711151059
44.0000886019126
47.4531878704786
95.04990372061836
89.69599529591079
37.320269500760666
74.46981268826865
43.15431259889367
24.288251690780477
69.36652040599827
69.82848301787793
89.02218484384693
119.3859039462905
35.294215623562394
58.402906559131836
66.74084149198279
52.46917043473156
37.33184946139693
97.51835253621675
37.91463526401484
82.95000694011382
71.9503571767254
29.151683542010723
55.53518128857497
29.70023362075266
42.85795577346063
42.76474006376744
114.98180458650285
84.21703373386073
17.792059046052653
67.80063192575676
64.86529576748987
84.22710694776885
99.21460618256232
79.15525282099225
62.33913943130563
61.175921366164836
41.63118779111755
61.40451725932919
65.02045677711949
35.329787604248565
88.48473519532808
86.42548602215618
27.949955477519453
65.08144723903636
76.43442329600572
60.62721005125468
78.86467403028294
50.68883950804758
51.495260086998464
75.38059395642091
95.99636227362862
75.66733982276467
78.17916827483816
116.1160208018091
49.703460091221935
62.1644562339182
67.582724411797
77.38903878943466
46.09837223016454
120.05177367821544
37.465156160427185
123.59662002654687
109.09934913239388
76.48163577806726
42.787334862306075
71.8427702453981
31.159330756394773
40.19067108008609
100.37574320743747
12.02428950773287
45.99400986576448
84.20177034388355
91.24153724706304
58.28034641717455
40.82151942116394
75.91186991995251
118.30532945081163
105.28538596327789
51.147325499149005
78.97504196812326
80.16629059819682
58.805936429439825
96.95289994536188
116.95272042006565
55.87625958962361
92.86376014982034
72.3287547249794
95.15368018344697
88.44040036647361
60.629606880827524
62.536596954912866
100.45436734184409
61.8801620420593
113.96038795488067
103.92633829904807
95.25731022898535
96.30313388272279
92.68343430802237
69.8301485936343
126.375601708759
107.52750813369141
32.11015822112802
95.56750518341411
67.64486214578338
41.101715143207045
76.05756466072668
31.45590106878119
30.08181711556939
23.20415806782062
70.27543768828787
48.26329197104283
82.57129558579618
52.48522919245871
43.449939557712554
75.88678473953027
91.19638529129851
50.8365716557903
65.84746074211154
105.82591289215823
59.57869578602319
70.57580608742451
27.93637855887827
40.8164708774256
79.22054693610215
73.88863581500796
54.283079844432564
56.6986043351069
111.57433185084756
126.36734594193703
66.11488547347115
93.21660719737227
117.05536554111333
101.62688219939636
72.61777253129934
97.59239291601355
48.12243829920579
83.37666396903852
64.3176417580711
93.80975367863911
125.02186028346458
54.56126113100623
87.66771920689389
100.77107129631496
28.694770460079635
53.36173287450552
25.857332246739198
40.30919098102233
56.79628372577915
82.73636686579508
16.688435621468223
61.59995864869655
61.238536965253004
46.44947905198022
62.63408157450104
112.3785923158481
54.628362700338904
77.53920001089287
37.791057045646966
67.90068997304701
42.93636654538079
108.76303163514854
107.21349725418506
65.52293288589722
96.98421651611986
64.48951324621265
74.6416298583266
55.87122269084956
80.22826397116451
113.4291717011405
52.94301130775699
99.18186088762869
28.322043410328604
96.83126778062741
91.8305669704324
49.72787243566786
114.37105203998905
121.74546841708508
99.2092607395409
71.63678560050967
55.39567519904381
99.01703713710097
50.70677849952049
42.44356793644275
45.70142248336735
55.761029435491835
103.02186096915031
45.82380381588605
101.31531015485787
136.33244034884535
42.3469277598155
62.93835972236449
29.494902253374278
65.60007774121974
38.780086250646676
59.07378095150436
100.18731359965327
87.80272132386537
21.630796820572016
74.35409354407305
78.37307500222849
87.8816183092292
80.78464097160611
45.90480447553394
106.3380303843849
82.84220916702321
51.008436026055136
62.039922847426375
108.98725130894333
99.9705242908726
61.83337847665656
41.20998905625176
70.42323740250202
39.123342865760904
117.38594471441434
31.95735945461938
91.36425165431861
37.13924366897501
26.418748976917502
75.01401826599849
39.31148272118228
86.29163794616613
99.01698655275604
51.400238311946126
67.77234172059374
108.51983949065254
47.748038684434874
37.99236410254393
78.29523652720886
82.44861641901316
50.54219545581964
95.66978712139786
107.89450121673667
109.95853012748573
94.53018471888507
95.55894995657806
77.09873987596728
100.49508913251839
84.26923178362208
76.0804129319993
51.70981894318507
76.44617042174785
62.295166340222764
55.58592036823309
15.007435212650567
90.5410857945527
59.18477294244887
60.635224653944114
30.540323456187785
56.37507989302527
64.61636485855743
74.00514058502623
60.876498760637276
62.97192358975461
51.195160159572524
134.4615439016089
91.50645930151887
31.46581803625299
88.2070857383074
85.79858909014169
82.81102858109905
96.70645632489081
83.52100876883742
79.51049004358966
76.57881785649803
30.926180762378156
58.67657335698893
46.97524317235564
55.210602401313956
51.481086540500876
68.52395925041829
91.70803030298686
119.96935680845655
91.38593762965911
63.08555919302342
108.83509270891531
90.50209202314181
82.4632450254048
46.73203467072379
74.54211200379285
70.10877378078354
42.33140260222849
83.2026128210531
74.87933199674471
62.80810112785582
81.11864503002572
76.31607718544088
73.05690404973916
45.46793838712301
89.62447481794689
132.37794141037955
114.40597849892592
67.87776995325478
46.5707113090834
105.5963287864095
95.58070047077422
54.765816130369444
26.016763315114492
98.69557397807907
92.8282492502408
44.70253261104771
106.31123073924502
50.96988895133585
48.35574204545936
90.97389468301989
62.809480812831474
116.92827768471693
61.427073228022785
63.38184579024678
83.3276812570307
36.62473480304947
101.4241719927017
22.90097922560528
75.8610843311775
99.40066335322189
64.52227618844952
100.35594230422761
111.10433235920968
54.20322353983519
54.46080786863282
48.006987432328266
89.44712620279708
70.72802866492415
106.53721451077584
107.69604462300376
70.82405917693848
37.35604506221703
13.831840699653384
83.36205799577809
128.30997452490496
108.43530929554257
94.71240272215888
81.73268000248643
69.79741627886048
68.84520820446497
36.717895410992234
69.90964702597651
42.43379858633374
59.68588901364308
110.78227350813198
25.333389630839633
63.37980674837263
96.21458209477885
63.409256166953384
30.52301320888452
99.18381402804059
35.358816185238375
52.46583257065067
61.461357893442525
76.58084346398437
110.81654981662216
101.77920641245251
37.63473843528225
61.978993962506564
31.969466799451457
100.37596491786978
110.37659373754852
97.66786377643523
51.10833299920992
28.586023474640932
101.12007531459756
116.8795049052327
50.487739208938
88.37740202691154
44.62230664357446
51.31219676536449
97.7685508165116
93.55709671090247
131.26154708808488
42.46421800658986
90.5659761622197
75.7559241998747
79.51812541542229
62.31750781916375
83.57262742928118
62.87464484896696
16.173256843211206
41.488968550462815
58.890739093361674
37.14162335667872
97.96545423947826
71.47999452577136
73.50850660174181
114.02390122687933
68.26506223125098
64.8419318050174
44.23351368598532
61.26729983744724
122.01299618030671
82.76076966420896
16.31668212029508
97.3963500657483
65.76166802756204
102.48477388070444
62.79319402166486
22.612861654372452
70.39663145356963
41.01255560149478
67.90069003051644
63.94611058419915
27.37189845844318
81.4550682439513
74.86723541181578
95.833472892008
77.6797249203504
29.052921470266927
76.03869031249907
56.380321914512095
81.41683954804483
37.08660016165714
115.91799982854985
50.87396248871179
68.06695871646654
83.15782825404747
63.83941325942415
24.233163806534975
46.20669797453629
72.0118162560414
95.1859924629245
45.56643295443636
62.10111509310238
127.0517439822408
40.80268820893576
97.90067731432733
76.8290817743948
115.36367169052232
104.97225947582692
62.215232253220336
17.77253240651712
42.43281842443484
91.25390422412329
120.0552947661031
62.79021298515394
81.5384009974776
91.42522214228816
31.685269369097096
73.66321976071583
49.328329791793784
29.700084017103848
77.00304524234807
71.24851815231824
49.04854100193637
107.52136436505236
78.41097873760195
33.74956990678937
36.271497665674616
61.830358899686715
127.11402434643847
42.273424661347136
24.246212538411655
72.64827778535233
73.05302406304193
68.40409301376904
53.651840736022216
91.3331140143199
41.28286425262832
15.467812774637318
58.53688408822824
45.68132196469011
64.95857370361766
81.99081936190237
59.94713015262744
119.07287734892168
64.6280756888054
42.58248191249946
4.791472449215357
93.56885561380452
30.062802820409367
34.49836922454611
68.20337397489615
45.484716302456974
34.56547922479642
13.552495047829566
103.4127537920553
27.24721284975903
28.442586248413456
103.10601603493552
96.03527233213507
98.79418929404642
134.27702574848482
126.32961757002485
87.01495726965494
80.0276518923758
122.42765392607492
72.43906230805959
79.36168733288903
69.76728470361866
67.44143108004317
79.04176604691409
75.88959516452869
96.09270790165048
40.59724237301907
22.948299945373027
126.03738635434914
53.783005507831255
63.11845535440086
64.21388697089094
53.668359155829236
81.3367929716924
40.65971952513074
74.63854306135116
94.0382716619277
69.92711833939848
62.331520476668345
39.6421337764026
77.97451996158483
110.99377756226686
94.24653218496992
78.17642217354026
69.30326620676594
47.75378394956562
80.10423110152968
56.138836244496495
48.06855899232484
28.1283883381936
47.438687386288514
87.56771434034893
40.7740401341234
86.36410466631182
39.13814500259078
118.29853902491882
96.14695066613649
50.25313020556722
88.66811693768022
78.95857935196673
81.14732104407318
28.40138373415357
69.29612526885509
124.33695421329425
19.349296304440962
18.97437145106519
38.0671777724911
93.92839320079248
96.24391220774334
80.14022074282776
33.424209329233285
94.89337107424954
99.81045293134329
83.65675853862072
54.58927191049848
95.18492289687238
13.366330677008229
49.88104347890912
109.17637336561275
11.55876511553384
9.115280277523185
104.07076505969357
63.45582985748088
39.08347435599399
99.46747758456016
65.7790411019711
56.95449263128275
73.24402933878352
24.172628019174347
66.823374521419
62.15693284494686
106.84229711625287
75.93170237468809
74.2838391343667
110.17081000485216
80.91858635537425
91.62921771903439
75.62624333733156
39.20215601501683
93.65915575945104
96.07213677143213
95.66129097400847
54.52635253107493
111.17993282498989
110.06553922032099
88.59087329311188
42.158699016820364
91.99641811547036
57.41617282007287
45.28150444308537
33.402487599727664
43.38788062358301
71.5739494189019
43.4355668494545
77.59992393838795
103.053214255752
30.387813648290063
78.88620215089622
104.09407157960688
21.488104420204564
101.52926671324495
15.999183028959926
84.41548853953913
52.53557271105646
57.54209869718454
62.3358051813462
64.84883348591858
57.70883374710193
76.88003470479761
49.91424943093622
32.80750084461926
71.65787867550337
76.39229161470925
94.94801232119207
107.20827704624199
96.85516677483706
60.99996705892435
33.54432551625049
113.39163034842636
31.48963839149119
105.90699149181728
2.418328707578115
104.09461346360106
53.28973488372611
27.36247629910643
104.08956503385784
39.375032428325056
28.149432140659954
69.88776001816271
87.53395749807439
65.70148969686647
57.2130018130179
75.2560779775174
74.90708338311848
92.78691784914123
73.60006666007557
107.62904080265571
61.740663597453675
87.46048400381426
42.670214201777306
59.15014541164636
78.67466450609149
90.06785151866956
77.90213639305998
23.540094191121486
89.6362994676262
60.89521234628609
54.91084558044828
74.98860474519347
72.9923110349162
89.00842405725983
69.96078962264016
58.64663905000586
125.90060333768093
42.030180777018984
81.14476518955536
119.17370993260059
60.86377152885562
21.918755668124366
26.400366700410302
69.10477139231423
29.03232990802848
43.251352410877764
113.39145493479317
88.89174274114924
91.10901575870429
74.00131099586653
81.94517983831405
77.63218957565772
65.08541893866493
59.60636728401563
40.975675237807806
77.21993295274503
53.86169679381278
96.53435537074357
47.63137522109764
16.822000277160527
53.1190624735689
69.64369088609658
131.55696700381438
118.01968218248446
23.033516005216796
76.03474732950556
61.69401617554665
76.60198024713817
73.59870409704095
63.30973109376939
26.289500450598673
28.047845053709622
95.31411378164883
23.789291266047016
89.9063262477679
111.8689019032997
50.561152446509865
91.62977260954395
86.0097702761773
65.21580266417998
54.81154274811906
75.9170111737661
67.01061168720916
80.078755978612
91.77980383617569
34.12797736678768
71.0017933982302
56.50998480690114
62.23456059698337
43.68308253290198
25.84137073642077
78.4289868936391
72.7949174479086
31.62963969470533
64.13720618003302
88.40036548999163
44.22539479536175
21.74360243102146
79.12753394830743
60.540701574896644
26.32442376155671
33.957160426620106
32.263843033167944
59.09872592295467
66.17476277180464
14.178960120919982
84.47323580760136
81.75896905683297
88.03782871326457
58.80565046457182
54.832162616458376
2.6971585247813388
99.24096963189314
43.42161971191763
95.522261557286
80.5032377421944
66.64057058368005
99.72069847212998
85.74539537118008
120.84405735419455
68.97672994130113
48.47969990065502
47.710302193981725
72.18116753914964
103.91772865911878
41.851792576338134
33.37629673593215
74.8569390014957
63.397041299551205
35.68866820851703
39.68207271871279
80.6146138413009
50.8915625093673
14.293864333299457
88.84661822495278
93.69863360017361
132.6834681151734
49.75162543834326
50.72440081928041
46.50490052936687
105.53754385220114
129.37208772266024
88.870943731469
81.88072627144086
93.90199295142895
56.58492560965477
101.58890504653152
6.257515869668415
66.8553262476476
78.9945454489588
67.3060301502851
42.00333160376494
65.1693752054422
36.99295008213973
72.8048954162685
64.75144385880726
113.48078526037867
7.776492488997398
47.64733110740194
68.76446394346928
98.9726111842066
10.760192165576775
64.9086752594626
95.50024465461013
91.9816871019304
55.68222432275513
30.739167300344278
81.03988063836881
100.0755485349444
84.27572837380242
78.91610241728202
127.96473496747114
44.31258210305512
95.91071815450232
59.90571276900477
12.141397107247986
15.961335645472573
134.81937094965625
39.85190156779884
83.46584308428703
56.78138379488999
103.11066777274628
109.83691136992411
84.42121948247276
84.8033762878197
59.993831744493235
80.78823648130536
58.68076378531874
48.87320214362467
58.808815476363996
47.06204164255385
34.122637469843234
111.29019960307014
60.88633451143971
47.991008549481776
64.1408080962809
51.01222601996132
81.99713763125159
128.02045522328945
114.15055188764855
38.46516184448707
20.275750105688076
56.23376117060867
127.18087663282694
19.39178728030693
96.69645999897746
70.68148785251371
68.88476590997756
93.501591857011
90.20149240477261
28.11960150516545
80.39779815002179
23.76117217885059
96.49258859427067
49.72928783732756
122.34954986537194
44.261609256194845
85.05298688657501
127.27616756817278
70.74713196613384
109.90422044166588
113.91220902489626
83.14750410067009
107.21205159535344
115.54663259077796
71.03401311773733
57.100253939088795
131.30984067771195
86.16090612429868
53.96104965604922
36.76574714085584
108.8881573252934
59.9253566137
52.223383576846764
105.37383961875119
50.90042190422724
49.20740795470056
53.28697040656441
80.61043859640587
8.803002002350006
77.96442133197411
84.88211776101538
73.47012003652026
111.8929416444713
47.61019386365253
86.92275938146952
67.37918221711669
61.68093876005423
102.00464935341539
27.87529393837983
84.74162319855263
86.30267464834284
99.62494566232463
83.48339993284677
28.011035732519225
115.19895692451135
91.68529066211894
61.24504345536223
54.846098875635185
90.67446551610672
48.92429202247764
58.33827923851423
63.50800753288736
78.99890787587061
112.1929174134676
87.07833079144683
86.4522340113087
104.42580288222985
37.502234032494435
33.096964910326584
102.84144872140713
99.1168629110519
45.761707194885155
87.77482873481438
83.70451495235498
66.36549724617389
87.99993397108337
38.45806924036084
53.926663786786534
59.683867584910615
107.34652500479322
42.992606295045555
93.10730248242236
69.13143991336965
73.92780332112241
101.33325387135233
74.10132771164855
136.13058781898596
76.80125213540178
82.8535151000453
90.37888068011551
66.48354129420395
94.52677797173402
30.20737211605233
87.66059170605033
65.91213359625817
43.29149212202457
115.86353419869157
110.55895287429863
116.00530363022438
113.67376031564633
89.39193419438773
51.34592114180044
85.66145264613769
116.49244933775242
110.19850837939455
20.27281030882566
123.52315892548457
58.10582739453626
75.55160115019494
62.29740768990597
74.16069987687537
106.47259152915792
47.97650222558336
19.859710692397023
60.77861141352025
118.956143908563
72.9332812256105
69.6716494373088
60.10890570146992
34.308232246635924
66.54393705239302
102.03882599760547
46.431708580710016
73.29416075080147
72.23885167214277
39.88853489671036
16.57179645774898
83.62470139044107
78.47546605162498
11.527456376077332
105.02795507951285
25.24544302255873
127.11314725221709
84.93546285582667
35.75038139219623
123.28203655289437
114.8568112875861
60.40232382691597
89.16729207183838
32.723391861548556
53.36193198296044
64.397165430863
62.38628631621114
94.89756481289174
42.30007356944988
90.68122141624835
76.08392255581339
42.760610489265986
21.286990543606418
125.60562036668142
123.33086189901061
80.99971009068649
88.51283093495276
31.21232518057858
26.274273127366737
48.73903498092826
66.40394337122177
113.87939580447684
16.048912889054748
55.59600564121719
117.67636615323708
96.90325122938259
52.75754704910334
23.900744607760085
69.04016648107707
57.025933580257984
58.01134016655805
86.6549686777672
65.21076136612109
65.23112810741813
68.33744264076354
39.142955912702945
44.961573242764594
109.56798580229855
121.17288001846613
106.57755554337933
114.34622348200904
53.21683363295476
55.42715243981302
75.21632707283501
94.35476756430238
54.04427897067196
45.04092175506433
68.72719431788869
103.48932133722492
70.80794449098677
73.6303587754237
57.49512627391417
115.2646378265444
67.56757546648389
49.6694314928295
107.07861139515975
73.42295328436238
73.2837227915511
100.12529496227476
44.83629322167887
102.50137140044231
67.91936646223071
88.99194991011352
24.296629422800148
48.85930407911549
62.943228756370395
70.31260086006091
88.52393683017033
31.357710025943753
83.23316105618188
35.31146333181094
36.36186684098956
55.72384441156097
66.73633821376083
48.59285665405174
86.17666161976436
35.78471744005183
89.74027929781548
14.610706527638364
98.63727584706
71.76563806322284
59.73294948304347
57.029479191908884
92.70354960794661
107.67452252960595
62.97161476814777
72.0833884143754
95.54373981945085
115.11284378659352
90.26644966986068
86.36393861426285
63.78920818918677
69.88804100701978
59.91260686735893
79.31808137961286
63.430360632100694
64.22716952502898
57.636238872351704
43.53194059922555
56.553969053623476
22.704554897987595
95.48800304352078
66.4530591733041
28.542661039485445
55.674388068646834
94.9387011954243
74.52721960632007
23.649391711693475
92.55162142588237
44.50142008121669
47.62461341231909
7.704567114251528
12.355036853038051
91.3051675917703
25.42274666304352
83.19204477379627
68.88737416484639
75.99768879778688
92.3489709678158
5.756284941835828
54.70404166587003
53.52188919595791
71.27213567982196
56.71608251115789
69.00041395967779
35.628222673309295
95.28191862485833
75.05211565664106
55.282269619442914
24.112122615934478
43.12551529116371
75.01008456676949
64.84197831075119
122.67846570712288
40.69895050622975
97.21687968933483
92.62867120106341
51.295045678376084
39.01695265934643
103.92219525297688
80.08376312007158
75.43505919649884
96.40856375673643
71.94904206433867
51.59384643387729
32.53265717580553
66.73990400162367
37.993000137638646
103.37114167369035
50.72089647380645
120.58228152423953
69.66080241057402
47.64669692903396
118.75974341949481
117.15541848961682
101.9286056027037
99.33653792212937
85.15031141086408
118.64973424887606
41.384428990314795
69.32633077214116
97.98907884421428
92.4413392741185
6.007698778468661
28.08898955010935
113.6110157680483
82.49281601372664
66.00377280005227
99.26647353250323
76.72719229204553
51.24129844754003
40.32129199939689
106.76803395412463
91.84802446453838
61.15452264013561
72.60134581623402
113.83105901923962
69.13892480127421
100.33560704594649
100.24918893787773
91.6017037340377
60.25935723202524
38.811208828927796
69.95170715939443
7.353750619476045
28.479676712718202
77.02657481851952
109.88820355819104
48.314434960103945
49.26558628478932
88.29015037248271
68.17383813928194
80.91907233125748
76.31691630782272
44.63521655204782
73.14082981614398
19.621888768357742
55.84907812353474
63.44289299317337
73.28834414815357
37.66424473593729
88.33049804069177
28.611046513276683
122.49694775927301
59.49448601262432
12.244935222368998
55.18137005733976
65.64991483153352
97.29126799293451
112.40058139202299
18.51922131389552
57.8714449857487
66.27966493191666
99.71463598025736
48.57586737182889
40.3715712032107
66.66573919733288
92.76388951639048
8.686164423151723
71.09995972294185
41.70673753633274
46.47506796820227
17.55056460773782
120.45020416484317
66.58474423848115
136.9960457159529
69.1994491445137
102.60701718813044
111.5838100499746
59.021292598549024
44.61380480215992
36.588435458239225
40.920555617578245
51.9802816086601
97.51773675628084
10.706723727259469
42.82063124581119
59.652716210531764
82.40606914866241
68.29221929041907
122.554734633673
129.37318413795236
56.568990204833995
115.60317665224171
62.65687446513871
32.88717531968602
112.44016770973826
46.47810741595296
91.75536744274814
57.64927173967648
36.51511223879348
115.50644102390726
77.20162449937607
113.31036873900793
25.243760133970454
94.962101826884
110.62273153153534
77.52567175384124
55.506608020994065
121.06066098090258
64.7321931288803
56.37768485406495
79.64029045477444
37.206812145375864
56.58967743529239
82.18589848112208
92.81517628456936
9.8528229382531
76.15213515952206
74.53583034908588
111.96279061176327
76.68695091453984
48.29671411201722
47.8176143177904
105.4667306279095
70.6132635757554
68.47005971132666
30.27536238834884
75.4227839442237
49.020195840062826
20.7072463820043
36.69214462985421
50.25540914581391
77.42822834085912
26.112398194119756
73.73671610653774
73.67440706022815
61.1942609437087
15.814300234999948
91.63406176158334
78.85481857192858
83.18499158747689
62.87325988991117
83.87279828320905
87.60936783633808
89.16347947369789
45.80104887476839
107.69934756094446
82.93205746523566
74.14078581211093
14.76418775337657
135.72048593385347
69.42094537825427
49.30904246011174
76.45598325681635
60.95734176262054
94.2784712691574
105.11110874583869
38.54536232334242
40.42060810494258
55.558043622320334
31.48345385324547
104.10892538310938
76.6893290950361
84.43098715809681
45.20258666692524
125.72134536913505
107.1792694100402
33.81032798098952
107.7283533899637
97.22906951646858
86.59613501942954
87.76357267882857
110.17284529927731
50.97128463457635
24.79479741285302
32.90683893888929
46.79719580591493
88.99726455545488
51.95246503676018
51.029674618808635
63.50401671673168
82.98335777437511
80.12348389511125
75.75144344378278
40.545157905297614
85.60290252505852
76.94982494901393
71.6302688806898
70.02922477666552
87.04619318141553
64.40305858064616
68.20905972034986
83.49256709200674
61.05634578985429
68.71606856737026
71.42086658757694
89.50524212019737
10.057792137750827
26.02101505714725
101.32795166775496
51.54948203277504
65.26533730120593
94.53165822134577
95.64377531742149
59.84057335251271
96.44047496463023
80.99780785563055
90.54170528441095
66.16449681582166
63.78833660809023
68.62860189199476
76.90650395487083
103.09211256688553
18.410153898283582
70.65087733323844
95.15513758572831
39.95355185696491
50.01880779466519
71.66956416126929
39.409235189019384
40.4495329645619
88.80662021329563
121.14885921732582
75.46371062212198
46.012231488321206
125.28350012747913
112.04653706419535
34.68916517780764
60.132563238057486
78.38192660505048
103.60236814082722
59.72891114737121
96.56254592703579
65.73888130446372
22.257234169883972
46.19015612113095
117.84502980150214
105.00874633178705
95.41221917482554
64.50571334208496
78.82263800001691
77.17646495143688
56.326168197257026
77.92545537799926
112.8523574412618
68.02543619593624
67.12373266271153
92.18924898061155
12.538643274862409
25.85665351314687
99.47142076059517
47.05142667057813
99.49309191814038
85.01293477207334
107.19340715325019
52.66170140184217
82.48356994205471
96.43039724842971
62.208017988260565
45.70765074646061
22.639519294191313
37.41819931631461
60.08457227323899
65.48626646161878
73.69710839851534
93.21503193192052
65.31047976792144
95.82311312069902
123.01851224188584
10.736321984453607
71.0300773104411
18.45984937870368
79.85579268779563
59.726858130461665
119.41111719295387
19.347229578907505
57.109933322859746
32.258014199966894
83.96755900911748
68.7381847843865
65.3327953914771
70.34999240243086
54.10675695110546
84.40729709611178
137.66206752241334
60.82191673337064
59.633121731709736
39.33018164271142
134.89897548517555
82.9877126402255
41.85273784522829
12.546235746033238
76.47077241027182
54.57376668432511
60.6465909160567
65.77001960640825
100.65357206559679
35.73827598153172
91.81547887687333
48.075774949349295
73.7521425358165
84.28780801691023
43.48695272850557
66.54105142270188
80.83605603289662
92.50245439533177
87.75859982612033
125.50430266095194
105.65124559421466
124.63656950598244
100.34192285207247
65.59939341655728
104.18829344804308
73.0545537611286
39.24062645122986
48.387983234942254
46.06158716240738
48.171782608172634
131.85413702004564
66.7961265567265
93.03678202272881
88.34838434110763
95.96298820310855
113.50257323919134
30.21028512835737
81.77668291173735
2.9704455411213524
102.95666228516617
96.22350762245549
41.86003570257277
116.33400102301427
18.24884186422642
43.9815181919931
26.7047707577155
106.98563413991883
20.135720666153055
90.93322628178251
52.78944728663681
50.40595270432095
103.59312807238729
96.17870180862246
69.45003764299442
128.19756590632812
95.21517977663098
59.186444530641175
68.7312803100954
98.96341728236719
131.11033895701758
81.12434979456184
73.14078300310082
80.73886724803367
67.3328286134373
89.86510015929227
106.07602492111921
132.0437753104846
75.70944266792836
103.2952370701463
71.19007506349881
111.8347274744123
99.64601251203416
85.83240233623953
119.51412726948587
93.78039417414185
114.4338371659374
55.27684246000039
84.04479444918624
38.13460547914032
49.326854693303076
61.03567915988942
128.54678226796608
84.20778358254873
60.653054921075345
80.98910962264264
96.0051500431814
98.25732894018967
103.329189076644
71.27068796504963
56.29802891076963
86.14697981540004
34.71043716440777
48.402076454496424
26.05501685427175
64.5008995525032
66.90058793659577
108.44136866007103
8.771648879472986
36.01435546166059
55.266072564900874
90.64476877626825
56.55193307507489
97.20280544178804
79.63922003939494
50.84056543938018
99.55756055369007
59.46299423413954
64.44390115668998
43.96209803142405
32.63419343095598
99.53187051585557
51.290476051750595
97.39848925850846
50.280087173003224
74.21875080720046
79.06493164422244
70.41446545310524
57.11404061414515
68.07518909290107
51.2932973471066
66.78629289528533
50.732245392400536
50.99626090175005
92.42847484233675
95.04195229568789
61.282118778348966
54.20186172620038
84.87072839027945
80.62769363941892
54.66639404011894
81.80267437670108
117.25025256631542
81.02112133382064
91.34368299149315
40.69044644274848
101.28446326527154
11.564841243360076
92.23837842531576
59.87906588514854
92.74616350415664
61.10835396506987
36.111883842539285
127.08979359081582
108.63927148861728
112.13734471235213
96.56200763102187
76.51240601151774
126.8841177608781
68.39592389055437
39.31989781203
106.30338614098125
70.26638131422631
94.20417471423544
104.42965276532041
74.93397276108772
3.5166451087459913
84.51372619858694
28.953208220354497
23.9570358648997
74.03665887184872
34.67605632613071
75.17023472195665
77.1194578769016
65.673143498215
63.85402040252639
78.1674620081994
87.38905345438471
64.48757516985819
68.26414525751147
97.6669804877807
83.66597012536505
25.46578720209411
44.840985341687
23.80770653039364
67.47517185960075
96.84530352909832
73.50737619013387
40.711708334108835
52.40818048277001
110.44775613544549
135.78443030680586
51.86263680455175
45.92315172958257
89.41648197383492
17.227480934997267
9.874239089582815
73.2676400755975
80.08602176980824
67.55549606521224
56.40623793207573
74.41479800378059
70.13359887233408
83.8057828949533
37.8414415847321
75.95314392276516
35.54699908187197
84.42755280885598
25.69158600177238
83.08783788849745
58.931622139179815
103.87176582785297
68.537158022683
84.50353839161959
82.60577355325158
25.03886754171348
77.75319329934382
22.697685239481466
76.42246335867054
60.43938884052123
71.05071412337462
81.30005232912463
11.477795906195523
78.07333315386018
45.90790141684908
60.227960045995275
94.82849732548846
73.7235340059996
63.43650761832841
96.37662741335023
38.63545044170789
118.22149724592836
88.39078221105025
121.0887326437661
105.03852728868043
104.42648313873153
35.345187628311024
74.47582977597084
47.33874658444858
48.57989347764979
28.627524240612058
34.715378032228294
53.14874680214601
72.39340193481652
73.02969595722304
12.357707651256467
98.37815656365093
25.15390343845644
95.90962139010394
69.57743653202711
66.94369240305727
98.10338635702458
76.37232758702483
87.70462457623894
40.81942029864274
32.19276777022104
71.16746163827153
76.53746056579834
45.383650622421015
63.34918018212905
106.18571305122836
70.91883005827097
53.5387187336612
74.77058220293043
107.22429596046068
86.82237268517203
37.93547622494698
116.63989796877432
24.978550523375546
56.73496186654326
49.81260149671943
23.50804590219365
76.35527734769083
85.63388767756311
63.18726167164924
64.74851046122147
48.634668734941506
78.21875682853043
58.64194762551173
118.48372345476264
63.10015429179789
89.71078747954355
91.07622269412693
58.43476426750361
68.68386496412053
44.975280581758916
53.172907212364244
96.10039775096193
22.40640107705948
43.71051532894519
60.674217416144145
92.37876857954359
29.360844365282624
36.50691288143564
80.032311277986
11.485264698805727
103.67821358088352
89.43197989051227
43.41843184768439
90.22902329100617
110.51978722353272
80.2539030128752
58.98467595873284
62.786373956184626
84.93355412321073
60.05316317676889
90.07180846651514
88.69061187474912
73.66974261965488
57.4822599785447
73.19251712927465
26.225993530064443
46.66012882223183
93.04762465945055
87.29494465071865
38.76034552392334
97.78191950258066
51.62067290124607
108.24748171418433
57.61524734521408
107.50708072220972
67.20152491636514
63.50300616958591
65.6619317053559
48.467848132117936
31.734398669912807
92.30704940812853
86.94306828169121
114.84206269433511
119.10575649329344
25.49674210510058
72.4979094917386
131.75457068519162
74.3259172631588
18.39166204856162
54.22511748303261
32.39998103769079
88.7963805513278
117.86423548047634
99.48108629141493
58.11870700923711
119.38529272936745
12.824979436454157
87.24267750584968
32.475523965706955
120.74451140504408
22.15828432747515
41.77001782925441
126.7976260001482
91.58186815819045
18.22648917086407
16.55681385101154
103.54106154400985
39.301528783767
49.52322501915684
108.28418954543505
116.8754165373766
110.29060211961493
56.068084794833496
91.0771019315485
60.79690250308483
93.30095033206827
71.69006058796964
94.43736668469066
62.80078845387273
74.30616044587453
85.94300687467782
63.84717183314273
38.9731091105649
68.01836100166054
104.42516973635122
9.68672608147229
