[X]:
4.406194770220873
1.6290806052225881
2.425286272076266
30.19755186846146
52.2039220828127
89.3482545758606
76.450962556538
42.27692845437755
30.3997821538329
41.974361951659525
19.055033453867765
47.50234941809188
63.99424880044754
56.539694474866344
71.24686938209459
8.456864122928431
44.31840913827892
80.36795813828093
40.95537572004169
98.21288142814645
20.920568884740508
68.04110396242623
81.26328493792869
29.35608726776072
75.1743763324438
38.53146013009825
71.47600967297178
9.699948453427465
43.96975182911205
21.20250019055988
1.246526712726903
50.79664011690732
94.61546138216104
9.808832244305265
31.44784352126925
94.69320941751762
73.77065636095413
63.95075353612448
10.915839919466874
8.01828314600156
18.12657737270745
62.92304515305827
59.08846101350237
92.2649284194209
45.43300127962928
1.4048788716231608
6.940276530363654
65.55933742807908
99.53415093931208
8.95944257653014
53.194396220598485
87.56494140018309
80.6310893183323
84.09306113707424
82.15308460862678
58.48856234970311
83.51977947539424
23.316915794861824
77.79348669801522
95.33121742911061
6.397075626373505
49.16512409521001
50.2309222779064
12.360365749883861
84.65688773275937
66.32408194531834
86.75212546150696
51.95030710777052
24.98712511751171
0.7592481188959499
98.79716069957921
83.28127125913805
78.70560946264746
15.044198728811853
19.427405233006688
93.70672532033618
93.836280382803
7.93110850397416
56.582259808035694
78.86492495298407
48.39112078398761
50.676428099317505
31.073288491886952
42.26682602541339
80.41305368556438
96.60703881368224
94.16134862700608
12.841344591134229
73.66035278646501
30.529989043278594
75.97172548416088
15.062809583721803
45.308207474189366
22.532356475009852
27.101255255507738
31.499864142480384
47.73575265972559
61.343611332728344
48.287478375260775
67.9106243904165
66.59058004684127
19.65962431509084
58.29383724892221
15.455246241759102
26.108268132661262
1.429437727922478
24.568864141870506
22.06534608631694
12.35583882777208
61.77975945475691
52.17617504448654
66.41554942931587
5.527700825935211
99.76636591964426
76.2694845025366
91.97596231752652
40.345181028179965
62.19346131227361
62.33874681670216
48.85174063135354
66.61066750320659
84.29881727609376
55.41555881675443
72.42670874353739
43.3503238519038
5.223120880680754
52.83790131225188
86.09988012535236
98.26199456383074
66.81237297790364
70.01502415012861
90.6380390297509
39.83294108827587
17.24235443984866
52.742102981574405
25.92466711455912
47.979022174021935
65.15789640164003
94.20567441888319
60.07210725841615
98.54702641715795
41.84648562421954
4.132056114312754
83.08051586596656
96.4268718684629
87.40607928311502
16.47636488877683
60.328119077642185
62.69602279674314
21.600282959559024
82.9327651862416
31.737537111967583
52.2309589804965
4.5410628937173625
90.95818817219268
21.68707320677218
44.83446575726175
93.10442448295393
7.700694893474136
99.10777412376837
17.79298725827161
74.26766023350494
63.9830582194752
63.26857647600564
77.59768720955161
56.89825741033771
49.906110966019256
63.731528475144216
87.5458684624985
92.22480647783533
25.09056654802445
72.80293935862633
13.99172031360112
97.77857801659175
86.72261306310537
97.61291992479725
34.51771458425055
69.91208775237186
65.84376095754388
6.193718474930132
5.529221742299373
40.19770912858144
88.65877270661738
18.130825268482464
97.80877073436898
36.31752062539766
26.742436864385468
1.5035192286979027
73.77305100766152
47.440486448138266
61.85567368964472
67.89873028781533
57.81851602148749
12.406225778362067
82.8560959930448
43.66701205366963
44.391650928576574
4.017309365150689
22.154351456174282
2.868657063317326
37.311175908233686
57.66872501770129
36.79548732609179
72.9545449437405
66.61357302270892
96.02401495410679
68.60195556713535
86.67236046210178
72.56567095826347
47.177437815648894
93.49822266203766
59.47432722672532
65.93416292516872
44.13668113061004
48.30954948104571
70.75669563438512
60.84710824356899
35.833460097215195
2.109134581131633
62.56485033251259
87.9239526856235
22.093615335206007
53.39006440689421
93.69044778562595
36.397016388298155
94.9355110653071
45.056318907296536
93.35721864612375
12.742500307645855
67.29549465789201
7.111956017662402
31.163921388815986
94.83200826848721
0.804880835450017
35.1420881335626
86.03455920175072
60.531224976714896
89.12814157456637
41.566760360896346
59.14619577735611
59.78323464437296
28.675500256982723
23.098906047905764
69.15368722056064
36.93601807918494
33.28172666989555
90.70296397610016
55.311332897971745
86.75137455565428
50.806779206909155
20.74592524840375
44.79583659976601
78.6092380312624
70.49203011137467
26.956068666935195
14.891632990865578
73.83591885593391
75.6817335717504
30.241142167195058
66.1645174742796
17.374895600749664
97.82721589096481
60.724136373982226
46.06107735681899
36.8208008443511
84.46178930487766
71.93292103536928
3.818221936763644
25.58347258160134
26.269413496374504
0.6720976091905362
19.88459840939659
26.699256166592832
19.456090861016385
68.78345491305623
4.0496612284202875
90.03934517303756
73.74616430419792
11.36737248617603
17.95966379310737
95.78587534202703
93.57417642785894
40.585584577534604
7.514879308241829
68.87822841760742
88.15063582999223
60.994409201870845
62.38508099985665
24.512013816873623
30.185379346758168
61.536666511652506
98.67005058055426
33.8404279891994
77.65948913505332
68.65892503907054
66.11175984893596
69.2683645333639
57.36967007371808
47.2422076609186
2.9441816720273795
26.285974675793465
56.93890651989302
70.67242686742122
42.92781867346574
9.769172146832583
72.99463847979194
70.64855361729391
68.71481314183302
97.37497406611439
23.911347621128055
55.34805605615446
38.639639294203974
25.775162685325547
71.5719889911975
19.270601531108255
1.3062296155838315
85.71250057259655
71.2139575175122
30.301999966051106
23.61678964691819
0.7851795192488353
26.727848609801775
50.76187737309038
50.37362763702629
53.137724940609345
31.626334282274016
22.307519026219136
60.035256613918165
45.52880382395218
4.153964154117107
80.5770279957326
45.00186797536341
88.6143383798881
87.90520896094807
15.151292837804531
9.659782695348685
99.04199140888863
68.25236346594899
39.14286875184989
56.256148910978595
91.27664009012447
72.62233628753762
63.003873280076384
78.13953705766595
97.6191488433523
71.58081698313921
96.16460524664038
22.400567984263898
39.57219940425254
82.76198428955252
70.53244170307573
42.83191883770737
32.546332718118045
84.63623478230036
92.03346222699669
74.65386029584678
72.66724782211685
21.421395007206534
18.24512899062669
97.74196302222857
29.59830584102966
2.8287679461722393
82.61509462619291
32.13870931687991
27.84652819907958
1.237462784190746
98.8038505855206
51.78956074794762
23.301849140724475
78.60215101671152
13.291397618875111
60.791767105438176
61.45631443830031
83.77632322975948
42.11438185318413
98.34239985888028
35.04488954754399
82.79205321098323
78.12563491251804
80.56125379039268
72.80269661067703
86.7898154692561
98.52158523456634
57.63046650273057
25.286818647523702
78.50098224340371
59.89176145919054
65.1840607236473
65.92654916831516
57.12161401040946
83.41962743705767
96.2939021119583
90.79060487084455
8.914857323654124
17.665935150472777
38.58301073972744
84.77598710781884
15.231722068906716
33.89687163418539
88.60844033516531
98.6889203354782
62.40657819868104
96.28265085983352
78.67019721261842
70.21032603176094
32.554036440377644
29.48498867295757
45.933526505232194
83.39912067509854
43.90580727631516
46.2607073804256
11.127605360292737
23.606752143634225
99.67713584772787
2.8100135224047307
31.436425213723673
95.62830216246326
14.349702714366586
46.91191674117243
84.9706668212751
8.666509786019816
91.75354447154089
14.984336206451076
36.44149363820186
55.371594839488935
58.88749885167278
10.320131323929449
31.595081296944215
96.14071116492839
0.7162019253958207
75.17036531988296
73.17736857391513
82.0018689549549
42.34712270006437
81.85928907834081
3.4641949038350606
99.36359813958052
57.44915546132575
72.31202642338005
79.71207765055954
72.4131015784696
97.55913636997036
61.96891587468708
39.105986506041916
84.6754657742516
82.19578150268774
17.97541458807993
34.12868816682465
37.28627818980609
80.77404841377134
28.766400272714087
3.529306711427438
30.742816959295993
71.94433069391556
62.62038266078035
25.625312499559648
18.7813844092936
9.13598046707833
14.39452702673436
66.854575199563
80.03180994626912
39.115076883527756
93.53891134195698
17.394602499186306
89.66996093582274
6.377985929058316
15.564141277327725
88.98432235232711
54.3445391666048
1.1829941023081325
19.617683695184475
75.81769102047434
79.06046389194994
44.872028890039715
76.11103984421888
16.652359398151205
92.5771026215368
46.291889494272084
77.29838297601297
89.7391362390908
34.09880749212044
43.04966011338641
73.93647731861772
99.24603248609291
81.78601373785884
71.46224792579169
36.179480558172195
13.498185320701472
91.04904231626654
48.6803901969331
7.479919870525675
57.0326358352047
64.58176615994388
83.1444858225552
48.41191162784705
43.99164377522149
45.993268217052275
83.6055914247712
68.53075150076428
10.977373009641445
22.4408463330927
41.50508741060115
31.17812118580924
62.96734590607947
30.439608900615223
56.27638503177542
78.6512167192181
81.30132687009106
9.88511798723909
4.698524042316176
3.006902103348419
91.40506166168488
33.56159352714479
5.401955312737428
23.23626009368973
9.23972301479562
55.68737713198209
50.46276223948054
98.97301762673371
20.704243167673088
15.415879545326948
34.77362559536
48.09355924976092
91.86757277322468
55.854759628390084
33.21009670536181
49.90198951824141
62.559302670750405
72.97957742938854
72.10309274944098
46.39802385906153
12.984259239666008
86.02089902579489
57.69964047540085
50.0765614642839
20.777861146286234
47.511258392775126
68.15050711184067
75.80505865989797
70.64069930664084
8.621019445264311
48.21323479420834
96.42735090082157
72.9929381159959
3.2751797979966635
68.61722977920661
84.09961084611115
22.34141416492409
97.67203741012476
78.75243889524735
79.25125710291451
30.423388928603035
81.44046146297713
63.42096267581914
44.61897928057552
66.9932804445251
52.36492127300232
81.49708822003777
36.07262770446401
94.69659021149232
28.196133919436626
95.32182555134565
97.49643085875826
65.71887458520614
84.16971666274088
4.350727537252186
78.99664994934984
77.88542795520438
85.72229149179532
37.306201099170444
15.101690084594244
55.610600606720595
79.2678461725888
56.19418786518793
78.52736232508819
54.286638647707186
61.840660245825504
62.70542964827176
53.55345625705947
28.698836889745394
41.94083093539518
18.065506129364817
1.1694958796340194
3.672578022420281
92.61174110763076
46.48549341596756
48.16095250885128
27.679931569224912
42.04370115208855
35.01014262319059
65.7043725988879
69.12672580387544
34.11066198744677
97.15098291171496
48.24205219080072
26.7277371163433
33.38836206785991
40.23582158397664
59.97765774176514
95.7324538181422
50.922884678878745
92.08066593662376
6.740727838271187
6.53133058062717
10.486440776190175
61.87010664316727
85.61345244113582
35.91141550057257
78.39380747345012
36.13358417077058
41.993700968841594
22.532778046034974
52.34033916920096
50.46053664878273
68.37218215518637
91.84666119758971
2.3528431619749712
8.677515210031395
99.53330560618137
68.43915588541398
47.28456893275174
87.9259527193411
89.33822883655624
65.38368076781205
38.350918861965575
77.75028402554717
72.25707482442566
57.68388666990163
1.467882132432241
96.94879280953724
19.790640540890713
59.00965897604931
6.260349862762693
20.120294666185366
49.721453926306744
9.663903688691267
88.73622981055924
8.26540902900893
65.78211815005297
3.250203924200712
55.53520234812785
85.10493971129821
20.469551971208656
80.68574784667982
27.028518129468505
90.27290702967046
76.30822911848139
37.19485202153594
68.05804748870182
55.82326796528857
33.90431735909076
0.2154091411174397
55.28135894780325
27.740994939400387
7.051435176948928
54.01457491107343
32.40619116127393
72.95144756463428
70.12671738826558
4.126181436491805
83.70090506456893
63.142903159364984
20.374370810016483
11.316447836459087
60.460796992436684
93.3133878229145
15.301451692434876
89.34914053573304
92.40822243083635
60.2854714238674
7.147679337121793
90.82330455349316
57.5238238318185
22.351553007004032
17.984044948108814
14.38461429445731
62.00927410768412
58.88765099243943
90.11768447552909
53.35084228729834
0.38469826654011774
98.8177642779547
67.16582957216066
91.99514295365128
86.55159028843795
88.64171533945412
67.8552079887936
23.19475048048717
58.33005802567086
49.1505483705703
56.72751039158912
92.77494590110754
21.742356152103593
2.9450274935673537
68.14035501895721
70.2625078370936
23.83202152913593
6.729832937392654
4.2967253951969875
64.50540382496132
19.25190182557196
47.069412760917416
84.52771879805441
73.6648298211806
19.648776859362528
62.84812010083346
34.38132822685124
6.161397689898395
57.9592427074344
27.936309431182348
72.95296075883971
71.85461196863993
54.99740264610473
76.61807093279741
90.25375301480636
57.199177492425065
13.945295831080163
1.333877573599107
81.94650120105894
26.663441265254097
89.05203429235169
32.86834951847199
8.031493603595896
44.24850424061808
12.824969958049559
2.588919996437411
3.6242715750121057
72.47965490087608
79.40449974434604
65.24546724565148
39.69873955651985
84.67916373355041
48.96268893200124
43.76631157329191
75.66310011859636
32.759906021571304
4.1063777864093876
98.59773804576338
3.4214982231113966
24.314978910193076
94.6480440404575
34.673093826842816
60.90340295173354
69.54514722087649
70.1393116060634
73.12749889966527
12.1832686576255
26.833698558083064
77.50730051036754
18.92479343689466
48.441173941910684
98.44610062194236
53.54677099933769
84.270014742926
62.42803506412036
9.647042613282764
57.04790286012956
94.6410524275252
90.11053658448952
91.06059731605905
0.5896154870660975
4.505484853841191
28.86804056115392
2.9898636101582055
70.85293406876214
67.16478720528214
83.30716442825388
52.48355841665157
13.795646204321244
48.55135120274097
27.930572051327417
56.49782518662649
74.37019824824975
97.99530234066187
61.12402396584119
70.28847007177386
23.840765925320895
68.62135456216515
83.38518990306027
89.80283101036993
62.31546307362468
84.25082919522647
30.017719539904586
35.7088478914236
0.7418776826123685
45.36833078834761
80.37346984808148
89.43018821035974
73.57893953895875
13.981519464075188
47.97203178600833
75.95761311860856
2.524679093926596
89.4288917626277
17.592013805953822
94.73113475337978
75.71737555233855
68.0210970307667
34.99961465705174
98.74669612850889
41.968428638315224
11.052754542642395
38.34695761633957
26.942078890969878
40.80832150137271
31.41349759607501
64.51068202658917
59.52008271165836
64.43520864065565
16.61202837466541
79.60554885001507
73.5454412823194
84.15947225955225
64.7712890622515
56.55487728935966
32.76282419018405
61.60588509583057
47.291969350298515
45.96873419362024
54.24494500594579
21.875867799017033
9.887669262588993
20.05010790833479
82.13779486466942
31.444590486743596
74.98851992047561
34.1850713368247
24.339041417038445
88.66621995883908
26.909121017293835
4.496507198044508
59.204930724539516
34.26451980808536
7.436057374057892
42.28689074204283
27.710782192002515
51.40149486114933
99.54056750621474
89.81506362797703
34.06668066062279
93.53898927839198
18.7480974968235
76.88635445118892
94.94466797814907
99.6565330879378
5.042839111215924
49.39750455184778
1.2968919287929093
85.35346789691498
98.54343141319369
20.014177532139122
69.81626880808307
4.443636741124902
80.99469742292386
75.90622215338779
55.95422744325488
31.032339248301632
24.924375691575385
65.57119952896447
97.23657675003278
2.0939018800428255
69.32936889379488
95.89696037824903
69.22309381160953
68.07773305658873
34.10462710053136
60.26385212541815
99.86786545594856
78.90989120528502
25.69665932538099
29.71529067914991
24.991214281117568
57.85739290579479
3.2285126495088856
79.8995065865582
71.79716936748297
0.9250391690677318
94.1015651763171
6.997553165360615
74.48772625255077
89.24478514067998
99.75786699787706
33.22383746879901
27.31859800779003
7.6949469525249174
61.644649855614894
0.05319122937652576
45.00065303896137
96.16900268424288
2.612796616526858
0.5929416913950436
80.85489583523584
54.479601129590726
45.302522943499426
46.91300566958107
92.1380576056043
23.600006244623295
54.06558312372907
5.825652121122138
75.25398776541037
9.932467886935948
78.4447869931327
1.6742056760112978
49.11964877910947
55.608740791229174
73.33572640140349
51.99349433224116
14.571671424669718
73.88177075262605
40.91617039802775
4.714552300518415
21.725501895129995
84.27078101255965
82.46371238544197
73.11584161869877
84.46937484283661
52.90978257523854
42.0212489637144
48.17911525675698
39.67026755445925
1.9115019361331198
76.53028446367796
71.37727101910207
7.268038619762541
74.42600623590685
5.758265722604639
38.12368418872193
18.47205348246943
17.777141654311535
85.41733550752627
28.311230691817045
87.83164682961858
50.46155066205308
2.2260039682651334
15.76782678056694
65.39104716967728
53.08539250054526
19.72672437586287
19.392225755317728
81.11611714889139
3.6008613083092
95.72026615925957
53.37549931603714
20.55265093287013
68.37330143562338
86.03209126739138
94.56130504158698
42.47075920614288
81.21322042841494
49.037695306006924
40.06500517493986
58.79052636669837
80.08807068320195
15.250384603067513
54.87780404260047
36.87374682945699
54.864666728709864
38.586791675980024
79.05049463081542
96.26242733153016
74.75106942413994
27.32094269363856
80.21183935914934
92.31575729083865
53.09354285145411
88.60116507590777
7.447120560521059
61.36696234699669
82.67229758455082
8.807544268551803
29.95807353178227
54.49069817464803
42.93159972436668
26.17729664613083
28.115822587720075
75.4575717500763
45.18943990084091
0.9138643510112177
93.03272413631277
48.2456854072002
6.213779319490886
99.00010899552602
92.24240163785498
97.83508153310626
20.084199672809955
62.65601684750985
62.59155172675042
9.914581452163972
93.12330578152141
85.96548918125143
78.85036433948608
38.963707452012244
69.87805421887884
61.88162980713242
83.90833036822173
18.935340764030485
56.32246059688227
54.99854387295397
23.480328504389814
37.94220366990757
31.953532295785358
63.908966961247316
93.49206623519754
93.43958625167463
34.19621666958178
63.321652524436004
81.48108616082462
81.8150319606083
72.11835609424624
14.998258815249766
45.93876808634945
39.53170775471943
15.550650969346524
11.901552131573379
89.17787991714124
44.58768298850833
52.39902173843329
70.44869918728365
70.72194698932995
88.22643779420875
24.312264967276008
32.68492846987149
73.20126087796282
34.53854733392051
7.976183834367978
50.74855352853286
50.43990700568417
60.40461344055701
41.60676133702689
71.90677428778407
29.535015200943903
73.51995822844077
69.13986320206047
98.76810046560868
49.402708000839965
86.61182149996202
34.52055557927595
28.494917356953707
86.90609556799609
43.5933637775222
79.95505635119507
58.90592373776603
15.22710342573388
96.22320680262224
48.89089728648707
83.38077002548334
86.28231822212975
96.27409088874582
56.19537473278486
19.216999047998574
36.25369384439638
80.76950585055931
81.56927694439567
75.63575347274832
53.10426897332601
11.076982372170896
9.641867001496207
77.41737372338471
29.192007717589007
31.07979322236385
52.230152061607605
49.91547911177877
61.28770646925581
44.39912960184036
83.53946007941329
53.34909606126993
57.31936295358238
45.75698465236228
59.924829830255234
96.85236205274427
24.702319175806032
10.831186883561816
62.65418609855169
34.76385140171621
78.05619828288258
68.92980824271456
84.4598853975222
30.22583648574716
33.419719822226035
83.39748770283336
67.01734029807706
62.31679343692302
36.238462519619134
35.4310592885166
99.71439621581402
9.645786570780068
14.387754337430014
87.99694525785011
1.9675470142741847
55.10185706688604
72.35425129019829
37.589437150124624
32.1122893666991
33.75057389107579
60.176240163863106
45.6801013883514
96.52068476562087
5.091629837401468
98.9732861718382
82.72568931587581
15.899068418684337
6.300245972631524
67.62146588280228
85.20288227214796
93.97775429013116
97.78183339318217
50.995068627556286
44.12457216851282
87.47494523857024
89.2062809452538
28.64114713798075
93.00050428349338
25.95176218103954
3.38999101016626
54.08558540529897
34.665887785347735
5.117838713875711
32.2977577507628
98.86139354015239
64.61386511933546
4.480957988945566
24.36314019961764
61.86410004579681
14.139625964094616
62.25566483115964
35.125451290919976
37.41374235299686
61.93226136505552
67.304939131646
12.152912112549485
51.34187705949541
59.36912102324941
32.76829270079931
55.663847632372075
24.220284869166132
22.235889554716547
95.4105874409409
61.57710027241319
52.098250393523294
42.5073804037539
76.17983747596988
86.15401887981558
60.69230660935315
33.48986125037277
93.16371115311307
12.683418102561085
57.69452087747522
55.396842931104494
47.387643516692854
56.95731368826079
17.43677503849722
89.34375570602433
68.8720764201953
44.18430007128919
0.8480171957922833
98.7401175723572
28.405994426842607
3.426834440793891
20.683621470549806
92.16606837566749
55.84701933230247
33.10477580354201
95.63496747260099
74.80246798065774
4.611649958022812
17.977098836306638
47.43076619495594
86.61820368980557
33.219060458909354
0.2686445440424512
31.462871878999145
20.896837472644958
70.04459529431153
0.1732855440951031
21.021665165564873
68.98267512417226
70.73856030257966
45.06364875554056
46.648087475415636
53.545918884485864
15.249768833147881
87.59219290539393
61.839663157410094
5.298598831376877
91.88823201913225
88.81182844724027
33.17504183991221
95.79703889901782
81.35740902224903
39.531204439855706
68.53104064216537
34.13900249713263
40.594932822041244
90.1793726573284
10.570888755579288
88.22592910550223
48.73741069693119
42.98938727907511
59.80766327911281
63.08641637198098
33.872465630542095
81.88487664422281
29.131073738384426
29.81072628206499
37.65907906148562
1.482640772567101
7.5566958942758555
3.833283382627173
66.18243184383095
2.7499153722177705
29.00062304446577
13.5953985933703
87.0908243455975
88.01418840485546
35.694576896919585
95.39967386665501
13.015402461006897
19.854150799737656
56.54935464288968
74.56953124742533
8.746866284562193
5.206568705369707
32.2787242428647
50.70946234089099
3.4792747957155923
95.53788492460895
19.08819862085528
93.70747598242288
66.6750726311272
8.922574127480242
52.43599898430023
68.51317825930278
74.47720994236164
36.7981917794099
1.015253585185194
93.63604851775447
37.2545655988183
2.9110657827057573
19.304766594561716
67.08134403153021
46.0455270947708
3.5077381219349113
42.39540257697292
26.31018257009363
26.03995983371489
48.582687545703486
51.9174684289839
83.45352119187068
37.909110910913
50.55556401239889
4.797742964433327
20.11439961475938
24.92857033119912
86.79406714040985
8.255206961615135
89.91177126731927
88.45576824727868
2.504532912889268
84.71580155881581
60.59356020428155
30.41999991203712
58.11698563460127
92.48799172651137
60.23336121328633
83.534116009665
54.94053022743659
39.37278501456054
12.704616019673654
9.99991251730632
51.77020277493575
17.36961545393376
89.57080234068097
60.758864251442944
15.011895271846731
27.480404224149567
21.053580060964304
36.125902664794964
81.71646813346995
89.53688626260028
35.165996591547234
88.78400323384285
19.894573217446954
45.55345267314053
55.338171869363805
60.715459599826914
28.056725949511907
61.587943382396034
88.75313768718098
92.25200588050127
42.98785415999801
85.81296303508128
79.18057112400577
89.67686330843104
15.198576217938287
46.419332107743195
1.5814867702520385
45.753897867417045
43.05220712846545
67.32472108532224
34.530266409123975
44.13863726610822
84.74775679424988
51.87017071515099
43.15509536926637
71.67499761657702
10.378548916021213
58.94235831003546
75.3402550818079
49.696167131610515
88.96334917360993
51.59013452443833
31.909687684388256
47.937738716496646
30.31737736123228
87.74916578607849
7.469007966903851
94.30597947012245
29.531294256309316
81.9884024968189
39.26859958344555
6.324365998231796
36.06797473744842
43.13163323918901
47.4499512837342
21.9125266847796
29.013114113259075
22.19194365750028
43.689875785277465
29.800313620814844
21.097247517632844
92.01430229160827
68.78701870342906
5.797017310184726
83.94407174628836
36.12133000070935
83.74102414976792
26.099260534948332
41.73109223353647
34.230282363284644
92.33808477971334
12.293462041906178
3.943259151897338
7.833901434758117
28.37567950027582
90.98836931072137
34.659352464089885
92.03486597968849
82.05359588915418
90.50062778997373
16.37707506975682
94.20186393788687
25.83448798235981
43.19351411557532
5.465741675778424
56.25205325164009
84.24849663130465
16.066509864250257
92.32577393289945
27.40078134082725
74.32585910885112
0.8924618545425478
89.45592788624457
88.84116544905024
26.337717152286878
55.71345198005836
85.73474607452135
73.13979569226872
11.415610083846827
80.69986513140245
93.16827704118144
86.45905021665762
1.1051641728507144
11.547734965013545
26.56224443244235
55.23621590606157
22.501587969635505
13.968206557362306
94.14547943626043
46.855490754873266
89.58900526016643
86.31096919899447
71.46311664277745
98.93029622637515
35.460072379366224
70.28152834427114
5.501559833895719
57.55152785487044
92.20744530714086
88.05588275248178
70.22817571004913
61.38822290863267
47.10838462917346
47.82629812147516
44.323832059789666
74.76229587560799
50.08732174526032
57.51517091255074
71.21782284699528
92.28740411188387
50.83189150522362
32.53695363335903
30.743284731836408
87.36615078269949
10.382949222136617
1.1445877317387332
60.189260646010325
36.25806576311156
86.46437551469968
48.48892015788082
61.13258994816923
10.302791831302226
77.67564868218531
86.96986805433798
28.873547902545006
50.906374157900544
10.805897533989484
60.07990541610989
35.7135284659938
2.9562797460008006
49.89407903504749
53.20328998334063
13.481789538149325
18.15136013818496
93.79876676711027
60.98035281769495
85.98274587363088
30.644313050780514
18.170904447736746
35.10289310059711
39.05620844832101
60.16082401626064
51.01955806359947
4.974541629372542
5.617018717402711
9.451689994151058
57.77765274435317
86.94275769835245
97.27504537873276
81.1612218996675
48.33097390746821
26.466177898231592
32.490060529419814
77.12037633840609
10.209410844207733
75.82897229895424
91.2908345930335
78.65283911759356
32.29020316817524
95.45271031622485
40.49352874980706
1.9798335063189287
92.00708994121614
63.63000886051149
42.9883920411135
91.81523187753766
40.89816937232536
88.65453327260158
84.35706055602509
44.66367658387135
47.482854685295464
19.37138508909555
47.456237061270286
51.982118344219444
90.86976457442616
53.68869995064189
29.161392161587287
22.325556190290328
87.58618264608874
13.500506840684967
45.32230828044646
77.15473224212876
35.503493370958886
82.32623561151672
61.15011024495034
46.342751479237364
84.70257617837592
89.82111571487172
92.7451861473716
71.2463802692986
56.78456593636584
1.7349690013903407
13.610660914546191
64.7811486757524
56.178944164782166
22.63601178458249
11.134927850775444
4.793978818866251
75.31924957191653
41.623051552652136
22.753908602100836
19.337734344116075
32.25359173525083
3.1063581946445873
21.13261911685189
65.38338672253703
97.25043213641266
1.6770311441851593
89.63492635034966
36.345116724333984
31.78393604926467
76.31144112234725
82.15986419333473
16.049536192319948
41.07764901823454
76.05445925923955
91.31532539916701
52.69661738673522
57.0939246514622
37.70120548592097
78.6901342498583
16.37639755469744
6.687788119746985
12.29708377691886
33.69802261728415
17.929370890982533
31.108480427199293
25.87826888003101
68.00324599401826
14.602553220594904
82.30926016353965
80.74623892730587
30.87199154792286
77.97553701258558
66.55828548816181
15.42181552758345
71.85906232240717
26.523586689718037
69.69424040639566
57.39047549896716
21.369508822564963
68.16444061761598
66.56312840696967
18.925239750284973
89.59994825470397
89.23387228317921
72.037386862949
92.6962776080657
47.94186263229731
13.969728449602437
56.098628972334275
62.20912667637468
68.59995487814543
59.73349558518082
55.12236034516893
29.22491220682305
45.77722928842287
39.587028931303045
75.5075836173705
85.92571747368855
95.55416399592325
65.83398817473889
10.117296691688594
94.89755321788773
72.67445741527632
52.41660044370755
24.28145341388458
3.0898776928107163
98.80885469208019
56.831068299821155
47.989288429799245
77.59463140279239
52.691163618731
66.5181737843347
94.0131171204251
39.37028938028844
64.53908819996478
22.681914494635436
80.76045124806355
24.008835893350188
69.76630859542381
22.480176408465415
18.760042177341408
71.11034822477153
51.30420575006127
44.696776680699756
25.48166093096186
70.22031702414687
60.75169956961323
66.37856005395462
74.23629185462191
16.301017543953233
80.61272187515436
62.11382799753819
76.66963563897929
76.63938167204778
93.54638899476278
96.6533577751196
50.561170465330704
1.6872779781875735
67.62723024491689
22.79126732973954
33.42139922017243
52.775313930075626
53.39309698107715
0.5739191797377807
77.88211244045297
37.2064220053263
0.4085287921407721
70.05836885709155
73.5404134765836
27.5327827541612
28.178862536948312
38.865702479581664
66.87313421666765
85.49087958572203
4.361759986683089
10.94315120333511
1.7595500394251617
81.79415624557178
63.491108030018914
93.45578316538673
48.65257828992339
78.514979508538
92.19194563501728
56.57709199820782
53.55024600063032
2.3725647632509173
84.3944990479025
32.20795371646663
2.133446490289792
26.16636530390387
63.432250489881646
57.11014865519836
8.271538224699205
54.795861643206976
18.1808573047493
51.48151861467631
71.25727061650338
1.6186263565542536
23.929938794979545
50.46615731030089
39.02784692196237
62.67393020947664
91.58063238784723
84.36904897769072
46.01772192076222
86.314466128147
45.37885035126076
55.800711509417425
4.670582198280893
86.06953329316062
94.00334680241305
40.430640193079114
96.69042970240895
83.59155520133281
68.95874161877337
45.05533962522599
11.928650799209228
19.148310247529466
91.46001738568916
67.53666951512848
87.89730472331931
17.085019460930894
68.50750951425292
14.477081107141409
54.78342392035337
81.83464915096096
62.27346329213115
72.71718324604886
36.910515475267104
0.17910484462256848
88.38404354858571
49.28686533996446
93.75030789026557
95.2988657720142
88.26748420711861
37.89924793921917
92.53958980508105
83.12588380793977
97.80264133730853
14.611470181829878
69.58522068371823
46.77661003427076
60.610413392513166
36.220578068874076
52.56924095541867
20.12210364577488
86.20022923179201
60.95239061850345
19.190466239363435
28.791389840472416
49.57625969233295
11.408725068161507
24.94539845976472
2.1798673543161673
19.632119135287507
83.70103601655019
31.5985044724467
61.27455992887179
28.201438820943668
58.683362430702715
42.92730867902607
12.589795977657502
13.866247242609298
64.48471611312108
32.25199024618117
83.7348245200308
92.40358583902794
23.699593986706237
9.770081079161363
43.7195262259013
55.85994034840981
88.05966932623257
95.43070065409717
41.75974969103679
21.645442047365705
84.52220610869152
65.84799712959256
95.38498249470526
53.27058740241877
4.955645440050271
3.9808527088387335
88.08161650022129
18.094976714591194
70.90627675394472
74.78607051471506
26.98900947650812
57.3195030219359
19.459524753199908
11.63303259501076
22.217586453317384
50.94124341130032
10.009495894134046
62.8684601091251
6.108214807702506
23.69885729439549
85.29031408213153
84.49561808966124
25.987522859038226
16.10574350142313
78.0708996775245
39.80150883391017
91.20121557760264
89.64503218429068
33.620086164799964
52.7458906852163
66.75505453304936
30.854767972275297
47.99162158800571
14.223254176212109
99.34700185306635
85.12303355967448
63.4595319939527
35.4983610373983
13.924772308794076
18.90700754059115
6.189838967807193
22.866651370863277
24.793073528482523
18.42630631355148
96.4177020276135
59.6173691410399
10.122785043457029
44.526723145712275
61.6596629927925
31.720738365225575
46.704125632263924
72.15388486471988
75.36401249489312
20.711095488387656
49.270421392241516
1.5165391703220843
98.68321143608098
9.522179692472033
16.960111065843808
59.83548552788973
75.25717850230839
97.33449366342957
70.48850153137008
80.55209309406705
2.4344330325917207
53.59694281969315
72.05243374032531
11.510517851772251
22.683875694531853
81.97649806507754
41.33932930129044
11.038750530467212
8.788127731756601
73.41861586717373
88.08124592109871
55.309565562566654
28.300980748005834
28.267681288545198
8.721824907887255
1.238034454658965
67.79366921254714
59.251297045112295
42.980298183621876
24.790884322535057
34.22228604718095
61.85556763379599
23.399833863752384
97.35201929845817
16.316091772660148
11.675064150526016
65.31142785871165
8.212195219704267
28.243553022662283
4.377105447905317
62.15879566368658
83.7207670096649
8.801742618760954
91.95281045021457
0.7258472745240496
24.93495492443587
39.99857904442479
12.105327833495494
40.857020190293106
99.78937434818258
52.740512353138705
74.84091701303886
6.35982198084567
17.862509943480433
12.538143832602122
18.636199683475674
90.22603223656796
30.589843128930262
40.88603023000484
30.449189230112395
9.030651432728309
2.9915613546358077
83.56457586206837
18.386419610795603
24.361641948801406
66.12132994050958
67.13177149046976
45.758756436473845
2.719944872765556
84.5790673933245
98.45142345960846
95.75043075780845
99.69867450800618
94.28765696224065
60.975974349744654
91.47492954508333
0.4748946683880706
49.567630802864656
91.11236700834914
70.13237978770363
41.986202479629675
21.989190904198363
80.5980834799297
75.54787181642864
91.52856921393267
2.227032656778749
91.55514917742839
95.3731815331645
44.28260735747431
86.48739202972797
75.14445777959709
3.2718600705626266
27.57640647777232
49.526455599820785
83.6827954519999
71.64528148797012
32.338283812985814
53.584698744341374
45.538575790594514
49.576986889091444
8.60751252456209
27.749196843624226
49.58786711022887
93.24740793055852
30.023913966876826
45.99699392795448
88.8984340391312
12.455782130145987
69.39846806916621
18.97612561413836
43.78204109690294
37.993808098405545
90.24411547095156
28.140478727014383
88.7517845525008
23.739829962904967
58.25903683267728
3.211885692670735
98.52145124513169
78.81158098174083
36.10262309241812
60.87252209378898
38.47750955777885
90.52509932054006
2.1524391160241074
52.67944740278606
56.21566391783463
17.983219950108797
48.70607958438876
38.93839953935644
53.70334500518004
5.10334258750198
18.13434582509511
0.12239149303252539
57.84476878970397
25.093520146162586
46.95817322278938
73.46814612184168
37.59575518906044
61.512822159428616
95.97762423942714
87.88013384939627
2.316502580332025
69.27704586514002
64.65856164306409
67.62837129207618
98.72844559491244
50.29574931392439
65.10732846693838
45.71287815210672
98.28723117531865
95.5524099233264
76.17558111512406
78.17665548105823
81.9755705640914
91.59755334777071
34.675957640881414
22.009318870638637
41.66114664329641
71.09046247449339
25.37703325981876
26.668633426896825
13.733977147437205
10.077149155133425
73.41413191930725
53.857362031368105
7.450052792570494
18.053964785107645
44.29262704659739
95.40469389549689
87.22259675681158
93.55374051111336
62.895497929077074
69.69122970464912
37.06272230300941
69.73338701263728
89.35754124557926
79.89875011579103
27.12764258822694
73.2952738626439
17.670434613840158
68.53459039725192
48.60122040164501
5.03739468995863
30.89651579170134
75.5221530820337
91.98057953389126
9.061782177786604
80.88728181833295
15.586701076541242
51.36314184160366
71.9469053592179
29.824911736753556
54.20696622781478
54.7297926798849
74.23629281551557
71.04056031270785
85.57454089644575
59.6720105972554
93.49514710867108
90.16576944999684
51.98911811919887
5.013206790367741
90.95893256634857
99.39381050400455
60.92259583138719
90.65511350957233
31.14022360880466
36.31074182790408
16.09922835934906
38.31148983702926
48.506608574673336
48.33968336583685
86.29410100106311
91.02527798659143
70.94303990107385
54.96180785226884
75.5963266872938
39.74198262346968
35.50229919320649
56.97501604650977
48.01928676809515
5.984336803781787
4.155782398947894
68.34261744869565
69.27264937800027
21.94991741013228
7.845362614916995
3.732461996826719
84.03296557921439
38.588973914485244
39.87538112181148
68.97241947622751
74.40752633212803
15.898610441550797
37.55231280794562
21.511020594581453
79.74787746179976
14.612778688901408
80.76905052414334
62.464243915275844
75.63960906521557
73.33865128657634
51.391961932747286
7.636495270910249
28.191309769818083
79.96607277742294
86.88429166552348
35.18420049149918
58.06386170266792
84.51276936696875
24.99486859070107
20.325709252354727
44.36824479160558
88.372872290292
30.942237861443722
37.800548775327094
11.620617035257407
92.95271618556589
34.32077912435361
35.87247573588262
94.73971463418277
78.28199266712657
99.95319337482721
90.52849957481209
38.044218441592506
59.318844852617595
55.04125286916253
62.92935515138398
41.87521867503629
76.08363332984808
51.62817909477106
88.93163795151884
30.638756736707307
12.9116586648372
24.694255807876154
62.64472377723405
69.587172217712
84.4264967325515
8.466799506186806
43.68469038620035
97.56841477507207
4.695049612929003
47.07460471264257
88.44884526448718
23.19831918998717
14.530710297768701
72.0689317843856
28.525169055091737
61.21340524333204
84.0612740129371
66.71597824142839
21.643310772117317
30.739739294670866
81.47487767828167
99.45002141717322
47.664918587798255
41.48454072741673
46.22403967869913
17.953920134162615
77.80477832502496
34.5157343888284
99.3903973743914
53.64378453192528
7.586727011821804
96.99439294483942
59.942299871343884
36.302002216382526
16.414783757167605
3.065293489776799
95.85498241692342
13.87232778347256
89.48081417474751
39.75206409157579
79.11563849379573
74.21074191209973
50.44369975088839
71.53795293680443
6.522972575039421
41.32696637564825
3.1045698213429618
93.36324244266646
76.86695489256324
33.19495127745684
41.6270195151235
93.56384023601058
59.40049677966262
66.29200121727841
14.502234512854894
90.74490109405191
5.347077913138665
7.198076354055916
60.50251623845173
28.53543359108134
72.49683243109648
91.84826899821394
42.30116404458906
74.98900677259358
66.69269463949372
43.26084797716317
59.49299834680086
68.02237560561248
18.214217534125655
43.66445784552538
97.02784720191475
64.4565514144919
9.364506781365478
63.79007668263359
50.29965644971712
17.075437572817954
46.68148782831034
47.30790048422848
71.58323897913264
67.42775169207705
58.398176464134956
41.611514742446964
64.85397893325376
52.68579026239449
81.55807557061398
82.72701451506545
15.638974027565112
41.1043994151566
33.53977331739696
39.77076456452647
47.594057201579965
4.262847829242755
21.378399689164283
78.61068062117268
82.3562196130586
91.20911981937377
2.650757591533548
49.94369807930396
37.629577251373725
48.26789407398686
56.2809427165954
21.698694230534244
66.95600519830627
65.11971680818364
3.8310946303468763
63.582539001069215
29.49965771893347
94.77001081307472
22.83026017648122
21.642963384980675
15.90565103121584
63.61118028871346
88.936379516445
16.74743918001732
98.8694630509058
22.66947665396707
70.05629650615252
86.90720962892449
76.2311289346568
96.66193799985749
72.93943837318004
48.17459928107496
4.387263251586305
28.06221124648105
95.99552820075108
65.38961383919168
66.14550672617375
1.0625214270793437
89.59166580095471
79.93620105894219
79.41616701687254
9.228036851125
90.67785356445499
24.387013509358635
12.182793031532736
34.67238127148723
81.98142955116096
65.50065470900597
61.15834394048334
32.64890091410575
94.60379645815163
74.87420469338326
37.55833357154735
27.44620436136801
42.18752716632089
90.81550961232804
20.874732027203947
29.860009453509274
31.811887894665546
0.7355056396153303
14.885393882619924
13.789670514914953
4.7815253802940045
56.512750015612504
14.054783172581375
77.1087024308725
17.81983663429607
66.8445005156054
24.432621070082018
64.64808204625803
14.902099147397541
50.05053411201874
29.109878200695782
95.31808943333404
48.117013298889454
64.76923581875504
29.292374403932232
44.08044647101026
12.514411332967846
11.620049393757704
53.09535760088635
36.120570130197436
63.80199495655652
37.91824308287514
99.61346907708419
49.43286007364264
15.064388874642276
13.194157580371701
63.96472241769596
80.74754283567991
46.65768321561521
15.590617653594418
8.98841190417905
79.51473522776055
83.57197984411964
79.32709992645289
24.496954440196795
94.7995237735775
66.2577149024823
87.52887059824718
31.672357691461272
29.078779772820972
92.85890237997782
85.66689742567218
94.64608082716643
55.727762085130394
89.24287563846569
1.8804829302138892
1.163969638401563
71.49698494334248
63.17023053383917
88.23359387797338
50.387474492077864
36.78178919977838
22.6198257966006
69.20213682599957
0.04685348960670188
64.56657106433018
35.289015921781306
44.68583263605562
85.26291994521131
58.18957130544919
50.825946950139134
25.433395797040824
83.0732862408184
86.90631533252375
7.979706183608681
93.62818253237623
1.1488958785012549
40.122768097341876
0.07390977482411021
64.33552288762822
68.11262847525256
99.35470272698498
43.818311171607064
81.82669660429428
40.67440750598662
36.47325556000421
36.80825529346016
19.61587521058249
83.66459003851892
45.73576933366053
20.660634207569263
39.34241313546024
24.95234733856575
0.501452537723901
42.87396606356595
22.798123463340183
27.96806698193467
97.61621827970214
41.32280804389693
82.88591662678833
84.40757158021562
19.2793562283483
24.78376444037985
45.45890753124873
46.4805392286866
43.50578962070893
23.431498149764572
72.25507189778763
15.326306262216772
28.08262145589594
18.361466801374103
44.960024618760066
14.128716253776364
7.103809188537181
99.24802329730814
15.314602802848952
87.33678732992752
86.82194334931445
48.74422187456421
68.2154154849663
96.83603132020605
79.53566752401905
34.84350801265912
36.74340936329939
86.9487874638404
67.79680435403354
30.89450862695714
85.28854968784702
63.25956217810761
17.31795907040481
38.56640223579528
69.86984392392381
41.6201671879795
79.31779908999587
10.455982502081707
86.80145044674872
10.539472601831857
35.08333721227499
65.29934076661407
2.4245028271210334
81.87949352557294
19.257335921529204
85.33154102322136
39.73589476777944
8.627106880932834
11.082998513254438
0.9002477751720694
65.85588149318977
9.620638448494223
57.49487234056122
89.52046336750823
72.89225317824112
37.77278485027195
50.39269783998721
56.647649519243174
8.911793988843753
97.89436301115188
3.7493559159785694
40.543189572650085
63.15290861249394
44.26494080467444
1.390704958134592
57.75296639808446
94.68258839278919
70.32804819074155
94.93099752427959
82.20314631137272
2.099954881481658
40.226138679541414
62.92142994873567
40.45520206372157
70.92866480514715
99.59384384708832
42.18312438413684
97.18854333491164
93.92653044473018
0.37902726919092355
5.428017966913979
77.54786823929233
23.02885199235454
3.2889088856971727
44.830976889567765
28.37305505403309
1.9698412441609192
96.50007742685213
43.92815308506894
78.8958381465223
78.80934234979526
73.37544480865796
42.781320891384475
23.838648557939702
86.07957493440253
46.458543899635096
42.45243163174306
41.52470679235364
7.968003055562045
85.91803660978292
35.641540424419524
82.49737575242459
42.55236100448393
68.9721190855992
21.553183945876185
64.91923735828841
83.54041656584214
53.90158623329591
33.661501368794575
12.764148328557612
46.26049886422248
92.9086233921183
28.523911257251232
80.5143349276979
18.640941288596412
15.482497385258664
17.505911810646722
80.28283390729909
91.42930842936909
54.24521387089002
8.329672822435775
55.480413934413505
67.76579161134319
61.71523450386819
98.55106208660092
87.53574456300298
99.29090955062259
74.05116538774521
30.374212359663353
27.61716183501628
29.24673648099596
70.76645220797539
69.13417989830668
59.63355100220211
50.131060945809494
49.29952233709207
19.25133584252745
34.29030612889148
86.45846424898924
20.069482346144717
66.19226610561901
60.42467496175025
66.8648297439144
77.85560023758697
16.58284469173754
31.187775586153787
13.60770631721886
72.51555401747775
12.529067767595258
33.195905485268405
88.62442761805467
23.781904449878255
33.59388976017006
97.30844643643812
76.17134044369271
98.30246802775766
96.847003945694
84.35897949586504
54.50247497373159
57.78984193421748
40.2798247539784
85.81834118282592
56.34975515739793
75.18826883165191
61.96252289642733
67.56107874640033
50.375924508448065
74.70271569059385
0.8040953655147232
96.34623334701577
2.0026331783946416
34.16916575944203
85.78573703944906
38.942632891772874
80.06707034381549
42.317957336987966
24.38618337159767
63.31767282486884
45.15479540612386
59.73396484077655
19.287888724587077
5.98600583277663
0.34448382759729723
91.82620485131925
47.35116012554265
7.62159161487147
70.67595750412026
59.96377176187689
72.95948733019327
5.268117752691981
4.667489954659054
57.54738659599254
22.242914188152874
65.09742250603215
94.76268101811782
87.94548904774719
95.93475447311512
77.79835896777696
47.99680052176578
94.47225416746217
39.87927572066094
98.81049301513036
31.815560964157086
63.61748817643396
33.33141612403128
59.79308346788468
20.6965271839067
40.318746289524896
33.363169748671936
73.04161885402593
46.81853908203851
57.65418987425931
10.266322257481253
70.8172283585618
4.618544082975273
68.59215502377266
38.783203091481056
5.170103354056144
94.57074074660453
97.55531955438644
85.86506798368724
24.49273188925597
30.191032911022265
17.804223164941646
9.424525926846417
17.030525787886962
43.53900481187865
30.232710040434064
58.786401674826
73.48682597348733
67.28006200265901
97.92814428708532
58.09227612012866
22.50184382093923
58.459696202204036
42.443865108324154
59.56042011064751
38.04402699757361
18.960705876397167
0.40451094090864226
52.52450008934899
50.04563543604657
47.79044412963934
43.73490917771158
91.64676551748786
33.50670971350909
13.05604779440489
29.98681648549647
84.18355965529885
92.94837260377393
59.872678580617276
86.67447752578504
6.793627895130861
91.65627403715114
25.7506342200016
76.86017519194867
55.56675960322772
47.12406817916177
93.7575262823832
62.747146958942224
91.472374436292
70.46905945656377
56.038247737883474
2.7692218529840273
74.02128465533929
19.78076825646057
18.686860449552533
92.23765595560499
93.25810258395202
69.21275520466969
31.67807472354299
60.10715660073742
57.83311709938158
39.2598048637536
36.57166977050802
59.198089629865756
54.16192670861179
89.91707666089394
67.73865910069684
28.55821830572821
52.785500326797
47.988331971989474
9.524565033614074
24.62447558608105
86.53928292013347
8.965048695622402
84.9701255765834
24.864555443169458
94.01983590581041
89.29731802779443
84.59757966248816
3.2321362722632196
54.15046190774437
90.23881505226561
76.70792118649548
17.055675380457547
89.59078446030595
45.25930578532742
54.85132630774606
96.30514042666071
59.46984857811217
95.11029742033918
73.00148220709669
86.39486442025361
22.258796845302587
84.48298399689821
77.12002966041163
91.30471803456601
97.2109506399367
60.98058629773369
77.21231608026575
32.494671799018114
15.005041928349605
95.9828502733062
58.43210015501481
33.50880429075438
37.85154278073788
88.1925184548978
98.02335709368833
87.59148553538678
80.57928992629625
44.088981699110484
64.48217174640547
55.89946235071787
8.454114829991543
43.338731842941314
41.750066288165286
53.58971271868398
40.668214182464865
50.59995732339531
5.95108486774053
47.08642832273775
93.56494810402384
38.013689946264506
71.75384836173318
91.59210557879818
87.86518430175299
32.91056232502536
62.53031062779931
42.667032958279364
6.211225390130714
44.16601583180589
85.63118233721887
98.54916392999662
43.437672571791744
22.949912654783166
54.14868141425567
98.80764523585138
60.01277002440347
95.69004453888901
68.12979955597648
25.843498223343396
21.595707684455
39.507264946885
94.25728004472118
12.40612047559917
36.886042865623516
5.709257187923978
2.6681503080140723
73.08415074642497
30.675276770375337
19.524869624948437
37.1088142105681
81.51992395539921
77.42004140150517
9.33996200541376
94.23304008617163
53.14490675446657
42.2541514898778
44.50765487644617
82.01793792232137
3.0764460039509722
68.67390239269268
99.37027862100152
37.696908149820196
90.05637640357456
70.64088479392355
82.54357642685598
38.69665937000774
27.609503988370598
76.65003494229347
41.33296083001233
93.12253094830844
9.01544301727336
84.92594303186743
99.37320563478063
98.14163240934953
53.409608612341884
17.74359368695918
43.48894626783783
4.196378659674648
94.65244644702567
99.6377685519819
15.110817328722026
58.16147154756791
77.27676607898404
38.2461632633364
39.28009803220414
64.7360168871418
65.61214863099502
83.40598527525358
56.002708562615375
88.77316875685122
46.56192587142971
15.929991317248337
99.91239505991827
67.71291090320753
28.355385057679563
68.91166330999775
30.991776651536405
44.32674797756844
83.1423764317877
29.488980875909686
65.2171625506673
58.63493276061779
62.96825740543368
9.665528692376746
85.37792484520027
82.42144484898763
16.416158145949524
82.92961691035
59.30210191581392
11.8207647138574
92.72867677962437
79.56996508413398
84.37948946657427
19.443558937024164
70.53322254984049
55.947831699238705
56.55323314446369
46.89361377909559
14.546576948217227
5.457022862531002
44.536113980378936
68.46087419778935
92.39743090291874
24.721075285506778
30.59364066995236
26.7341051485942
7.123382701726111
17.679414667792457
59.14010232938601
38.815864071626095
78.4343931917705
79.94634353633555
4.204233967489069
40.385009600027175
9.703765395335939
5.084189530358973
62.27577543039823
2.271318115201859
39.12729707652556
78.5960901665656
45.86386440980238
37.63455953300754
29.116117837965184
18.14396626212167
6.021887144702298
21.093597584776514
30.065755417826523
61.53450668627934
78.48794204419394
30.814982177411785
17.00723366244381
17.289777067580793
90.7180519845727
88.33824827034417
59.31076266270184
3.904836549298474
42.59101642392955
37.58988279323576
20.73066745560346
62.47270837482324
5.665468297261711
44.2185026730443
83.83877256772347
43.251104231674056
50.20920418055142
69.74129968801621
18.568925611846154
11.992831119573488
72.16960215219025
71.55789449904285
9.488798374348429
84.34316082100355
29.631801438673243
61.68694002616668
90.60937184568047
0.5043768419769279
5.702594478210276
55.89405211119627
73.66360174232757
57.20452615130096
91.3467758354831
28.63162420212474
61.4458756401991
30.89658732842383
76.52266354583426
13.689358709407895
74.41682868437127
36.404525457179716
86.52778430160633
71.05932904102792
96.17006143968528
2.66274568139766
39.14835646400384
6.119482833081447
34.329770040397655
52.38690378885963
53.31608252698913
24.441459657752475
35.203322624736224
87.74802145671298
14.061764427410106
43.55907480902843
1.739298321335736
45.054298597720546
65.75024485517193
36.99820958064643
83.71057591670736
73.05565106857844
40.47886384702366
43.36838858222277
65.41584248047242
78.38718534529005
51.12619951256633
8.176700280111348
56.80801394413882
0.6840248732680965
30.479441992723764
49.00126364333285
21.503292446245503
30.899726577909647
39.39744400584634
26.3387992532922
71.59198755304872
37.952969338027245
34.69137915608079
20.047590329690724
79.80315708396905
56.62986198997923
38.45896094022948
84.15201137405438
4.72901707095833
39.553509887059754
26.203703124065424
32.96401584943578
63.819989873191865
57.15314041510321
37.31798070539287
80.4894038849356
86.56254877795766
94.28599188800305
13.64969684393481
83.0925476978637
23.00007315613073
67.72467885957109
52.76068728839739
2.8140049891208774
3.9816569249092937
78.31475944737934
28.379683241183052
37.68246712099847
44.75278790464684
70.21803625083894
69.08025658444372
26.75170562085253
95.67070938832181
21.19810709508725
99.59447884727152
23.331283098648782
25.07611874316431
35.629666938488604
3.9089661984881396
93.80237186114721
62.421231565815575
17.752902389054313
27.88752189357606
75.03272004316604
45.32761073494637
5.795754114940799
53.64913859352028
98.69636421356884
20.28789786582774
2.8353985768742374
22.421014922630732
48.045396399307535
57.24737062578842
10.357205141376525
97.73285215708222
22.217383144128846
54.54508191938442
57.622720826251594
31.510104829249563
20.770520614098864
70.18299415234
94.53444818471702
61.02782132397303
42.92297881067654
43.05483928765661
63.75968352101674
85.55673537023742
45.46301979239087
85.56656538960303
21.65040812366408
46.33619969394622
93.58867702866127
56.80674281101741
4.950394922456858
68.74235765295991
68.58125753316946
57.436274128826135
49.39492384014807
91.60787282577665
48.666417051549175
63.814074891899594
46.033556063645584
60.73295963133181
45.14191712350617
53.682572203404135
27.099463562951176
86.48796239023802
15.607078193165158
3.248968966727628
88.61301275908485
86.58360694614088
75.25594158630267
13.076610481641648
11.681469323689731
1.2222321787954238
98.48436308515024
85.92498939332668
72.8738762842451
99.68436704180364
45.92733088738375
68.15868119635013
34.04457097923987
22.353814421359488
89.72476167154512
46.845050887925446
20.013416119963246
99.76146738530964
89.08232569215494
89.40412309801677
0.5557012635951097
84.64758998429363
46.28334926068871
51.11949755677758
75.9603223345937
24.393629625879488
43.78655990746112
57.233982963350996
74.25074266675304
96.3298214389337
58.5094231551212
69.94543056646691
72.71587437412546
20.652240880765138
45.73318676480823
17.212698908297554
1.761293777631845
7.54910328652093
47.96934091797803
60.302029243825274
33.975575100880775
72.35590441198293
88.922145119594
4.618298910456476
69.59976439288683
16.63567063763707
16.011128192589286
28.629710793562445
40.5405533509164
15.888970154806392
35.58894670177203
6.5332505495712345
47.79245044281686
71.2913401894987
25.011670039659016
19.070161149742017
39.31378564353989
11.673461169073441
19.96325332115314
18.096997343734056
16.151731733102892
10.682994084351883
90.12962840461213
57.240225525360046
81.8493147897813
35.16626782412351
33.19114673663932
31.848897521073916
47.75425561245766
83.1848449478193
45.50298850463048
53.4557345272635
81.45980334282397
37.93618589744309
48.77927148602977
7.48392114469355
3.1635577296766026
44.13119084322178
41.6935365711399
42.54427340456716
19.12922980387709
74.97027514623228
14.07564641056479
47.40066672582628
59.96170357174476
93.52810109500616
14.13330460006742
11.829052759461655
28.716449009306466
16.731441399480683
59.698584481379626
9.411004402161726
3.694436985766558
33.18081143911979
92.49761632521228
16.167893026653203
12.960074356093676
48.76847202619091
33.11996912559504
22.70453264379102
69.15901525709762
45.56169946023212
38.58543069243115
57.28668493201506
69.5183267889812
53.84223658491158
53.794573212432425
24.587036251802473
57.92686933268803
26.671093794686797
88.02553188295983
2.4212976248980667
74.94761604227918
55.75395562290336
12.741646158929065
90.67520710962856
78.08445636586353
3.356180668419362
21.994807770513468
25.643693940263745
9.47338354319973
72.20547700515428
81.26106620626629
20.635928637414015
62.35470851404684
25.049038315249316
20.836468030508183
71.0185367594922
2.4217345835667703
91.75375366207417
77.27757870231535
69.71235064657809
93.32286648814319
10.17898800835846
58.77513235779023
54.35050351945713
53.04666225668719
45.76588533969708
19.182594073265335
90.07409778963252
63.71774869011648
73.11721021358191
34.278266572057134
44.65091466569433
88.89675495073988
32.41487804201761
16.497214073350676
88.90367142267783
39.49138749704044
45.610803039381764
69.75917033434655
40.82069725773857
34.4867917171497
48.012309730577705
10.958647549776757
42.40632877938065
71.02702617297194
81.09708317787688
11.933110700648742
3.8481379962098328
54.79572089878173
16.608504492356868
0.925911774530852
6.603122276661
0.1645988641316487
32.15094850558392
37.431398411163045
55.84150530597803
32.860978793601866
27.12950634846617
86.70431449389783
58.26943942388739
9.093603486001978
24.054562029561122
71.38648708522898
79.74202997217678
77.15895338983043
94.96531934557808
83.86246122950261
10.351322318890144
58.496475084887734
25.138637274586618
90.46139564425863
98.64821661381546
68.66622652239764
54.86804657585154
57.615622584037006
44.52741923773471
76.82390889022143
60.464707142091775
28.204151465214068
56.28547426089319
66.57488660007407
82.39215824281541
36.498661357914585
24.809194750673846
30.928508940555076
67.3030519105892
3.190273340088867
97.68145067095111
38.93316170969
73.6896401217893
28.21980744959629
21.027492633248922
28.558981170550236
95.79997195249102
67.13197785832511
45.036838367818724
95.2512681018542
98.40035882951462
29.43112008940019
77.93196923619905
80.81741881756682
71.66084723308389
70.00591251855701
58.30552327799785
3.01375034492144
63.14164533779319
14.689374244823094
56.81504715138301
10.10663474970136
45.52608163493066
79.77505023131633
62.687717024523494
51.67080049816866
88.97113939161325
65.2798234331135
72.39156995563252
6.662977727861619
62.19102410417116
58.52572501693006
25.542656216989112
2.9001328685288152
61.72023501673216
95.24275728386347
22.29994237947984
46.179902426657634
95.4029656240358
4.477936022904283
63.703359022618955
92.2488653556195
6.015245763517186
52.81478712781934
44.41873829538396
19.08228540015955
48.84379124901991
4.559587613398386
38.508106199752326
3.2884527489508986
17.553040485312955
3.202583500928269
71.39746080100541
65.91346364784336
66.28978688006464
66.34803486112382
5.4645847803964305
61.96314387899014
22.166787181853675
97.34887014555682
56.54961277934951
29.845461633880234
94.47939492148673
76.57242449411777
41.29630838846431
28.349594074756478
18.39278794088164
82.97044936058626
67.39465155948271
27.388633254144267
29.907201770693128
71.21117361622441
7.002669881921653
49.892121882520314
17.94512229053994
53.72944070846387
40.04883369203841
11.606193573951229
0.14769729158380374
66.95381966752421
57.937292888203004
21.84093201347217
37.985349391273225
86.2993799370176
69.01559510382117
43.43562013254545
53.403010000055694
89.88279231223272
88.86573047582557
98.03973984726574
29.159154910394335
37.86603692765501
8.125432831544444
37.30300967869227
41.12533891729747
74.5564738358881
3.183302081813777
36.59707395932597
79.0826806294519
70.84395985984749
67.19149129518172
57.21530283698881
34.64473312719147
40.65098234113218
21.82412683371372
51.27974315799841
50.14047256154864
19.888752304415426
66.98012858636982
80.75252161939899
51.29568064432376
65.19730738888046
88.15923074702205
33.84629714950405
72.64204635571537
23.481379109782697
70.45007569441695
86.70643370166484
84.10362748907446
9.879159019484574
67.66555386524831
81.303181956896
55.31648883938709
73.60948039211826
56.1618180294906
76.13351103906251
49.84686432526188
56.12978027916963
29.830285225248655
8.611267607565608
37.89689049826157
16.18510224306081
48.52234643026648
34.0625023322886
51.929749239976395
21.846959819144796
40.13572423351752
55.68281501008031
88.09968079822738
20.356743179635384
36.1540204441212
99.32167269589495
70.9882919268775
75.0247541141344
39.376211771622025
80.30686505952775
4.424325075714474
60.953127807093864
22.35224182018214
30.746727386540552
73.2377127955557
95.40426401232574
21.760167292110022
23.390488832266797
57.126423723223816
50.89197768460948
93.41492827908387
29.316871411307453
49.77906830134889
95.16265809541775
65.81946250749789
34.389766197640135
63.06331942747472
77.73308573278828
98.58768836356937
62.490017633603436
45.6463081981098
69.7739355429226
70.92016838317977
89.85678196878317
44.28980358868936
34.87560523751536
42.99223806697039
47.02039251573166
96.09355373456016
90.52446046783676
70.43952459176433
75.10691319743604
22.99889129612064
20.5851313258258
1.2366357566280906
38.21452003669855
62.81090753577946
24.912142203573463
20.025921366567456
67.76552490831897
71.18213725773731
43.19236129899207
28.01141393053629
24.79760306901805
99.74665366331604
66.48187533580864
20.074579840899208
16.957832947622865
67.04339098966118
87.59451925057286
94.81534053238799
71.5237597517006
21.482324489644178
89.25155143459637
5.165548662856656
72.86917486519168
16.955705610282422
69.20923327295611
6.830654442889972
43.183738301265365
51.51294346119827
66.99756417042482
89.44822932239302
3.5046067616917975
14.033544553130728
43.59669092739297
79.57429482780523
82.22491835437368
63.13154106282498
83.07920550233601
45.380163963821296
34.66455928287899
17.375386176729258
67.69722493391697
45.517869195410285
36.70478169163085
4.642655483962255
44.4538915254046
23.48925573873605
18.65674497429991
42.20290763296758
67.26374194782429
64.97832853631672
7.581598700455661
75.57335416443732
68.31716617293506
95.09375114586408
48.057991891531394
34.360367558051706
95.90363626806632
46.280556469602686
56.93995804125716
87.06297686129717
33.55779816530264
25.409728509500752
86.51243595581846
63.007948608742815
94.19620844382044
16.21674454950057
30.270575270233845
97.62600940810344
30.09355416920353
17.144093903197145
44.356447783079474
28.240478821132587
73.29044579032559
60.086072331398235
6.368070679486704
67.75086573561092
11.603912701860287
69.81281347028757
69.68769471077752
87.083992977941
6.068160664606093
67.15604383828628
50.264967861623276
2.258727834934382
92.61684439245002
77.00743181591075
81.02058419357847
96.69615306420319
16.629772543198808
76.33882632700494
17.44623618761879
82.39757581271849
76.59524040466536
61.57747271562349
54.77591067405258
48.799811976081386
18.008142255246952
37.339306302314945
70.64811322582398
7.919204107021649
46.37508670193958
44.8718243325678
10.038164348818345
83.61121040121346
72.20587427388162
41.81644982802525
45.53459147029499
35.76844492457511
26.259084972317346
33.180391320417925
10.772685403923422
10.999507094219362
12.458817151281165
36.09531837955542
54.04281520875788
5.537825477198788
26.75974693246681
73.86303485805138
73.3260955834739
12.325004598752553
84.94619989382987
78.82165279332098
64.36462763714508
30.411990536815313
88.69286949787968
65.38065192702278
72.21268528825469
5.674505245682015
80.26573922449978
79.69783466880216
57.66627880018872
78.74590047739045
54.877509358360655
65.61822424269448
70.81421406963452
33.82046456470806
40.86109249791702
39.91992104391945
43.859179848789175
6.852915038040819
17.233607973757003
29.910168667369074
92.52566001901347
70.41479471697578
56.89197490732977
91.27931357611236
0.06805657298428747
36.94961995380752
4.07990577722509
34.139579458897884
39.930442168238656
83.64113162780497
29.44932150595546
55.50449004902297
70.91696170380327
84.2320122699647
47.578121610527326
6.268874812017056
33.63197655506388
58.67046957707528
1.7155611592837405
55.120082773433076
71.55831593595967
22.210985819605845
26.319061722088666
46.94490199896052
91.92469970129561
45.8820529849738
14.229002305703398
3.9191818943064005
69.53923222808504
44.246575639343924
76.27057998319941
96.97726617309321
48.574096148549096
2.418923413127627
14.180183057754759
1.7479004757100514
74.54370895482707
41.900230827072214
12.754777909531489
44.26237292924833
9.421765273395089
52.17308601600518
91.1010814574392
48.194005519994654
84.08523839725571
42.579935274018986
0.2549087801605232
63.036306063492354
92.57611545704118
43.340547326441694
42.055376911723016
77.56348167340474
96.48956395724821
10.528917884408706
91.83626996175038
94.67619181866932
18.575485784161305
75.8452849372842
75.88793228003324
89.91669847345167
29.92137725780738
86.32408633097397
96.01219199854943
29.23412779362241
52.54479196087236
17.302896543933578
93.36016062645905
92.18101453554026
72.63714645908188
56.28674492194716
37.556973743987676
41.95135616558636
13.626062414569716
53.232582441613644
54.42429180835751
52.2037090711731
92.77061350186966
35.505323144511536
60.3886386377074
16.67384720074524
58.4056028603939
99.10329584542724
54.97434180829362
35.79810663922728
79.7504758838344
6.948256029685174
86.34065623252346
73.37480757724688
2.742677252195369
69.9309333262048
21.036212650952812
4.946391569080566
47.04956886649148
69.859929265691
33.822406178923345
67.94075578417981
42.160518793864455
15.217514711485025
64.68609039161282
75.66376360173005
70.9856782623782
52.06296125157447
13.475478790766381
93.81506682951058
85.49846209271153
65.27967758798636
46.364972584842256
85.56877376177802
23.097490798708453
99.03859205226276
18.1579624112721
30.160616790406912
44.86748919866649
93.20666898242386
43.418356783517545
33.77880695519545
55.46890056740901
25.40353428398595
49.420746243530154
86.01937210280717
91.61687720190402
93.37997994261342
12.313195163346013
69.62473880817394
20.665030549255704
68.6028724595429
95.62295518516842
89.26491797490394
1.6466666871004954
54.73778204140809
31.62843176365301
91.75118888751332
39.04615444088068
91.53549638053386
60.493040422064084
9.095121328274846
24.864320899319946
54.88344273239431
87.61452891407386
19.36637626930182
83.47621784487092
19.45294482036195
16.595344534221844
85.3538800167334
38.50813059195302
41.94872223551355
0.7872202008947671
41.5516055170732
1.9824953892290442
70.90546431267744
22.167931150522545
4.53296845608997
28.340245161069642
80.99945072762011
47.437135775307226
33.46462773957776
49.47915522494304
47.740537818031456
37.99854472968435
65.57827375694902
69.31872764908572
30.256971099204645
97.58572564229873
17.363794825497415
87.83046519579086
89.5868327859312
9.832996162492424
43.445596414587506
44.0521112034363
14.006956120970681
91.60455797186131
10.30403704918914
8.691525067599738
34.0197366836639
99.52096691296536
30.83400629846641
34.43211860701992
41.00047741091903
9.33748893927573
73.73348543649392
10.637180167533089
87.12631033146654
67.9769115445007
95.66012164770305
79.01837684282704
14.829704377156416
53.58025993891394
8.96493409453284
18.920357593341798
38.36062306922816
38.02794385475816
86.19685296308683
86.49986183561299
45.65705956311
87.20076887284921
66.70339494675771
69.69648782550705
40.61543856486096
53.18312708655261
33.41576986604885
59.298571491746934
98.37389229426161
73.93582188228837
82.83268217961538
12.515868341236104
62.12954069099992
82.85594238582685
67.80646849080017
68.53056207178388
6.269492892561679
92.18788080298732
88.67531742347416
79.84077929710357
38.904427681343854
58.78874251869218
88.91606752022285
98.67750742408575
39.656089472276655
83.05053799086647
32.7802374655685
20.730553012135534
48.89797298696082
73.28695293799187
1.3597078678093566
9.574632443179954
53.306077649320414
41.72318162628939
0.4598345637572554
18.667456992016984
19.30631664874508
14.952957996486626
47.62629350004269
67.80285266774982
17.406513896153054
19.771587974439917
77.95127454159574
94.9056201519709
41.37417503818421
31.461522462873226
6.3744157984851
75.29649167241708
50.723712746045734
87.18499417662159
17.068489412514143
37.216540784646035
43.21343833203832
31.13165961274682
73.6516750814887
22.893450330771593
80.99100670017368
40.66308628358855
43.51002359943358
88.63846491995558
35.36756990074168
18.444395711411453
56.186268655897834
64.93678091522051
86.82861822720382
49.64606759915478
90.263462856183
60.83512653757952
62.38470791461934
28.358552785898404
19.470392462270514
4.238345233853558
48.33578605584804
83.95759834297259
39.60978785571881
94.112053520484
0.08310972676659478
30.384157989812643
2.1295228863791094
59.80714074340554
50.7321952933893
5.724121983868735
25.57393744947746
34.60410463499463
76.59644608551015
0.4580039570847516
52.817851673114625
66.29550912069398
11.494843663470554
38.91081322887866
38.942356014544664
36.83180749887644
73.66976472110004
10.715534047675778
53.596931647460835
14.786028839348663
22.848338241984845
10.660864457032936
67.47040842953382
34.39780758647933
19.57504623127718
85.04444283670726
45.03310438884534
12.45874575404068
57.77383492430938
37.07976322466059
96.78851052686818
18.75482378841209
75.74414230009745
41.245540938803096
68.05283440551123
27.629333709544525
52.171070345879265
68.69146889452371
11.857511848429958
75.40528747758961
65.88231654088263
72.53688236121147
96.24047576465175
89.56636821869522
40.04512515322956
83.44497855342668
68.70622414572655
26.5873686002701
16.61573723764097
56.65448260707628
37.49882014563563
76.86721541833272
96.30040184223702
40.79842185782405
73.03132064226087
27.97717248892483
9.450575037805232
48.931871502137625
4.25021237183153
45.34427700748274
18.49780656933038
94.66066004053967
90.57189314416131
22.458958002076624
37.58993860999431
37.982176280202786
58.3544534590912
54.2606693912867
83.91467900602538
84.37620340680661
62.87687030437008
82.06699226692528
7.557826334174511
88.05540411042332
34.08084360053358
75.89637883510451
89.36458258942226
10.742478002838462
29.983771335243947
51.39801554258805
93.74242135894704
99.85145847776234
18.048202471532516
96.21888229996118
91.23838290959813
11.812700296324763
69.35858418014163
64.80549933337926
42.08999823389469
86.80946230180282
44.95316023434924
67.77115473694106
24.5284683407485
7.948234565208113
27.495381651726735
85.05494980580946
70.8697512024149
50.044044898696214
30.33059120060634
15.348772151096668
52.45873655981794
6.77234432944892
87.9134061503813
55.16570254213209
86.4408777065635
33.91958245446565
94.62579710381725
0.8254043841019687
29.145437416723972
60.957433398742154
4.212879186044615
11.435426431690743
0.3345706659845904
98.31381958049094
85.36363970701775
48.81666569874219
44.56477047523428
45.41595480275259
54.713840583528594
87.75257870568467
88.20747970531161
20.924806613897896
29.098487969222507
4.262940595627618
56.58712963381704
9.797950335616058
26.474857505886707
68.33347315843122
53.92232672369472
70.73881370155298
48.37510980494258
78.73865821343396
81.89835930751617
81.34146529249067
77.63517292051156
83.33263920216744
71.04444272443308
68.30761211035878
2.4178331454260182
60.130756255277184
93.1265000347018
99.31753363163006
7.64527429170847
29.075676590469378
81.63426613088815
29.630240827959764
36.31405122458272
18.139232248904126
29.257661099936428
71.43183476573365
66.46144244044928
1.5720665934938705
60.996834803863685
80.69238398335513
94.96362021159264
81.92078034407973
87.70463765530579
66.51531315976763
92.45583541762088
95.95007055577558
69.35455403771158
85.77746492234608
76.84434863269732
72.72537232446314
70.8997842629404
0.8258652586238924
9.286849419184339
47.20836974869126
51.470605007813006
18.447585766663078
93.90401150311037
88.95538036820219
72.39889396072667
22.285923727287205
73.4086431701645
5.592124373891904
37.85634024198411
88.2660921026744
35.18748630869878
68.06308504582427
77.50699626532442
89.93984391944255
91.94711781499619
69.98571442671829
76.74416471234736
59.19426212364848
77.14675049993569
30.130903714219258
53.52630726761352
52.97749090813373
7.126406736894319
34.02508226501916
82.76117080228573
87.58755360305861
88.82532042689229
29.70357791144268
0.6796748010382436
50.0654908591726
34.46947868766763
96.3340101107028
9.496476889298034
48.344566395437106
78.9558982357495
86.31546442808585
55.66910376678963
14.439869784387449
0.39947221173911585
30.50837923103401
92.01348810714902
56.68289511791793
13.035728170294213
97.90360080174064
91.02873545916458
85.3275658554393
23.627674444627644
5.109443655772317
84.12219351785903
34.901066020175556
21.132660149974058
81.77684379453088
63.66662340205905
33.20682907813003
59.0181752110674
33.13355518010426
95.66670763144329
2.5043900496898974
87.04016076187035
11.582447966289976
2.656533598588129
79.84729361647452
72.10778103324603
44.41020185503051
84.05703279661502
25.717833733080518
5.896370167248155
13.19784852655359
21.13151361506881
64.64522189910227
57.70630546709599
77.08523486634185
5.615580517092978
45.05363533319879
94.00104137060613
72.00693552528703
90.71478698204568
44.111832721704694
36.064480808436606
4.542179991084594
76.77794419020914
95.67502812176197
95.8536792743
70.95290171546442
49.84592658028336
14.240458456229666
74.47133048107655
31.803390442830782
11.415142710367787
84.94389923870247
85.77948885294705
24.472140564869328
9.098641332299383
19.624241536083563
94.99340623900774
31.028573335559418
59.513161385385295
3.208531404227666
55.814952333339384
6.0548513558862265
54.77309179586549
72.6322038817365
77.10273540376006
9.439876452065455
39.928187221120545
22.951802342565074
67.60076162351858
81.86963578243423
14.28397094342837
73.46967939541209
40.98717874926018
58.325226973315935
49.199646436318524
68.91843150275292
29.97373862630852
62.44992070360087
0.17030978821196419
29.578283431318397
3.408397945463437
74.20557384122382
9.703864002959017
32.63698926748243
69.74268126645498
58.08594220132524
81.9924286360678
97.8354356251834
67.16028702325762
27.24011361966977
76.84493619084859
47.590968209022286
75.87676990780075
24.12984125849309
13.067717438732684
75.47799374090307
61.76072354419647
92.08476707767835
45.88754536472247
77.55747926189511
7.29167772221656
27.101353666474047
77.3945098076779
32.83121521834671
67.06013863981146
71.45631767483206
10.17448910363571
69.79116047121134
88.84752612218891
51.821130710930674
56.696892715792636
85.34004304674971
86.27857069559361
57.582072939031846
71.02657885732188
81.16909265318122
72.72998895514813
3.7630045200600537
26.85915121591679
76.51353137729866
34.80410195217397
53.603572320353535
23.693012681273483
70.53419736571459
64.05657871252728
61.66784498884146
18.384919224032416
31.67656888602214
58.23102548983895
51.17174045146402
17.424258906020118
61.30473417016391
19.90619446206251
0.200880635973677
63.03975389176498
32.145990316947604
85.58783063717615
31.409986879867425
66.62799210409935
68.82054463574616
45.25216882369243
22.4653227225601
68.84833269352153
77.11672518317195
38.25692865168412
1.0843276438438187
63.20612186081978
53.327295400546795
8.722273531481772
50.525629695185415
62.83729821503085
81.84295380976322
31.29427803629621
97.63210291014046
34.935913673193966
66.09855155592001
15.696772370644185
78.12673308289723
83.16521882750271
69.45950952639146
10.228539342883746
3.935168602901118
35.763057663427375
85.12218778399654
24.429251421830813
43.93065259232137
55.86876563789244
69.59245729540172
53.29114735072962
68.16546756874655
63.13518926535798
70.01977042177401
29.133600852639162
16.752849242766853
43.39709309850489
54.43613851746015
66.50278534353518
61.958281171556294
87.20791298867032
45.15641998163517
25.52691603059507
29.8640277706641
27.559855902156528
89.2916551904635
73.32784743839538
54.12636049959616
47.56268360500193
96.36744388261016
36.364941908380914
20.107227550969455
23.00401734633606
39.989722395071446
10.110021340810826
5.207115438174115
28.456015424618954
37.3744243355275
67.04030988078844
81.74488769504508
24.616576434737546
45.236086429096844
41.45531002682492
43.58379448406193
29.43586089489384
68.40763898642993
67.9451918341242
60.51731392369837
56.335851367304265
72.6952958330237
9.319678723116532
88.91912992305527
76.74501496276403
43.536036205558545
85.88826139858674
10.260717229803806
24.15504874390959
40.27545117340725
77.74036352976768
58.931411297777416
39.975049183508716
14.048797967942006
77.71320505807502
62.688964557579276
66.11519457790473
4.243623247654249
31.23763075041861
13.536221637050295
95.11921322249513
50.2778896436485
64.09628621706042
56.78125841076797
42.76166379132763
22.79279634502005
71.02974235467278
42.29229881399189
50.52558293499001
3.8337820028668146
91.01959987950936
9.508361951177658
43.404499171308196
39.22983291402537
72.66754555927022
37.6107241935425
39.65382752950032
91.36641841549375
60.71958387726153
73.24036425424507
3.2802075468047476
13.359288752422838
57.36546134710798
5.034177329933643
86.59247262854508
87.82400737875203
10.125461925557133
22.514131779793356
90.23269430907563
5.430292331278541
6.742854615198279
72.78471998957131
37.276563310424024
77.2115915836875
33.08143402937229
79.51702735920193
89.07845960640918
3.0586077712772664
67.25501696245377
87.84747277404001
76.51771832807277
70.7107920371395
90.60760710196317
25.576785587972118
14.674024820571463
59.612143466172164
53.449739984947065
70.78911577141459
71.93008316994174
91.02966190276427
11.325342134635052
58.396283282901706
39.56665014386771
54.13767771978243
2.095548419488358
75.92155217477854
79.45294831571029
20.00775142132978
44.155916930653284
64.69161288212327
85.56851805442925
22.658829478647558
39.75288590428513
89.89542099016508
10.352984363930995
30.483074611489435
57.17307171614635
79.3404360226783
47.9356313881871
4.720434021782804
5.11060074032923
0.46788447648037357
3.932521746889206
29.600536800285827
39.08757877343966
15.123084359394811
6.590885540198688
5.456260541979086
91.15584240010249
12.119035231040376
99.30053038810975
68.79211407580222
86.29601251924
80.38028994983944
57.238951594608544
36.70341426408525
67.01047309558288
78.06358254276421
81.20285661207359
98.10049539926263
81.57356482156686
95.442676974578
39.548524858898524
33.302522136578226
45.52571115614524
9.710214783142401
25.092674073150178
48.8945311293273
29.650856189928387
14.888027744815513
91.92489608970432
22.31979373288169
42.730790495579555
24.516373613429376
22.573427699725713
2.0168257148068913
79.69498323746066
1.2362976708001905
70.85988869691387
42.14790400678529
79.02718056761286
70.2320226468505
28.433073015019637
73.34941268944405
99.32687700997145
9.159606389043018
97.30575079145693
67.04227611548447
58.24403446724773
73.81157859505812
32.347973163757175
12.253967084698914
46.389326480084314
74.91006631311501
86.71000579925901
19.00351378081403
41.52336563252197
39.56018610184536
86.40001502485049
15.71766982694147
53.39053063801269
57.37596397130355
17.136554936971248
43.67617534905721
80.26106387069272
57.70226777697003
45.33806656357845
87.93163033786546
28.70447228125056
26.313646222694555
99.59595785668192
72.97597480660626
60.80114774623523
99.8620852420058
23.001768168835092
8.674839384098586
94.84415618333848
47.222719701057905
16.696339953411186
3.5383223539040998
53.62830384593856
59.94253407149112
61.092651330660885
26.413995877340145
12.987523380663635
79.64431694747955
14.501134898371559
55.509382896796374
55.43111417896734
36.93000960205611
27.423337176709094
61.37566886941516
78.04234566414804
89.6668301345197
55.02848555646881
66.58049920720845
55.494098065373244
29.771188844666842
29.679046194060398
33.51036657763119
64.27932341814765
4.565004911999626
54.00778618703398
51.35098586067578
24.943657410281894
56.167113996654386
14.85652662198641
52.1057842092752
72.16260816815385
14.244103716912216
28.033988584829462
95.6524281364554
18.38570197051127
76.68086888620002
10.04989589175821
88.89963418189484
9.893008501582157
82.93580299812469
34.99482184842038
41.3984646345545
11.026879674534973
13.550160587925152
94.41240139279809
27.341054439138045
10.847569859315321
72.16220797549457
24.616288073088633
17.678363123022333
38.629172795864065
61.106688155064724
50.686382480818345
94.03548359879956
84.9717691789454
24.070599560099048
99.89569677266391
76.33621822754941
39.18915030731661
27.74687088858263
80.41830495119412
19.150709821954482
61.4083542523831
13.58454501956613
79.37102636243688
8.681199762070168
36.77757111777499
20.104671701244726
62.09932333259452
92.521782783259
93.35310763313936
74.34999449732153
29.86767998994504
24.690971067634294
39.72363890995288
80.52762289699909
6.525822348967447
76.70427948586334
50.81371000939169
87.62983442214065
83.70733229623163
52.94977625096971
93.64053341589032
48.42055826441545
57.00955898925788
99.4543923635188
36.85094390609057
80.16080610873895
81.34772584288584
79.08578529243604
73.76022540696012
57.2487619492397
62.929131534552454
72.45476351331315
24.889730731957847
93.36709189375466
12.855561207524257
60.19480323546191
16.505226713516407
35.72493420931831
98.63455731678079
32.727679008636876
86.30013884830947
93.7197677603652
6.392568503312257
54.22896054618058
17.933665170466806
95.05809606930417
63.592173068951894
1.663862955710682
86.89805429154994
8.474647716141149
72.59207466772891
80.20856436583202
54.126149553981584
77.93188836037687
65.13516393678805
85.57926934163712
51.02557968217355
26.476423054240637
81.73564928685374
5.131682824489737
78.3922967245106
26.76213197821141
22.350886109981893
31.269108361819153
97.29451510258878
1.9518051777416612
68.19942449982811
33.735994758858
63.96057880472552
70.53296750155914
57.50681695371904
36.1818826895009
66.32797800807457
10.041241902079678
72.68964386805793
51.908956279099606
53.285244887490656
73.01005106047927
3.252024750174598
74.4303960743409
81.67362353039692
59.45755408304054
91.0579008549592
63.17842625924893
45.5065044674001
84.34339210859933
25.93529338236058
89.77363902021528
47.22459076485415
15.721795097939085
90.1943587524487
24.050723791189398
97.88912619975639
50.9648814234978
79.57507192281398
30.191165964119925
62.001267842454865
2.644143435612023
24.5613587379339
83.48368248807893
80.00454384062901
71.12533975214667
98.3419174829493
38.6371780297151
32.95249013035527
10.775591640838456
7.724023256338164
95.99076870380938
88.07741892783969
71.02164037422709
96.5307104214277
18.7764155815602
43.15792051433698
92.31499284162592
36.92406273422557
29.01982865163639
36.47663103752969
5.49981838451763
57.91958512705079
4.6886683013037995
43.22343189075971
22.539392829130378
2.6978710594473876
90.88900935974159
1.3029211879271085
52.92635780605082
22.858543175913116
34.45992394333992
28.359508931539203
25.952784126448847
27.07649602241773
2.0538043530334837
28.312193949114285
62.86258573861667
89.3911859623073
34.236421112936924
0.6521216518521777
93.7352401804779
13.835442296492728
78.95173735208604
79.22250133909138
28.459682607474047
30.22037233545308
46.09870500153663
33.35547742921479
13.371624314214781
96.2471585711734
37.12525375986158
97.09340231396818
74.07399847878001
5.474306759413105
57.307441229421386
76.05673047672909
2.6421382600309684
71.3356641072981
96.33008631218422
82.11470964819365
50.44979087539871
21.321615077857036
18.678963606730214
82.11663607115159
74.67691050498202
4.0648008522395145
7.18888284017215
3.8794714161194843
46.8769857208389
52.15050374593885
96.55116944377889
88.11892194135172
75.46647724300479
42.06870132236779
30.32238553474538
73.5643323024792
98.00394190060648
64.7499036101263
70.09442332638464
38.76365863805379
73.73563623324404
25.030696757824188
33.93870891527837
55.980768493002486
81.90002751939201
30.14498196015254
75.35874897886337
51.931767598592224
15.480430502865506
77.42652160488348
50.650555736376134
7.903433669934746
38.75191643426585
89.62970084502298
91.84925975541563
4.197257121084952
27.78875075625008
79.24339124693441
82.02414755995869
16.727831653551696
74.36880965521043
71.08733628341334
37.811873384806084
88.73827221634514
68.91368139152748
2.6521410174994653
81.3979051928314
1.3962596703171681
43.95285311295199
86.74323673726853
77.06990553567725
84.72741673664615
17.74604638053896
45.26057673269606
46.369563803186665
75.88951808677925
87.266725759179
53.75291562907192
43.66005840537257
70.62275052701276
10.25571384163404
51.43762986791779
65.60785016856617
65.21568279895664
72.12643661285492
74.41132737618685
55.37352355656422
90.59702038337795
82.8358673044882
71.38507377819072
62.43580673431603
71.0509016569161
97.29045970455374
44.12128664351833
42.87302610260677
55.224063575904324
86.43996794826641
68.50675708641164
33.92600050467966
47.425101254126865
11.152258937154425
36.53954246800052
33.50510144820083
42.23585972655479
50.302625811273295
32.414917659619235
91.26855218724529
90.44756624542123
44.26278888651144
79.18281147073199
6.884770754925729
70.1024801190679
67.30900120950014
53.79604423336406
98.62527793294143
82.2981819581629
7.089330323910259
0.20298178136934908
49.68336582447767
78.66347978942602
29.082682387182768
81.2945104623528
51.38944666535189
85.84769168484469
62.26766025466601
76.97986231298195
30.14168346937307
37.38510046603321
25.988874510538995
89.62923345470786
17.656000274384297
41.00129872594957
24.236434135070827
98.39244857985744
84.69895318531164
47.43759016157381
39.83105620902613
42.44615737352236
63.44790819000134
44.29598254035726
27.587782069641587
49.82657361009252
64.00117575003364
27.453818211097
97.74328223668935
96.05198983523141
0.3642183453536063
64.0936307224489
12.704215384990258
10.546665262037846
90.63025070746164
34.346487925127114
70.5066797277683
41.58339854498827
73.44852925917192
90.17496807228537
61.73112295198091
85.16381701007337
89.48406040303072
30.595257874164794
14.849384106128305
87.14743628676835
28.124986379518734
39.51669735449245
13.613364828810248
83.0344899699929
5.423243838502001
31.427135137989648
13.234561507066523
86.5172434876883
27.258386718485006
98.51591467727462
30.194978564758557
59.42490185792862
80.82974739017416
61.67653053520645
88.5662895438027
90.11449470557534
77.63153223334254
20.979998068852478
48.726162681396865
85.77496868953912
40.13527873803743
91.59430858417903
27.381461794196927
76.70580163495512
45.15075024800219
17.33525117806537
64.96180009105666
7.349005663286512
46.599008689418206
64.40943878753458
88.15898141423979
20.17034601013361
72.83159558607547
30.68196844970077
35.957699603419314
19.80522252222203
34.51868742379863
98.02754658547158
60.93992987825418
76.24317169459039
81.4154535069428
27.959255239266213
86.27120624412285
75.93183265478277
58.60261480066398
81.48538878356054
25.489955018220478
3.5194143879838657
97.73582948150643
1.0532506591906077
32.66302086951568
92.47446323603612
9.882099951476263
0.9067293301842194
90.2500260516133
42.65973229301095
4.184830830666353
87.71783597034177
83.01952042008915
68.91493572943503
27.58762244842339
69.62504285835
3.5712929138217997
3.454289897007301
23.535847075949512
8.888483442546358
48.09120556862339
48.87339577141526
86.12588207211112
38.43474019201718
83.292905901612
2.023105120605484
26.470272099223646
84.74135988797647
15.66768990424614
13.762685775080886
51.140233043508985
26.7214190649806
31.53946924530755
73.61864943080664
1.4584665602771385
52.69186324863331
29.409369013818598
43.59155733932316
49.849790369595304
72.32584672448588
60.12063415820516
64.66943206977008
95.30697558473673
41.055224640517295
76.87556068021169
95.41106179319337
98.90058402500837
8.982616924797126
78.05602045591094
52.51735142260308
2.95139598432419
96.79636287198267
27.85641588982245
57.527643352705084
73.0827530865132
53.51687549561598
33.29132568093364
87.67656400260867
62.19694490299379
29.930273966577136
66.34888745081055
32.524786934835305
44.28461621930075
62.11451632028054
13.245529885578112
46.754904935607435
52.73526581571011
9.25043329261479
5.414094690987426
68.6341285447967
43.4477684149823
86.37772802089138
89.40159551842669
29.999112245238578
13.408022563159294
4.932936393390519
56.27136517532829
8.208612161216555
11.734051840107341
67.1548070632401
79.63580787707804
96.3698971585739
31.700719318375626
54.74645960797364
87.86176907455422
43.38480061514367
44.610943711995645
73.99052508575193
92.83235726289077
78.36344041175043
34.50398170853299
55.35008539704336
17.578439391320078
49.26219755613126
25.04894075737607
90.9967333378408
87.86233967693877
12.110796110642008
41.88710201008404
42.96659787576258
83.80888367053662
99.97800732448377
15.110873365307265
82.30366718770476
49.53110582413562
24.04581691229878
74.87521065431905
76.98962067518997
6.507056603748729
57.970696956474775
66.72231736543847
93.75898508223207
77.95962720298381
75.04039497430325
86.29762228398332
75.45886137254038
60.360319851477705
73.50434019190008
73.94851820058159
4.931131519338994
20.72699047407327
4.2368917985642796
61.084556296462644
51.97084035635506
1.2898787098225561
64.03242476172653
22.607143382775718
55.096021604115066
4.2462858166366075
28.141598662300282
82.7715464544671
93.14034120583364
49.21379471304904
28.405661652040372
24.40998019462426
76.77814880438028
23.396122603347834
38.51154916103441
15.20123710887079
2.298487976374264
79.47648238627096
90.73001716941926
77.73171703310577
28.541361967083713
16.752754072651754
44.9410827229749
53.837758330461746
72.64821180882969
16.79974140096221
82.74793246996298
28.437822914515166
62.099274248758775
34.06999136697861
6.38627708265852
16.755177479692808
42.57170750348289
66.32204216091175
94.93754061103591
45.66463710774771
10.66714938043345
44.93027839408066
7.95899400665242
20.884481130734144
45.04708540011006
66.68451426824113
58.748337087847624
4.475134083967813
56.15595219794497
11.23459994145647
21.937477500847102
41.161935375210646
4.941474017224701
72.69867097022075
94.94814895028114
32.36247581498167
93.6015586721153
52.312462233546405
65.67985382736597
13.888087184233688
20.71397469532943
53.25877557723082
42.27806743264534
36.50537307362146
27.492057965821026
15.981888679840516
30.271208560372152
51.5596144385879
92.92612762472487
61.07185050645027
22.412393356119598
66.57610184043409
58.81111941215249
49.60968444250376
28.486996363803886
33.253782606351635
62.562294777288095
9.727731441879882
45.917316824521514
97.25490039393617
2.842856984439357
84.24157708018964
1.4378817728022741
2.812965834996084
18.129662437231143
87.4673191758722
74.59915824735617
37.061704124051296
12.899082900672653
59.97711921764422
61.93128584268365
7.848370229891522
85.6469310509022
71.98748350908001
50.956779096761466
44.37551176236475
42.50818650466256
9.343039805020027
55.57735146387888
17.19323820889185
25.007773193920446
23.318249765666877
22.118866215160804
29.020758265751756
53.40843095474306
44.61417974010163
68.91555331099651
25.24407691392684
79.67300791396927
14.33018991107815
82.41143430406882
50.62799779049031
4.90432568007364
83.17251874751499
2.4254314411979783
49.471428239003465
14.763702485491148
62.33268199547515
75.42918284694548
92.87397967368432
52.63559675837164
61.758091313171306
64.3881515380718
25.62823784487078
86.7341191100998
38.91405780518987
73.82377628430942
0.6409146361508022
26.02972371441349
48.49109020934722
32.67622106992375
45.91599982655783
8.597226833629968
95.25660878408588
79.07081458849177
39.60398203278063
21.37561157918689
41.551370831231
66.59929149944223
11.913371461934464
73.28652816834035
89.19220985093554
21.555685620982203
69.40065456444563
43.781342522328515
30.672613338843213
71.07124445120672
55.41466420042094
46.26052906862947
77.50326176807104
76.30254082823981
80.2347021697561
10.674782569739383
88.91851349913897
31.573192720061737
76.20449089380715
28.21548689499773
87.86962844994201
86.55339470491022
94.826049351684
43.157716075045926
9.65546944947986
80.68931245781573
23.710801811790894
28.576464690109805
12.14690654479157
16.349550024272265
33.28873761281521
15.028252870368153
89.68955138834336
57.154536829055644
84.83110282947945
96.66231669155832
0.7840404331395989
85.08677489981413
7.642683053965749
3.982455521133499
28.28490125428702
34.26487518534002
79.54932468643521
36.68063036867305
55.924926728004685
80.51151296256633
37.21532154930151
20.91986209293498
55.111267325704915
41.55393919230262
80.20272035987486
69.62699010963635
20.81526490668235
74.18281903926565
70.27376410086019
86.58757470191011
15.440808456973121
94.2045992017767
0.48434466589566405
51.36180956016712
68.35669348089911
93.85718209220477
28.08670862964222
83.54300843001413
60.410776217959075
68.13346161877504
85.55788002536731
39.5232673984654
33.72852128500943
57.98326298588884
56.35020056591853
[Y]:
19.724955816176696
55.90326448417806
33.74022901766101
68.55804149476916
51.96313766625016
81.67860366068848
106.16077004523041
66.82154276350204
59.11982572306631
55.779489561327615
30.244026763094208
60.201879534473505
73.39539904035803
89.03175557989306
96.59749550567567
44.565491298342735
44.45472731062314
81.69436651062473
63.364300576033344
110.37030514251715
51.53645510779239
97.03288316994099
122.61062795034294
48.684869814208575
97.33950106595503
72.8251681040786
87.78080773837743
21.55995876274197
48.37580146328963
45.7620001524479
51.99722137018151
100.63731209352585
126.09236910572884
66.0470657954442
56.95827481701539
132.1545675340141
60.816525088763306
81.76060282889958
63.33267193557349
28.614626516801245
25.90126189816596
104.9384361224466
59.87076881080189
83.41194273553671
72.94640102370343
31.123903097298523
18.75222122429092
82.44746994246326
135.42732075144966
31.167554061224106
44.95551697647879
94.65195312014647
65.70487145466585
91.87444890965939
107.12246768690142
62.990849879762486
70.41582358031539
25.853532635889458
115.03478935841216
107.46497394328848
26.7176605010988
61.532099276168005
74.38473782232512
48.88829259990708
106.72551018620749
78.25926555625466
88.60170036920556
76.96024568621641
48.18970009400936
39.607398495116755
136.63772855966337
110.42501700731043
116.96448757011795
34.23535898304948
36.541924186405346
99.56538025626894
120.0690243062424
37.544886803179324
66.26580784642856
68.49193996238725
68.71289662719008
51.34114247945401
84.85863079350955
50.01346082033071
91.9304429484515
80.2856310509458
99.92907890160485
43.273075672907375
97.928282229172
46.02399123462287
118.3773803873287
36.050247666977434
45.246565979351494
55.82588518000787
37.28100420440619
65.9998913139843
52.588602127780476
65.27488906618268
79.42998270020861
73.5284995123332
95.87246403747301
69.12769945207266
72.43506979913776
12.964196993407283
23.88661450612901
25.743550182337977
35.8550913134964
29.05227686905355
53.68467106221765
74.62380756380553
73.54094003558923
111.3324395434527
9.222160660748168
81.01309273571542
113.81558760202927
112.58076985402121
35.276144822543976
67.15476904981888
102.67099745336172
57.08139250508283
53.28853400256527
117.839053820875
48.532447053403544
74.74136699482992
86.88025908152304
23.9784967045446
68.6703210498015
74.87990410028189
87.00959565106459
64.24989838232291
111.21201932010288
116.91043122380071
43.86635287062069
56.393883551878915
93.1936823852595
42.93973369164729
89.98321773921754
103.12631712131201
110.76453953510655
63.05768580673292
112.43762113372637
49.67718849937563
5.105644891450203
98.26441269277325
92.74149749477031
107.12486342649201
51.58109191102145
50.66249526211375
94.55681823739451
37.080226367647214
99.34621214899326
79.39002968957405
53.1847671843972
59.43285031497388
111.16655053775413
49.74965856541773
89.86757260580939
99.68353958636314
7.960555914779309
109.2862192990147
14.234389806617287
106.21412818680395
82.38644657558015
87.21486118080452
78.27814976764128
97.71860592827016
72.9248887728154
71.98522278011538
112.0366947699988
122.37984518226824
39.27245323841956
98.44235148690106
35.79337625088089
129.82286241327338
92.17809045048429
105.09033593983781
34.81417166740044
77.52967020189749
59.8750087660351
64.35497477994409
55.42337739383949
33.95816730286515
103.9270181652939
25.90466021478597
126.24701658749517
85.45401650031812
31.593949491508376
15.602815382958319
80.01844080612922
85.3523891585106
92.08453895171576
101.71898423025226
54.65481281718999
69.92498062268965
73.48487679443585
60.1336096429357
53.513320742861254
40.41384749212054
36.92348116493942
46.69492565065385
77.24894072658694
70.73498001416104
78.63638986087342
75.7636359549924
109.09085841816713
123.01921196328543
80.08156445370827
99.93788836968142
116.85253676661077
80.3419502525191
128.1985781296301
99.77946178138025
63.54733034013498
82.10934490448803
69.84763958483656
90.2053565075081
80.47768659485519
78.46676807777214
10.087307664905305
62.05188026601007
87.1391621484988
61.474892268164794
100.31205152551536
106.75235822850075
49.51761311063852
103.54840885224567
81.64505512583722
76.485774916899
19.194000246116683
92.2363957263136
29.08956481412992
70.53113711105277
120.86560661478975
28.24390466836001
85.71367050685006
70.62764736140058
76.02497998137191
76.7025132596531
62.053408288717065
76.71695662188489
52.62658771549837
47.540400205586174
28.67912483832461
59.52294977644851
31.94881446334795
68.62538133591643
83.36237118088013
48.449066318377405
95.80109964452342
100.04542336552731
27.996740198722996
70.63666927981279
89.28739042500992
84.59362408909973
73.76485493354815
65.91330639269245
99.26873508474712
81.54538685740032
30.192913733756043
94.33161397942368
16.29991648059973
83.06177271277186
93.57930909918578
48.24886188545519
54.05664067548088
69.36943144390213
86.34633682829542
21.65457754941091
47.46677806528107
22.215530797099603
10.137678087352427
44.10767872751727
57.95940493327426
49.76487268881311
77.22676393044497
27.839728982736226
72.63147613843005
116.59693144335833
57.09389798894081
57.56773103448589
119.8287002736216
112.05934114228715
85.86846766202768
42.01190344659346
87.50258273408593
120.32050866399376
89.59552736149666
80.50806479988532
67.60961105349888
58.34830347740653
61.829333209322
115.5360404644434
67.2723423913595
69.32759130804266
59.12714003125643
55.28940787914877
113.6146916266911
60.29573605897447
66.59376612873487
46.7553453376219
57.62877974063477
94.1511252159144
70.93794149393698
82.34225493877258
57.615337717466055
96.79571078383356
57.71884289383514
74.17185051346641
136.6999792528915
26.92907809690244
103.07844484492355
78.31171143536318
56.62013014826043
98.657591192958
34.6164812248866
59.24498369246705
123.77000045807723
82.17116601400976
83.04159997284088
18.89343171753455
10.228143615399066
27.98227888784142
74.2095018984723
42.09890210962103
74.91017995248747
78.7010674258192
22.04601522097531
103.22820529113451
59.82304305916175
25.52317132329368
68.6616223965861
49.201494380290725
115.89147070391047
88.32416716875846
27.121034270243623
32.327826156278945
102.6335931271109
88.80189077275918
76.9142950014799
75.00491912878287
108.42131207209957
59.897869030030094
100.8030986240611
118.91162964613275
102.09531907468184
86.06465358651137
94.93168419731231
58.72045438741111
84.45775952340202
117.209587431642
70.82595336246058
87.66553507016589
58.43706617449443
97.7089878258403
123.42676978159736
80.12308823667742
65.93379825769348
75.93711600576522
53.596103192501346
120.79357041778286
65.67864467282372
37.66301435693778
109.89207570095434
58.11096745350392
79.27722255926365
54.989970227352586
112.64308046841649
55.23164859835809
29.441479312579578
119.28172081336919
52.03311809510008
104.43341368435054
107.36505155064023
76.02105858380759
54.6915054825473
135.6739198871042
38.23591163803519
86.03364256878658
111.70050793001442
117.24900303231414
95.44215728854161
84.43185237540489
98.61726818765308
74.30437320218445
31.02945491801896
97.60078579472295
82.11340916735243
104.94724857891784
73.14123933465213
90.69729120832756
116.53570194964612
99.23512168956665
94.83248389667563
14.331885858923297
24.33274812037822
62.06640859178195
69.02078968625507
48.785377655125366
82.3174973073483
99.08675226813224
108.95113626838256
90.72526255894482
108.22612068786681
76.73615777009474
70.56826082540876
36.843229152302115
51.187990938366056
78.14682120418576
81.71929654007884
90.92464582105211
52.60856590434047
36.50208428823419
75.88540171490737
106.7417086781823
24.44801081792378
79.74914017097893
105.9026417299706
23.479762171493267
74.12953339293794
94.97653345702008
65.13320782881584
97.40283557723271
20.38746896516086
67.55319491056149
98.29727587159114
74.70999908133822
59.856105059143545
44.47606503755537
119.5125689319427
41.372961540316645
82.33629225590636
103.5418948591321
116.00149516396391
91.47769816005149
112.88743126267264
47.77135592306804
108.89087851166441
99.3593243690606
65.04962113870404
113.56966212044762
101.73048126277567
128.44730909597627
73.57513269974966
84.68478920483352
117.54037261940127
89.75662520215019
58.180331670463936
81.90295053345972
77.22902255184486
97.61923873101708
45.21312021817127
56.22344536914194
61.19425356743679
59.95546455513245
88.49630612862427
40.30024999964772
31.82510752743488
51.10878437366266
45.715621621387484
96.08366015965039
96.4254479570153
34.29206150682221
98.23112907356557
16.915681999349044
120.33596874865819
26.10238874324665
44.251313021862174
98.18745788186169
70.47563133328384
24.3463952818465
22.29414695614758
120.65415281637947
68.64837111355996
62.29762311203177
69.28883187537511
22.92188751852096
116.06168209722944
49.033511595417664
93.03870638081037
129.99130899127263
64.47904599369635
61.439728090709124
63.349181854894184
106.39682598887433
97.82881099028707
71.56979834063334
57.74358444653775
64.79854825656116
93.83923385301323
90.54431215754647
20.983935896420537
81.62610866816377
82.26541292795511
71.91558865804416
81.92952930227763
66.39331502017718
69.19461457364181
81.88447313981696
99.22460120061142
54.981898407713146
26.95267706647416
54.20406992848092
31.54249694864739
107.97387672486357
84.35168712049216
99.62110802542033
66.52097337537448
116.04106149607284
49.308094389791265
43.95881923385293
31.80552168267873
77.92404932934791
46.64927482171583
45.721564250189935
41.989008074951784
39.79177841183649
63.74990170558567
85.37020979158443
131.37841410138697
35.76339453413847
68.73270363626155
79.41890047628799
53.47484739980874
98.09405821857975
59.08380770271207
50.568077364289444
57.921591614593126
90.8474421366003
88.98366194351084
87.68247419955279
84.51841908724921
18.787407391732806
119.8167192206359
65.35971238032067
87.46124917142711
74.22228891702898
45.8090067142201
78.52040568947254
93.04404692791837
72.71255944531268
63.896815556211436
71.57058783536667
117.94188072065725
103.39435049279672
46.42014383839732
96.89378382336528
73.87968867688892
37.073131331939265
109.93762992809981
82.80195111619788
72.4010056823316
61.53871114288242
101.7523691703817
105.3367701406553
63.29518342446041
109.39462435562007
65.29193701840185
101.19767057603022
81.6581021635712
103.35727216919385
45.9569071355493
134.45746044107653
120.59714468700659
96.9750996681649
99.1357733301927
32.28058202980174
111.79731995947986
70.1083423641635
105.17783319343626
63.44496087933635
45.08135206767539
81.08848048537646
69.41427693807104
68.35535029215033
91.62188986007055
90.82931091816575
91.47252819666039
57.96434371861741
52.44276500564757
47.55906951179631
77.95266474831612
33.65240490349185
48.33559670370721
58.13806241793621
86.08939288610462
52.788394732774044
67.92876200708102
43.14394525537993
54.63496092167084
65.80811409855247
109.5634980791103
61.30138064310036
29.688529589957415
128.12078632937198
83.59364175264056
35.18218969307463
78.91068965428792
51.98865726718131
73.1821261934121
99.98596305451376
58.138307743103
105.46453274929901
26.39258227061695
45.42506446450172
25.789152620952137
49.496085314533815
96.09076195290865
81.52913240045805
66.9150459787601
73.30686733661646
55.19496077507327
21.02622243682798
60.472271335360766
58.96842931902618
96.09774572414909
109.47732895807175
26.48227452957997
56.142012168025104
98.2266444849451
69.75132470833118
64.22765514620139
126.74076217547287
105.07058306924499
66.10694461424964
85.88073508957245
77.20022722043774
117.80565985954051
59.947109335921304
33.57430570594578
135.1590342476298
60.83251243271256
65.80772718083944
29.008279890210147
34.09623573294829
80.57716314104539
12.531122950953012
106.98898384844739
22.21232722320714
56.825694520042376
6.200163139360569
82.82816187850227
89.08395176903858
31.37564157696692
67.54859827734386
57.02281450357479
123.21832562373636
66.44658329478511
78.95588161722874
98.24643799096145
78.25861437223085
33.72345388727261
4.972327312893951
104.22508715824259
37.792795951520304
43.44114814155913
55.21165992885875
79.92495292901913
58.96115805170743
89.70137391061246
27.30094514919344
74.16072405165515
103.91432252749198
37.29949664801318
38.45315826916726
84.36863759394934
96.85071025833162
27.2411613539479
130.27931242858642
82.32657794466908
105.8283771390939
24.31814346969743
117.05864364279452
85.61905906545479
45.481242405603226
73.18723595848704
70.30769143556584
63.407419286147295
54.31012079395155
120.69414758042325
64.28067382983866
32.107758613232086
118.05421142236375
84.33266365772852
117.99611436292102
82.44127223075037
107.5133722715633
102.88416639103487
65.95580038438973
98.86404642053668
62.12043869645623
50.7820083132713
74.21995672088603
43.193884921682866
3.5560219948538827
84.51228401516576
105.41000626967487
28.665617223308743
32.383866349914115
32.237380316157584
90.60432305996906
15.401521460457568
56.25553020873393
101.82217503844353
102.13186385694448
52.31902148749002
107.27849608066676
65.90506258148099
52.329118151918706
72.76739416594752
35.54904754494588
97.36236860707177
88.08368957491194
88.99792211688379
62.49445674623793
122.00300241184507
48.759341993940055
25.55623666486413
40.06710205887928
85.95720096084715
48.330753012203274
127.04162743388136
43.09467961477759
26.825194882876712
88.19880339249445
55.859975966439634
2.6711359971499284
40.09941726000967
63.98372392070087
75.52359979547683
61.196373796521186
56.35899164521587
87.54333098684033
75.77015114560099
57.81304925863353
106.73048009487708
55.007924817257035
48.8851022291275
93.2781904366107
8.737198578489116
66.25198312815445
123.71843523236599
81.13847506147425
49.92272236138684
78.43611777670118
60.311449284850724
99.30199911973222
69.14661492610038
29.26695884646645
86.60584040829403
75.13983474951571
49.55293915352855
123.15688049755389
65.03741679947015
124.41601179434079
81.14242805129628
52.117634090626204
55.83832228810365
125.51284194202015
119.48842926759161
129.24847785284723
19.671692389652875
55.20438788307294
40.494432448923135
34.19189088812656
92.68234725500972
60.93182976422571
125.44573154260311
101.38684673332125
43.43651696345699
53.241080962192775
76.94445764106192
99.79826014930119
76.8961585985998
108.39624187252949
80.69921917267295
95.23077605741909
29.872612740256713
108.29708364973212
80.5081519224482
110.84226480829594
64.85237045889974
113.00066335618118
79.21417563192367
51.96707831313888
31.793502146089885
62.69466463067809
100.2987758784652
78.74415056828781
83.463151631167
14.785215571260151
94.17762542880666
82.36609049488685
49.41974327514127
126.74311341010215
69.27361104476304
99.78490780270383
111.57390044187083
100.01687762461336
73.59969172564138
98.19735690280712
55.17474291065218
35.84220363411391
53.47756609307166
66.5536631127759
69.24665720109817
73.13079807686
55.208545621271334
71.61606616932669
85.74816691252451
36.089622699732324
92.48443908001205
78.03635302585552
85.3275778076418
95.01703124980119
47.64390183148773
28.61025935214724
59.484708076664454
63.633575480238804
72.77498735489618
83.59595600475663
42.70069423921362
51.11013541007118
23.240086326667832
95.71023589173552
35.95567238939488
60.590815936380494
29.748057069459758
75.87123313363074
96.73297596707127
67.12729681383506
41.9972057584356
99.5639445796316
37.61161584646829
19.14884589924631
88.42951259363426
64.16862575360202
45.32119588891946
126.43245400497179
125.25205090238161
64.45334452849822
133.03119142271356
47.39847799745879
113.70908356095113
109.55573438251925
91.12522647035024
23.834271288972737
48.51800364147823
28.637513543034324
82.68277431753198
123.23474513055494
49.611342025711295
72.05301504646644
31.154909392899917
106.19575793833909
92.52497772271023
101.16338195460389
24.825871398641308
47.539500553260304
56.05695962317158
93.98926140002624
28.67512150403425
74.06349511503589
103.11756830259922
89.57847504928762
100.06218644527098
59.08370168042508
54.81108170033452
138.69429236475884
109.327912964228
49.35732746030479
74.77223254331992
45.192971424894054
63.08591432463583
16.382810119607107
99.91960526924656
70.03773549398637
9.140031335254184
110.08125214105368
63.79804253228848
60.790181002040626
104.99582811254398
110.40629359830164
33.17906997503921
60.25487840623202
22.35595756201993
87.7157198844919
10.242552983501218
92.40052243116908
122.5352021473943
51.29023729322147
25.674353353116032
73.08391666818866
101.78368090367258
61.442018354799536
71.13040453566485
124.11044608448344
35.68000499569864
52.25246649898326
46.6605216968977
66.2031902123283
50.54597430954875
112.55582959450615
25.93936454080903
82.49571902328756
78.08699263298334
65.8685811211228
48.194795465792936
65.65733713973576
117.90541660210084
33.332936318422206
13.97164184041473
25.780401516103996
71.61662481004772
110.97096990835357
101.09267329495901
96.97549987426929
74.72782606019082
57.016999170971516
51.14329220540559
33.5362140435674
6.329201548906495
78.62422757094237
101.50181681528164
24.41443089581003
105.14080498872548
51.4066125780837
38.898947350977544
69.97764278597553
19.021713323449227
92.33386840602103
55.04898455345363
130.26531746369486
92.56924052964246
59.3808031746121
24.61426142445355
110.51283773574181
56.86831400043621
29.581379500690293
75.51378060425417
108.6928937191131
57.48068904664735
122.17621292740765
70.9003994528297
52.4421207462961
109.29864114849869
80.8256730139131
97.84904403326959
66.37660736491429
65.57057634273195
74.03015624480554
71.05200413995189
95.63242109335869
102.47045654656155
15.80030768245401
99.70224323408036
80.49899746356559
60.69173338296789
30.86943334078402
122.04039570465233
86.00994186522414
76.00085553931194
53.65675415491084
102.56947148731946
104.45260583267091
92.87483428116329
114.6809320607262
64.75769644841684
57.49356987759735
114.73783806764064
35.84603541484144
30.566458825425816
79.59255853971842
88.34527977949332
62.94183731690466
24.292658070176063
94.56605740006103
94.95155192067273
37.93109148080896
90.0261793090502
50.59654832576015
46.9710234555927
120.60008719642082
86.39392131028399
119.068065226485
25.667359738247963
81.32481347800787
79.47324138140033
40.331665161731166
126.0986446252171
84.37239134500113
121.28029147158885
83.97096596160978
73.30244337510307
100.50530384570592
120.52666429457737
40.34827261122439
50.45796847750582
50.598835098363175
31.984262803511847
86.75376293592603
83.76282583662828
109.32717356899784
87.39365298815802
114.9516690013397
80.15697333566541
51.25732201954881
105.38486892865969
117.05202556848661
58.294684875396996
52.798607052199806
87.75101446907954
58.625366203775535
27.440520775477218
67.12124170525868
111.54230393371299
83.67014639080665
91.71921739074662
69.55895934982692
110.57755759146394
116.181150235367
19.449811973820808
75.94794277589719
100.56100870237026
60.0308378671364
21.38094706749438
91.59884282282627
68.55192560454734
93.3236907524456
34.48540906962152
110.92541943022725
62.02801216075511
78.61596658275262
81.11189056164837
130.01448037248696
79.72216640067197
77.08945719996962
64.81644446342075
60.59593388556296
107.32487645439687
34.874691022017764
66.36404508095606
85.52473899021282
12.181682740587105
115.97856544209779
62.512717829189654
74.50461602038668
96.0258545777038
96.21927271099665
49.15629978622789
49.573599238398856
62.0029550755171
79.61560468044745
74.85542155551653
61.70860277819866
50.883415178660805
9.461585897736716
20.91349360119696
109.33389897870777
25.153606174071207
65.66383457789107
53.78412164928608
45.33238328942302
55.03016517540465
58.919303681472286
86.63156806353064
43.87927684901595
50.05549036286591
43.20558772188983
53.33986386420419
129.68188964219542
37.76185534064483
60.26494950684944
64.52334887884135
85.41108112137296
77.44495862630606
112.14384659417163
102.96790831801775
30.180669188597726
71.73577585778082
106.31799016226668
75.81387223846164
79.25343474953841
34.39077001569531
61.944847430813276
85.77151697265123
61.71662925662404
41.510203469944
124.39755620628009
21.97403761141934
60.88148565350883
58.48340103215864
60.071549720099696
69.48983149335928
57.60045911286063
84.74099213109048
55.14408111068112
128.21654781249669
23.273303869921172
113.97862893747055
91.98055145270065
58.91925473494746
7.440196778105219
97.89717270624182
89.16230581771838
97.38220343210492
132.82546671454574
43.79605490204503
45.499657734810256
128.77995619085618
119.36502475620303
49.91291771038459
87.0004034267947
61.56140974483162
40.511992808133
94.86846832423916
51.132710228278185
53.29427097110056
75.03820620061023
117.48911483212191
70.29109209546837
29.984766391156448
38.09051215969411
60.89128003663745
37.71170077127569
75.60453186492771
47.30036103273598
34.13099388239749
55.545809092044415
101.84395130531678
36.122329690039585
74.07350164759632
94.29529681859952
78.41463416063944
83.53107810589765
69.1762278953329
30.388711643773235
113.52846995275272
91.86168021793054
95.07860031481863
91.00590432300311
64.5438699807759
105.52321510385246
61.153845287482525
41.79188900029821
89.53096892249046
17.346734482048866
62.355616701980175
96.5174743448836
90.71011481335427
105.56585095060862
69.14942003079777
109.27500456481945
77.29766113615624
50.94744005703134
9.078413756633825
129.99209405788577
31.724795541474087
15.94146755263511
68.14689717643984
75.53285470053399
104.67761546584197
55.283820642833604
109.5079739780808
107.84197438452618
34.88931996641824
44.381679069045305
81.74461295596475
85.49456295184444
55.97524836712748
58.41491563523395
70.17029750319931
23.317469978115966
103.43567623544922
4.338628435276082
43.817332132451895
71.38614009933781
93.19084824206372
83.45091900443245
84.7184699803325
59.63673510758869
54.1998150665183
113.27375432431514
84.27173052592806
48.03887906510149
132.3105856153058
107.04946275779221
45.14003347192977
98.83763111921425
118.48592721779922
41.824963551884565
104.62483251373229
80.7112019977061
58.275946257632995
87.14349812586272
50.45671100446342
70.58074328440179
73.78992855754495
88.99150982326007
62.84613062329025
110.46913309758477
79.89797250443367
98.50790131537823
80.30485899070753
58.648581025651985
41.52726324918849
26.386112618053676
51.645356715420675
23.466626706101735
83.54594547506477
56.799932297774205
40.60049843557261
45.076318874696234
111.672659476478
115.41135072388437
39.355661517535665
118.91973909332398
56.01232196880551
19.483320639790126
83.03948371431173
65.65562499794027
61.59749302764974
38.96525496429575
59.42297939429176
55.567569872712795
20.78341983657247
119.03030793968713
26.67055889668422
105.5659807859383
77.94005810490175
67.13805930198419
91.14879918744018
80.01054260744222
81.1817679538893
55.23855342352792
22.41220286814815
77.90883881420358
73.60365247905463
59.32885262616459
16.643813275649375
104.06507522522416
56.036421675816634
42.406190497547925
48.91632206157833
73.8481460560749
52.631967866971905
93.46615003656278
52.93397474318712
126.76281695349653
51.927288728730396
94.4444512099191
21.23819437154666
50.2915196918075
73.3428562649593
70.63525371232788
18.004165569292105
101.3294170138554
106.16461459782295
21.20362633031141
80.97264124705265
54.47484816342524
82.53599992962968
87.89358850768102
119.59039338120908
83.58668897062906
66.82729280773201
77.55242418194928
31.498228011648436
60.56369281573892
59.59993001384505
74.4161622199486
36.695692363147
79.45664187254478
93.00709140115436
67.20951621747737
54.98432337931965
37.24286404877144
79.90072213183596
94.77317450677594
94.42950901008022
52.132797273237784
74.62720258707428
15.915658573957565
85.04276213851242
47.87053749549105
67.77236767986153
40.44538075960952
78.07035470591683
110.00251014974478
132.00160470440102
46.99028332799841
114.85037042806502
71.14445689920461
98.74149064674484
57.158860974350624
59.33546568619455
61.265189416201615
67.80311829393364
41.641765702772354
76.6597768682578
47.42421312729918
50.31090981288658
81.5982054353999
78.69613657212079
81.92407629541309
95.7399980932616
41.902839132816965
54.953886648028366
114.87220406544631
96.7569337052884
119.77067933888793
80.27210761955067
49.5277501475106
56.950190973197316
59.05390188898581
99.59933262886278
59.975206373523065
85.04478357609796
28.425035405047453
100.99072199745513
40.41487966675644
8.659492798585436
86.45437978995872
51.305306591351204
40.359961026987364
63.13002134782367
57.410491290607254
56.75355492600022
53.551900628221965
53.24025089665187
72.67779801410626
128.8114418332866
64.02961496274324
59.83761384814777
88.75525739703069
60.69706400056748
82.59281931981434
39.47940842795866
62.18487378682917
62.18422589062771
130.27046782377067
49.43476963352494
39.75460732151787
31.467121147806488
68.30054360022064
85.39069544857709
73.3274819712719
115.02789278375079
69.84287671132336
94.00050223197898
25.701660055805455
105.9614911503095
35.66759038588785
81.35481129246025
18.172593340622736
93.00164260131206
87.7987973050437
41.0532078914002
88.26061914631956
81.92062507266179
96.66068728708089
45.11396948363403
78.16474230899566
74.67293235924019
28.870173721829502
91.97076158404668
121.98779685961708
105.91183655381496
22.33248806707746
92.15989210512195
125.53462163294515
115.36724017332608
17.68413133828057
18.238187972010834
54.849795545953874
101.78897272484924
63.0012703757084
64.57456524588983
127.51638354900834
66.28439260389861
129.87120420813312
99.04877535919556
84.77049331422197
117.54423698110011
59.56805790349297
101.82522267541691
53.00124786711656
70.04122228389636
86.96595624571269
99.24470620198542
93.3825405680393
109.11057832690612
43.68670770333877
72.46103849718013
40.25906564783173
118.00983670048637
55.06985739620825
62.21213673004059
67.77425827759622
84.02992328950711
90.46551320417889
86.02956290668722
65.39462778546911
122.09292062615958
49.70635937770928
53.115670185390975
70.95140851680826
54.806452610489245
100.97150041175975
91.59113612630465
102.30607195853538
67.04223346504178
98.14051894574825
124.17589444347038
51.898838322036
88.12509932632042
48.844718027191576
52.86392433288791
78.97082277279503
43.765023796800634
65.11526322803799
44.962631986672505
24.58543163051946
20.521088110547964
99.0390134136882
64.38428225415596
120.38619669890468
56.3154504406244
22.336723558189394
49.082314480477685
38.444966758656804
82.9286592130085
51.615646450879574
36.97963330349803
12.293614973922168
21.361351995320845
57.02212219548254
102.55420615868195
99.4200363029862
121.92897751973399
76.46477912597456
54.772942318585265
58.39204842353584
92.89630107072486
67.56752867536618
97.86317783916338
73.6326676744268
115.72227129407483
48.03216253454019
111.16216825297988
37.79482299984565
56.18386680505513
118.6056719529729
57.504007088409196
69.19071363289079
92.05218550203013
63.91853549786029
78.12362661808127
92.68564844482006
80.13094126709707
92.58628374823635
39.497108071276436
43.36498964901623
87.78569467537554
130.89581165954093
96.9509599605135
28.129113729269832
38.86044495223226
71.868946116871
43.800405472547965
73.45784662435716
110.92378579370299
45.80279469676711
106.66098848921337
54.920088195960275
91.67420118338988
116.36206094270074
83.85689257189738
105.39614891789726
76.79710421543888
79.62765274909268
30.787975201112268
17.48852873163695
81.22491894060192
86.34315533182573
70.90880942766599
55.10794228062034
53.035183055092986
86.65539965753322
35.09844124212171
64.40312688168066
65.27018747529286
37.202873388200665
15.085086555715668
16.906095293481513
87.70670937802961
85.00034570913013
15.141624915348125
96.90794108027973
33.876093379467186
48.22714883941173
65.8491528978778
85.52789135466779
47.03962895385595
57.462119214587624
104.04356740739163
83.25226031933362
42.15729390938818
98.47513972116975
75.76096438873677
83.35210739988663
13.101118043757953
45.55023049579758
46.437667021535084
77.9584180938273
24.543496712786023
27.286784341759436
35.10261510402481
77.2025967952146
43.48204257647592
78.44740813083172
108.99699114184469
71.49759323833828
121.78042961006844
98.84662839052945
15.93745242206676
60.48724985792574
41.01886935177443
68.35539232511653
83.71238039917372
18.29560705805197
114.53155249409278
58.05050272557573
37.34019180022798
86.67995860376318
89.38709782654337
70.82990949035921
116.15702208645254
61.15349010583785
29.775782759681945
44.87890317786742
80.36730134109973
96.27996390251633
58.586796468144655
84.29788827613513
79.17992976545844
55.82178343073829
53.26962314504243
114.4060668938964
89.14057397895084
95.04333119673859
86.86719053979111
42.89383735335087
85.51804257431019
95.33956593222105
50.933280354966044
20.025162731107667
9.071902154248573
116.84708375366415
71.26485463985692
77.3914307438394
72.87570512223391
92.5529308949848
105.41453902746775
93.81049369634007
80.09623150423074
109.23127055997182
59.54553159570834
106.00836099845083
36.007068714680145
57.61304687633905
60.58414112677232
47.40803374187312
109.08827857981721
74.04336460004902
79.5574213445598
26.385328744769488
61.57625361931749
100.20135965569057
95.70284804316368
86.38903348369752
60.440814035162575
76.4901775001235
49.69106239803055
76.93570851118344
73.31150533763822
90.43711119581022
127.72268622009568
56.648936372264565
48.74982238255005
71.50178419593351
57.83301386379163
76.53711937613794
64.4202511440605
82.31447758486172
35.25913534379021
66.50568995236237
38.76513760426104
44.726823033712606
113.64669508567323
69.63233078126687
39.42622620332895
40.54309002955865
58.69256198366533
113.4985073733341
77.39270366857762
8.88940798934647
19.554520962668086
11.607640031540127
96.03532499645742
76.59288642401513
113.76462653230939
41.322062631938714
74.2119836068304
129.55355650801383
77.06167359856626
82.44019680050425
9.698051810600731
95.71559923832199
46.16636297317331
5.306757192231833
35.3330922431231
77.14580039190531
86.48811892415867
66.61723057975935
66.03668931456558
45.74468584379943
48.98521489174105
64.8058164932027
23.4949010852434
52.74395103598363
57.172925848240716
57.02227753756989
93.9391441675813
80.4645059102778
74.09523918215258
77.01417753660976
88.25157290251761
80.7030802810086
83.04056920753393
60.7364657586247
128.25562663452848
90.80267744193044
82.74451215446328
119.95234376192715
114.27324416106624
95.96699329501868
66.64427170018078
46.142920639367375
34.51864819802357
107.36801390855132
99.62933561210278
122.51784377865543
39.46801556874471
71.00600761140234
22.981664885713123
90.02673913628269
113.46771932076875
97.2187706337049
95.97374659683908
85.92841238021367
14.543283875698052
107.90723483886856
49.629492271971564
94.80024631221247
86.43909261761137
76.6139873656949
45.31939835137534
96.83167184406484
104.30070704635182
135.84211306984682
50.6891761454639
82.06817654697458
54.221288027416605
74.28833071401053
57.176462455099255
96.65539276433492
38.297682916619905
96.5601833854336
104.56191249480275
66.35237299149074
49.43311187237793
59.461007753866355
10.326980054529205
32.556318767811774
43.143893883452925
30.105695308230004
71.76082881324015
63.07880357795735
106.61964794309742
23.16115105675494
100.94668994456217
67.34184694322084
67.07183678212598
17.692997794087436
69.58777289049686
68.40159219694493
93.38785961602463
127.92286867122235
72.95967518936497
33.616064863329086
92.57562098072103
82.48795227872785
86.04773546098605
94.34456052327774
50.20779975282943
19.116353637892566
69.41776488695322
91.67839770367405
121.3079859957642
67.81646992193501
4.564516352040217
15.784682167070985
122.66529320017702
73.87598137167294
71.72502140315578
117.42885641177205
74.39120758120649
78.85560241754871
46.76761980255992
30.906426076008604
24.374069162653907
41.35299472904026
59.00759671530722
64.09476808730008
40.886571846162
19.559085835516395
128.2322512657052
90.99649447172898
62.79001828723057
54.284594801138496
71.4567197420196
43.84120706712814
92.76097246208211
101.71602574743255
63.49606893183997
60.19671254817304
103.20404362643947
45.08381437782023
80.99329727040455
40.17860334096968
88.47760148245308
69.89842684773959
69.36762559516217
57.79868882991863
15.33981784703526
35.525606032472915
39.15187117424575
21.293321096690622
51.03445882278601
40.54104505084118
121.53416162209079
48.89389531283193
58.49822803476562
68.62137851656982
109.32773039423398
44.57659069218046
89.56330050581113
112.32310789177589
95.09120999591448
38.76887639071012
91.01633711379321
61.21323133625765
81.3465691488648
51.41774375397762
63.36808885267504
52.668388422311786
69.20574280184671
129.46759493074364
62.39080122509606
84.84167447525363
9.147546426073376
71.0775542557545
78.64194699226024
59.608414281417794
54.74710055562548
70.98119845206202
34.871463441032354
25.631000424373767
10.63050218540528
116.33489269373896
130.46499673687896
57.44765245005332
80.84078459840465
41.21414503083615
45.3774599263098
11.79042756372717
72.23493537003772
49.80103763608984
57.7842385468975
64.23270745802805
75.37782883774474
88.48445410703678
61.319867091001896
112.68161543876653
63.45287341812811
38.740051320420804
99.04914228696931
43.16975617576341
54.99484241812982
52.70168435832424
74.92703653094927
97.57661360773191
32.84139409500876
96.96224836017166
14.380677819619237
33.147963939548696
73.99886323553983
57.68426226679638
87.88561615223448
109.23149947854606
44.592409882510964
65.27273361043109
18.88785758467653
14.290007954784347
41.23051506608169
16.70895974678054
124.38082578925436
38.271874503144204
68.70882418400387
39.95935138408991
61.22452114618263
58.79324908370863
89.05166068965468
41.10913568863648
69.28931355904112
64.29706395240767
75.90541719237581
75.60700514917907
9.375955898212442
68.8632539146596
115.36113876768677
130.60034460624675
129.55893960640495
115.03012556979252
81.78077947979571
127.77994363606666
12.979915734710454
52.85410464229172
105.8898936066793
97.5059038301629
50.38896198370374
24.19135272335869
108.87846678394375
74.2382974531429
79.82285537114613
14.381626125422997
78.64411934194271
130.2985452265316
93.62608588597945
82.38991362378238
117.71556622367765
5.6174880564501
22.061125182217857
87.02116447985662
114.9462363615999
102.91622519037608
30.670627050388653
57.2677589954731
43.030860632475616
91.26158951127314
14.08601001964967
46.19935747489937
67.8702936881831
95.59792634444682
65.41913117350146
94.39759514236357
89.11874723130497
66.96462570411677
60.31877445533297
48.18090049131068
87.82563287752234
42.39504647872444
74.59529237676125
48.9123829816115
90.20142764200062
68.79186397032396
97.00722946614182
61.36950855413658
109.41716099610535
92.44926478539266
81.08209847393448
105.69801767503117
78.18200764622307
119.22007945643205
47.32195129281927
99.74355792222883
68.3725311342677
53.38657596008703
95.364863667511
40.15071963148515
100.56267600414402
22.68267407000158
18.70747666007609
55.89791319442601
105.67581503176316
62.67481611693006
51.3665385782315
102.57451689747333
63.67660415124835
67.2102577275429
87.58209939154172
111.10410707951701
60.653202064265614
102.22163669211201
52.32684931445127
91.90269703366093
105.38275647592995
51.03659945113951
82.0858627735507
88.77030252168537
88.22978494025492
87.24192793866112
98.14046489209923
102.74132438484658
78.78045645127312
88.27804267821658
52.94076611270513
53.0074550965109
87.32891731463712
86.27236997959471
79.101626607855
53.73490674151745
13.987181717949763
66.26171932410674
101.3313055354458
59.285889625094484
52.760042234056385
52.243171828086105
57.03410163727791
118.3237551163975
127.97807740544926
83.2429924088907
99.51639834326164
92.95298376371929
74.05017784240752
63.58670961010982
86.48603299646341
113.71900009263283
71.50211407058154
79.03621909011511
16.536347691072127
68.02767231780153
67.68097632131601
46.62991575196689
72.11721263336106
116.21772246562695
104.784463627113
30.04942574222928
109.70982545466634
67.66936086123299
52.490513473282924
69.55752428737432
44.25992938940284
84.76557298225183
53.98383414390792
66.58903425241246
63.43244825016629
99.6596327171566
92.13760847780432
77.19611768693687
76.33261555999748
47.5912944953591
34.010565432294186
105.76714605307885
107.71504840320364
49.33807666510976
90.52409080765787
29.11217888704373
38.64859346232326
32.67938268747925
45.64919186962341
89.80528685973866
69.27174669266947
86.43528080085048
117.22022238927315
59.754431920859076
45.16944628181508
94.07706134983503
51.593586098775745
78.80183935456519
49.78001283720782
83.41542941447611
25.187469443025424
62.7246259191583
58.27409395895652
60.818119502400215
46.95993392810582
58.476290091933585
50.38596959746137
121.2263724633715
32.071179131588195
81.70030489744917
65.977935580982
110.52602106570241
59.51888835324063
82.24185024635648
49.00881647566516
115.99830196943981
32.09022295112112
79.01524041931467
85.37139513222067
80.91168725217246
73.67092102926107
72.31356954619783
40.90919621672819
67.55304781585446
65.17285822193836
115.70743333241877
74.34736039319934
54.25108936213434
109.010215493575
65.59589487256085
20.460567401883782
82.89459583328446
73.0982978322336
66.15379028915497
31.440439020261675
24.896493628205924
104.3621729484527
55.05662329948288
71.29798058870608
105.79177170734621
77.62559413370126
80.56255469986176
119.22279965984967
50.835374753273996
54.655075882094074
87.83300229533
97.14348412110718
50.30017494002903
114.86690666387845
88.70254327581685
120.34531036121506
58.711005389365845
39.72932693186976
55.155404646300916
87.31577902178722
83.26973777416958
68.74119738604121
13.373439604949443
61.947752308960276
101.45473182005766
40.356039690343195
79.65968377011404
102.55907621158974
65.35865535198973
48.22456823821496
66.05514542750848
76.82013524407338
54.970724194665635
127.24901921034967
106.1727825931427
34.11464861769385
80.39179143573668
81.97990214262533
79.56001713373858
38.731934870238604
42.78763258193338
92.7792317429593
67.76313610733008
75.44382266001996
66.61258751106271
104.71231789951312
77.71502762554022
39.06938160945744
97.39551435587154
99.55383989707511
47.041601773106024
28.731827005734083
12.052234791821437
132.48398593353872
51.89786222677804
127.984651339798
56.401651273260626
79.49251079503658
79.76859352967979
59.55495980071071
110.63036234944354
8.818378060031536
54.0615731005186
43.88365585707436
98.09059395413317
119.69356391405059
39.15596102196547
60.30161561209879
118.05107218880845
81.72039742373009
82.43360097382272
17.001787610283912
131.99592087524152
61.877662330510915
57.95846108324472
85.00201299076139
61.22834687286506
70.59746594487719
107.67861519857115
72.84093123567123
73.19120541807487
83.95415571159498
52.60867838173054
67.99439867744069
66.41790048448999
27.171374027300523
75.7315662764203
92.0222777615318
97.76524113159351
27.89160542509238
72.03206134610687
64.23972515977368
48.460350058254356
49.34519026264827
45.64632038738279
116.06659118330612
58.74220135366164
106.71854117130795
83.08921179395756
95.683183146603
45.1486322099156
68.84646045649119
117.78161161205236
36.511179222052085
92.28351953212527
74.23181865391756
87.01661165162116
42.87524576126397
57.41027826339419
52.50271975133142
97.68854449693814
102.48497569044687
128.167295855499
22.520606073226833
93.95495846344315
54.703661801098974
57.21431525918948
93.0247541732763
28.758955384427395
66.16480415864501
101.2957734465469
18.064875704277497
105.46603120085535
24.19972617514678
117.21600865045977
77.06420814118496
44.91437070798453
72.72452082497266
83.28894423097077
89.749103613156
73.39795134401385
123.49557044072463
78.13558132317364
60.845037204922015
98.32576770313959
87.38490314772544
127.12955039988597
66.15155069854403
94.33967942485995
43.709810601269034
73.44976899718483
96.59642256060087
66.71169107135334
102.116405380939
48.25001714166346
109.47333264076377
92.14896084715375
74.33293361349803
46.382429480899994
80.94228285156399
64.5096108074869
62.54623442522618
87.73790501718977
86.58514364092876
102.80052376720477
70.52667515238667
66.31912073128458
127.8830371665213
95.2993637547066
47.44666685723787
45.956963489094406
51.75002173305671
88.85240768986245
76.09978562176315
61.088007562807405
57.24951031573244
51.58840451169225
47.30831510609593
47.03173641193196
14.025220304235201
52.41020001249
20.2438265380651
70.086961944698
30.455869307436853
62.475600412484326
76.5460968560656
103.31846563700641
21.521679317918032
96.44042728961497
77.88790256055661
131.4544715466672
71.49361063911155
57.81538865500403
30.033899523145784
54.46435717680821
67.61152906637426
27.296039515006157
50.876286080709086
57.696456104157946
75.04159596524522
50.73459446630011
112.69077526166734
92.9462880589141
24.65151109971382
60.35532606429735
61.97177793415677
120.39803426854391
90.72614657249215
53.87249412287552
57.59072952334323
98.41178818220843
73.45758387529571
85.06167994116231
57.99756355215743
131.639619018862
98.60617192198583
73.62309647859774
70.33788615316901
70.06302381825677
109.08712190398225
77.53351794053775
130.91686466173314
51.18220966810432
86.99430051077255
28.504386344171103
35.131175710721244
70.397587954674
83.53618442707133
96.3868751023787
59.50997959366229
37.8254313598227
54.695860637280475
91.96170946079965
2.437482791685361
87.65325685146414
82.83121273742503
93.34866610884448
69.41033595616905
75.35165704435936
56.8607575601113
26.34671663763266
86.85862899265472
74.92505226601901
30.383764946886938
122.30254602590098
35.719116702800996
47.6982144778735
18.059127819859285
77.86841831010257
90.49010278020205
123.28376218158797
88.45464893728564
71.46135728343543
39.1395260047893
75.97860444800335
80.44660423476812
74.49270016846599
85.53167203081513
80.98861546692842
62.1285073660554
76.47393050836818
76.96187787085259
21.401162030179115
54.09917285085276
39.238498770672145
67.37445358554773
119.49297462376171
83.45824643511753
98.10873330143066
68.12605726417249
55.623484982678626
36.627011552303884
36.36712602499898
94.18443138294927
84.00463169656715
27.145198519811657
102.80405751823011
35.06104500977341
74.06609716471674
38.68917344109928
55.16801969500805
18.50297300302109
21.88304735082974
114.79841863784651
12.251682242279163
83.66942986394201
124.05755467945156
59.99537749965137
95.37233238797303
109.26882505616484
115.22853401921523
72.2748064101273
80.3947274906395
120.5590299710723
70.43744348322683
31.915606901565713
76.03083975027762
75.20764974248608
60.65436725632384
43.453121788636224
85.89587513913904
87.89613375038358
119.25423927199668
16.164786001665362
71.84116035739898
33.631578081465484
43.66666976981999
72.03947261329125
6.739602261696826
76.30359482045836
23.205868737223362
125.26523281857708
73.18871581422354
7.501685504746267
28.666398810603546
51.120198220137645
92.2847051945518
10.696510758795377
57.99589787244898
130.4163706940066
114.71380254259287
40.41822788021756
54.71415827198977
89.11811961539453
65.32943519107499
96.9154904089215
46.799484732782844
69.03455165812007
64.32232688999515
70.81195264373955
58.11256396650766
54.60237311846757
103.94607071423134
73.06243855259325
116.74479801942365
75.96251704909818
17.279963905185323
90.98091094363312
71.33714395898853
43.164161650977256
83.74293184411772
120.47507507767065
40.94649950730947
104.15083466792932
79.94122435578414
47.103221815352725
30.74241437353118
96.83829459143385
67.62308159388363
14.031127108557735
50.26478151165421
46.098444043226465
15.375872995328733
136.6000619414817
38.74252246805516
65.51667051721785
88.2474738798362
67.10035584692636
57.025056713107574
49.67091884635175
83.86365994752202
58.76683511970807
49.561945305394445
64.4197654338829
31.574402444449632
84.93442928782633
78.3132323395356
86.99790060193968
44.84188880358714
59.977695268479366
42.44254715670094
55.53538988663073
70.4323332526737
69.52126898663673
52.729201095035656
47.41131866284608
83.20839909137797
123.52689871369464
36.019129005800984
120.21146794215832
55.112753030877116
54.98599790820692
57.20472944851737
87.02626712583927
82.74344674349527
64.39617109671201
55.86373825794861
59.3843311475308
71.01263328907456
88.97218760309454
116.64084966928073
88.62859565040237
95.03272764049807
91.04093231019617
56.099369887730674
23.293729468013023
54.59738918479676
79.41316176638031
72.70734391864535
74.10684080176169
67.70484875664759
62.83961786967366
34.00106867402195
74.83224490311318
95.5667713991914
52.655585876915765
85.3538128844952
106.53973996940019
102.69186379513151
119.88448019006957
18.666275753390032
33.95022046892303
38.48616505377508
90.4124432139822
63.423254214076195
31.956724388214724
74.49954209444373
40.0255235599026
29.875111808136047
135.4467571491505
114.93707235495415
126.04197442220612
116.4776031565552
102.28718359669202
98.20197997898526
59.43187354737398
55.02385980318272
71.65467294626073
84.07980412591834
87.75061506532153
97.57001831714186
76.84886299712026
96.70073960675845
82.56217255247508
58.843276292411765
134.0769866776126
37.6021065427157
32.13533260755362
115.42858963155925
91.15410631341828
65.85365627505239
34.454365869590376
40.508946697278134
99.85413825989507
37.923836324899085
48.387171872621245
59.830310979669655
13.188804666221303
37.47558706207783
99.8609638810554
71.48092810043411
9.697273291897176
85.34076600329621
68.3710174095015
75.76758986415462
31.81449420215358
36.13399196372723
64.63790927679403
59.19433135052229
102.47793800482572
128.01014481449425
100.95639123819775
97.14780357849209
76.03868717422156
39.59744041741263
121.17780333396973
58.903420576528745
84.4483944121043
34.45244877132567
58.093990541147164
57.26513289922502
77.83446677430774
30.357221747125358
70.6549970316199
54.89053579893754
98.63329508322073
46.45483126563081
56.32335189940745
41.213057805984995
74.05378268684944
61.894835266380205
102.87372401901811
62.22656247318484
41.936082683244905
79.25659259728361
126.64425564350915
120.89205438694978
41.19418551140477
49.95282632881781
57.44337853195331
30.339620741477127
70.02442063030955
83.43120384950291
64.98616803234725
69.8291213398608
118.78946077878985
73.0240496021272
122.14251542966824
96.87382089610293
37.20147505675138
104.96775696176323
39.95509208665933
101.648336088518
62.83522159805888
23.568564701117733
43.5236087527269
65.4196000714792
99.43650834883724
94.03235530371146
59.58792734216926
109.91741241399029
28.605367770807273
30.244838235523908
77.38945318839717
118.34684772423907
94.75869808301914
88.09814286449381
102.93958202062802
10.834902316104689
86.52501922972091
77.60050737600127
78.28814015355894
52.25340768258218
58.09925454332941
107.40602102590655
88.59771756715378
131.9778995490336
110.375247565251
58.030598190306776
46.01537748238721
116.81702772427141
65.02461460516844
24.549488359642027
108.59012476448399
120.2064820671616
82.97020416373576
71.54245977883438
48.68572528058994
46.86649367950527
83.00784389100286
68.25733581640641
81.5584717038926
68.52954136688942
98.33366132871515
108.79092728055747
30.04657464458257
94.42840026143759
78.59066557759158
58.619652026891245
62.29958046886483
87.83142633610677
20.97203895649792
77.57610046126672
31.891644354535565
89.61586872464832
112.83785442223554
115.67806372999051
39.18570901781057
98.52036952619548
90.19105204181248
67.36633694919638
40.04454030436604
113.07262756824476
62.007444628261936
78.68106104619685
117.84411234132855
74.57587886248973
81.48823793627133
87.20118576567735
79.91589153620289
39.40703747624207
99.98638719751857
64.09602372832931
129.44377442765278
123.96876051194936
52.98446903818696
93.56985286421259
46.395737439214486
55.204033542679674
88.78628021864496
64.14568012401185
58.6070434326035
40.4812342245903
128.75401476391824
107.81868567495066
113.87318842830942
120.86343194103699
36.47118535928839
109.78573739712436
81.91956988057429
57.16329186399322
76.67098547435305
55.00005303053222
56.07177017494718
44.534571345971884
71.67996585871624
22.760867894192423
96.4691426581902
83.25195848321908
35.8109519570116
82.60307868938654
133.27368446303853
127.29214744140238
65.92844986002028
63.22424850223945
90.53362636662348
42.76898031210456
75.53281266544471
85.90494586977509
117.8393311439973
86.35013805743338
18.359930123826533
58.918945131404534
92.84611618868111
52.210216019522775
132.9520356311112
94.10383964478117
41.07479857867472
21.476566147564
35.805811957508
75.40582403577694
12.924896380479336
51.10883429249881
30.96740575033918
31.534520246411255
92.06732059713997
82.74022141630026
24.01989569995875
74.68705136845448
104.81593916431936
95.53603312120413
29.071969604331002
92.7864320689373
68.31592540357325
44.00332119190224
75.20612390115693
105.81435033785708
54.661156803160765
108.93912191415413
133.4962228968012
35.557526519856154
82.24510112285965
105.71270783513883
75.03486114148478
50.15732749600619
60.487603190696476
87.12002795383478
61.866368664009855
130.89802475864673
24.612354413818686
114.14075442549394
106.49856450782451
80.91330592747963
64.3276868898735
23.794874949567344
36.591157014270266
35.157102927739714
107.52195715762053
136.71021484158553
14.488653862977621
66.32917723805433
103.82141286318722
39.59693061066912
84.22407842576331
54.18881350971344
101.68971890479601
111.72478822020287
91.60216685009229
81.21853500548099
57.04954069714376
13.34399305379867
126.72991604793461
68.57032872256602
64.68430804614364
80.3293306479982
73.39342132122911
67.86139838205474
122.31390114543015
30.79118470072775
53.97373004053384
84.70794620849422
88.17460592434693
62.93242295390139
77.30233987616022
112.1371558791901
35.33292651675961
69.34369352828001
64.84168153265114
50.256611771085915
79.58294142369948
63.65597206730719
88.50359157325941
21.55484714961933
116.42657803987238
60.35826535939096
66.24258651557095
50.714891023276465
44.037261558573775
52.365618290024784
76.42889118430314
56.568699358231484
133.31794472233497
67.17686022840542
82.07491253596189
42.38728411887536
35.09870616138088
20.743531734233965
78.5120818635088
86.85269125730088
75.9475145534164
78.35707482906844
26.76338717399125
44.30800768002173
51.56301231626874
53.267351624287166
56.420620344318586
21.617054492161486
84.70183766122044
111.47687213325247
37.29109152784191
31.907647626406035
54.49289427037214
57.11517300969732
15.017509715761836
58.274878067821206
45.65260433426121
108.02760534902347
120.99035363535515
49.851985741929425
36.40578692995504
19.831821654064633
85.17444158765815
88.07059861627533
98.44861013016146
52.323869239438764
74.87281313914363
49.271906234588606
44.18453396448277
100.97816669985858
38.732374637809365
38.37480213843544
124.07101805417877
78.40088338533923
98.96736334444113
77.39303975041297
38.255140489476915
14.99426489565879
93.13568172175219
80.64631559923427
36.991038699478736
68.07452865680284
55.505441150938594
85.34955202093334
72.48749747654438
41.803501473581534
32.762075582568215
75.315241688957
77.53088139386205
51.16362092104077
99.47742066838647
47.505299361699784
74.35670051215928
56.517269862739056
106.2181308366674
51.751486967526304
61.33346294749701
89.12362036574376
129.22222744128504
80.84746323282234
93.13604915174824
51.93019654511812
51.11868517120307
12.695586266465156
87.4638160323181
64.10952303108769
50.452866021591305
68.15316772620197
61.16265809978897
122.39841716537038
68.24941154192807
61.247259847222736
30.791438657068582
55.243438878176434
62.20019588413754
50.59856766451715
119.16846073336588
72.24452085486276
55.78309107761892
42.49471086577822
56.53267398437794
103.50974827623203
67.90095961005306
53.34136022408907
55.04641115531106
8.347219898614476
72.983553594179
50.60101091466628
56.8026339569964
68.51978126232771
55.517955204677065
61.871039402633755
74.67359004243897
39.362375470421796
43.95310332486463
28.038072263752575
116.64252566717524
45.30388959198339
62.567168752183576
117.1216090992435
6.183213656766664
66.4428079096478
80.96296249925233
59.37121267954862
72.65599189855348
69.72251233208257
64.65438456431428
70.99152310794848
105.85003902236612
119.82879351040243
10.919757475147849
73.07403815829095
63.40005852490458
71.57974308765687
75.20854983071791
5.8512039912967015
34.38532553992743
68.65180755790348
41.90374659294644
40.945973696798774
91.00223032371747
98.17442900067115
77.46420526755497
50.20136449668202
81.33656751065745
28.958485676069795
136.6755830778172
26.465026478919025
33.26089499453145
66.90373355079088
34.327172958790506
79.84189748891777
56.536985252652464
53.202321911243445
27.710017514860848
78.02617603453282
41.66208858795709
11.236603291952637
64.51931087481623
125.75709137085508
73.23031829266218
61.66831886149937
75.53681193810458
87.63631711944602
58.99789650063074
27.48576411310122
121.38628172566577
70.57390651530307
97.63606553550753
94.69817666100127
31.20808386339965
40.61641649127908
75.346395321872
109.22755854777361
86.62225705917842
61.938383048541226
47.04387143012529
86.40774681681339
109.24538829618993
63.97041583391269
118.25325231168242
68.32032649893125
64.66895975515698
125.870941622929
73.64539424881391
42.960315937965476
66.39388612236793
69.26500602653557
86.74901930306089
71.31593907211845
102.68629826062131
82.73313364123933
53.45125991351968
52.42684485091646
97.78636770506543
51.11353369880493
73.54605776272331
61.879570850360935
88.99036991219042
14.885662554532125
3.799175173382102
75.0904102072679
110.0668855569127
95.60475326904213
70.46128838531331
68.14517545895177
32.77778574303633
84.7874904681202
71.73999151466136
65.49910102739608
91.74749363344291
37.341864709907
111.52694495708009
68.03565678339189
30.48305153708759
93.3798093372361
79.47604071034036
37.61073289597059
129.0091739082477
71.26586055372395
120.1232984784134
25.04456101087608
91.1180719874349
92.82667940855096
56.495598045422064
71.56825786767496
22.51490370070359
48.22924792596889
85.98718637068079
78.60059413340244
106.46385715114697
58.807538524096955
87.15634445317352
71.37269949930037
29.721792704612106
50.38654941184658
64.77015912663803
5.609035022105475
61.83928262921673
53.37547273438243
72.24162339506022
52.98046008070462
80.68472352958635
78.3377160956752
45.694639128365175
58.07981151430946
30.10853651010965
60.808902554071416
58.90376863484995
49.232442680733115
51.71117612384511
80.67115736141761
58.026600439656974
86.23396035425347
87.63307215159895
24.809336031727213
45.25612891979361
63.8510285148319
17.738768935258754
26.77060265692251
71.47759787498723
32.72138538648231
49.9463952674815
86.5037027236897
83.59218042028803
125.47945183182503
43.733014259298805
34.35291738931146
69.27911801685912
81.40340448996612
95.94787595825544
41.20239080370438
84.1645876218108
101.16784267425916
83.14894871795445
67.22341718882382
48.587136915754826
24.130846183741276
50.90495267457742
43.554829256911916
71.83541872365372
32.10338384310167
118.77622011698583
11.260517128451832
42.72053338066102
95.3693628573958
116.22248087600492
49.70664368005393
52.06324220756931
55.973159207445164
27.785153119584542
66.95886758510369
51.32880352172937
37.755549588613235
66.14464915129582
113.59809306016982
21.93431442132256
30.768059484874936
88.21477762095273
28.89597530047603
36.76362611503281
96.12721220567809
61.649359568185695
70.46834455394492
60.229347945612055
68.81466143118496
53.87378926792927
56.23565856994594
77.26962900144197
69.14149546615042
75.33687503574943
70.42042550636786
48.13703809991844
98.35809283382333
99.80316449832267
64.79331692714324
115.74016568770284
75.66756509269082
44.084944534735484
71.59584621641076
71.51495515221099
20.178706834559783
84.16438160412342
75.80885296501303
62.108742909931195
84.68376681123746
74.63923065219944
23.869174424406545
97.61482940759376
20.537387666853412
114.80300292965933
85.22206296185227
74.36988051726246
77.65829319051456
47.743190406686765
102.82010588623217
96.2804028155657
50.83732980534975
64.81270827175766
60.946075258612254
121.259278231706
66.57419895209318
85.49376817086554
31.622613257645707
66.92073173255545
120.31740396059189
62.531902433614086
72.59777125868052
90.92293713814226
86.19310999763235
71.8886424315054
96.00733626747723
75.85655780619085
42.58943337371976
46.809847784462164
44.1669180398214
92.12506302350451
93.42162093837754
105.6776665423015
43.74648856051899
61.27851039696785
98.43657671902537
18.686803593885493
46.940729419624674
34.08249782132879
50.53167909130531
42.520758804467135
82.14511872893043
56.073204244782424
53.888783034881484
34.903605078772934
76.56345159511827
50.21555153910992
7.874882788801583
54.64364962364889
68.50918966818318
92.59362397774142
82.12716271186434
83.77225547646246
67.08996898360209
12.481057855112114
50.39718006791019
60.910909819669286
103.56911651540689
90.31857329105237
59.73298121791811
43.89443726068123
61.6924980672296
50.02193539018777
72.85912711217715
99.37176571367341
77.16332117217124
93.02837940871454
60.45990928005925
97.71372659425234
77.19892908633166
42.04735580053907
63.74280715244406
79.04244152847136
36.75221867207109
123.74516053676089
76.74652936775199
113.55171209743142
67.57584595967703
57.62199410659913
25.84718493644019
90.43997756199282
108.90558228666009
64.22947069425497
105.00101448148335
106.92028706361168
49.34489607152015
64.74557538895925
64.65393505405346
60.32867778646711
70.40473001484561
68.24441862239829
45.011000275937135
99.11331627023455
29.151499395858472
71.85203772110641
43.48530779976108
67.62086530794453
119.02004018505306
105.9501736196188
60.53664039853493
91.5769115132906
105.02385874649079
98.11325596450601
35.330382182289284
103.75281928333692
85.22058001354404
52.234124973591285
38.32010629482305
73.97618801338572
118.79420582709076
45.43995390358387
74.74392194132611
88.92237249922864
14.982348818323423
98.96268721809516
88.7990922844956
54.61219661081374
71.65182970225547
73.93499063630716
39.86582832012763
61.275032999215924
28.247670090718703
53.60648495980186
6.2307621991607185
24.842432388250362
28.962066800742612
112.91796864080432
112.13077091827466
93.2318295040517
77.07842788889906
26.57166782431714
91.57051510319211
24.33342974548294
131.27909611644543
93.83969022347961
47.27636930710418
125.98351593718938
112.2579395952942
90.63704671077144
75.47967525980518
18.91423035270531
99.976359488469
68.91572124758616
29.110906603315414
46.7257614165545
77.36893889297953
18.20213590553732
81.31369750601624
26.35609783243195
93.38355256677109
58.43906695363073
18.284954859160983
18.11815783326704
107.56305573401936
73.94983431056241
66.67274561077772
75.98827951301857
96.03950394961407
102.01247608305692
46.14849610603636
76.92240800004456
123.50623384978616
92.09258438066045
122.83179187781259
36.52732392831547
32.69282954212401
37.10034626523555
84.4424077429538
44.300271133837974
75.84517906871048
43.34664166545101
76.07765916746077
110.66614450356151
89.67516788787799
93.95319303614536
92.57224226959104
61.915786501753175
63.720785872905736
56.45930146697097
48.82379452639873
89.9123780492389
24.91100184353234
85.38410286909586
91.60201729551918
96.236544515459
80.35784591110436
114.92738459761763
45.677037719603234
69.5136370845723
69.18510328782615
102.56006055553355
70.56514696133188
116.48290199125955
12.703327215587658
96.13244309219866
68.0425455655168
103.05319107150967
76.8875843136946
51.52945442359248
108.90680883125
41.67749146020951
94.70382422333569
35.86422818019892
32.08901408605249
62.717512398609244
36.348081794448646
40.61787714421318
60.250001865830875
69.1437993919811
74.47756785531583
40.50857938681402
79.94625200806425
105.8797446385819
25.285394543708307
42.723216355296955
99.85733815671595
101.79063354150199
94.81980329130751
39.90096941729762
108.6454920476222
43.13946006057157
106.36250224567507
62.28179345614571
65.99738190923243
98.19017023644454
87.72341120986059
48.008133833688014
39.11239106581343
66.70113897857905
43.71358214768759
119.73194262326709
50.45349712904596
83.62325464107911
91.7301264763342
61.655570005998314
29.31181295811211
69.65065554197977
70.58646858623064
107.6701506908555
80.59201410688274
44.91704655848784
109.21914843433808
114.33613470654382
82.68542557502653
55.23184287095149
56.70048419001228
37.39379045357631
88.01631401258533
101.47484298764813
77.21956837426941
110.95161967341144
87.08553055794883
38.79911303689651
68.06810506066063
28.589308605302467
44.97161602935884
57.44872602862356
72.72971376285876
50.82073709325395
72.81241992665517
68.34570980618984
65.75388903919365
81.80913114442902
44.438082455214435
113.39732293065283
55.58550026864691
40.659663872719364
27.966266358098288
78.23471279172894
89.87561540045829
86.0522724259104
115.41900780136046
27.98585959171534
121.80124114767709
25.73243893028532
65.49533989215335
45.96456448822593
110.56738661836488
9.064523554311977
47.146990641012295
89.21035476895861
64.39805133633986
88.95858345791441
6.403685409353438
62.22683564250457
74.47735274191437
68.45943586224419
114.37993468349893
91.90523285025998
71.86336440186881
86.70413117105703
85.33164742630318
46.9003089413834
110.55777994713355
56.21429535632823
59.96382535330467
19.314124387169798
67.96311322032366
46.991404590988836
60.52539597943992
71.56232610637406
72.41099355825943
86.78266282905338
64.26527896036451
93.45868333154985
66.05373293834805
129.47500091669127
63.04639351322511
31.688294046441367
127.12290901445306
66.42444517568215
93.55196643300572
75.05038148903773
52.046238532242114
29.9277828076006
122.00994876465475
78.60635888699424
89.75696675505634
48.973395639600454
45.81646021618707
96.10080752648275
24.074843335362825
54.51527512255771
35.48515822646358
36.39238305690607
110.83235663226046
102.66885786511858
15.89445654358936
67.40069258848874
38.08313016148822
103.25025077623005
100.75015576862202
82.8671943823528
4.854528531684874
86.12483507062902
61.211974289298624
26.406982267947498
122.69347551396001
74.2059454527286
67.21646735486279
91.15692245136255
68.50381803455903
74.27106106160396
16.356988950095033
66.51806065017479
76.87619232373228
83.46197817249879
61.22072853924206
63.0398495808651
74.40651380419754
62.27144504185195
76.91849058065918
32.135363285617316
60.50006936155167
90.49745946605422
50.63053147905467
106.48896832097076
98.5646994191053
39.4531598624202
88.62767317623599
68.21475593966008
51.00726797785387
76.94431305633434
12.818148323138738
14.799605675375489
58.56705372102492
31.276254703644337
52.234252167006304
26.030260381759025
43.007797545973446
78.8904278864411
60.46087646677912
57.26000367900203
108.1569599150639
84.65732223465679
76.09170210971607
53.72959242945225
81.75429559830374
82.90452154161822
113.57014823060373
58.539604196545596
117.01259137959983
109.35826773504172
68.93302304015097
121.79672038191235
82.30200748668852
92.69457939415557
69.25137125570761
48.65637165176645
82.48887399833362
90.73593683513556
80.08734387903134
52.88233203043265
70.18688637900559
64.12813493389525
104.02052801521077
114.53183577358061
47.31357992586381
108.42345086088989
24.054445258387425
59.55969596304601
11.063924621780071
57.3116635671183
45.14435373459092
93.91290530224396
37.35945720476437
60.60359203921838
72.93356936304261
120.18560981597176
86.06249728842184
29.61509984961364
55.105581244051095
106.33637566166021
15.17244892742699
86.69606621874645
65.04665274876774
33.368788655684675
78.05524937767092
76.55592159916841
94.53975976103649
64.90564238797903
51.58320184456271
16.33534551544512
106.03138578246802
87.59726051147513
77.81646398655953
94.98181293847456
68.25927691883928
16.935138730502096
13.744146446203807
18.19832038056804
101.63496716386166
82.72018466165775
57.00382232762518
41.409898343398666
11.13741221871607
74.13846881280413
77.08086516595137
55.35520441599572
80.46819071780457
92.26394821921518
46.40392702412841
106.22904485079388
74.06089236563295
69.47243786115334
36.64430152937842
76.45078533872379
82.59165116579857
39.62313430752695
96.2690159694003
132.14095345493544
29.86038862732904
63.07622794982736
75.1103458240266
124.73335877876133
32.337101806245904
127.25926906477916
126.60975359883955
35.38730223489793
97.83583356869788
45.042317235146854
84.88812850116724
124.74481162843219
94.1097171672655
76.22939593755773
62.44557899519013
52.16108493246909
57.10084993165576
68.38606595329091
70.539433446686
86.76296725693848
79.61649080149573
59.00425851560922
83.71091091016592
13.339077760596192
102.52448228831511
83.4826366763418
82.9794734466349
42.438485311381825
86.0003807070675
48.75860482374813
108.07252498601875
82.0998460617975
33.994141801756285
94.34474666096384
36.028970120762246
24.95711325526445
63.43965509319318
73.8879434125528
82.25792494313866
62.75260462734385
81.72841503509156
32.57401176918802
88.94887231329025
118.73101088138404
111.38854260990254
88.45036900125956
21.580383032613103
76.85205346360847
78.59876967416923
107.42374207038907
40.691978067873805
99.05501900942241
29.87799263896676
117.6308736418102
68.52636992901766
52.928493432325524
41.89399135893319
130.96533518593907
88.13468542681403
39.02304556415636
64.1751204539272
64.72282742718875
99.53659699482411
85.61549768224573
124.2935017615232
126.30398395409071
45.2505561306768
62.29979104653916
23.73202443940456
79.48229796763431
81.89836414813473
108.61193437992314
5.517333349680396
55.190225633126474
60.702745410922404
92.60095111001067
41.43692355270454
103.82839710442708
98.79443233765126
16.276097062619876
58.89145671945595
82.30675418591544
85.69162313125908
16.09310101544146
79.98097427589674
27.562355856289557
45.07627562737747
76.68310401338672
62.00650447356241
34.758977788410846
46.8297761607158
84.24128441365855
23.185996311383228
114.32437145014194
33.93434492041803
16.82637476487197
71.27219612885571
94.19956058209608
77.54970862024578
28.571702191662208
51.58332417995443
41.19243025442517
38.79883578374748
76.46261900555922
111.25498211926856
30.20557687936372
126.66858051383898
48.09103586039793
124.86437215663267
105.86946622874495
36.06639692999393
50.35647713167
40.041688962749035
28.605564896776542
116.48364637748904
9.443229639351312
25.553220054079784
32.01578934693112
119.81677353037229
63.66720503877312
80.34569488561593
56.200381928735226
35.669991151420575
60.18678834919514
8.509744134026471
111.70104826517323
101.78152923560054
83.72809731816244
86.01470147426163
34.66376350172513
63.264207951131155
10.171947275626271
31.336286074673435
79.88849845538252
34.02235508380653
113.95748237046945
126.19988946849038
84.525647650488
95.56061509827937
97.16271595740616
68.35719026040564
85.29235085188876
62.94650166924208
43.532615892839075
48.038857193397554
127.29911383540929
77.74865750583069
74.66614574369231
45.41269467298888
53.30363255279994
92.08475390866148
93.24517479264014
104.02444965742708
21.21559431404934
116.95030464238985
127.34025393877931
93.87262343768285
61.72354214507508
93.83099401495375
110.73285401617828
120.34200593926859
40.124871577821324
112.64043039269318
32.824189972454796
37.58444240970842
61.91837838956866
68.8295623503935
43.687766294247474
50.25970595454395
62.44486211945633
58.57854530103151
33.9678676510058
43.73396559361358
28.645053318996062
43.7623663971893
45.30103480003415
69.24228213419985
38.525211116922435
56.617270379551925
89.36101963327658
100.52449612157672
63.69934003054737
37.769217970298584
9.899532638788079
72.23719333793366
60.37897019683659
72.74799534129727
39.454791530011306
60.973232627716826
42.97075066563066
56.70532769019745
78.72134006519096
33.91476026461727
76.19280536013895
51.730469026870836
59.40801887954686
105.11077193596446
79.89405592059333
55.55551656912915
101.34901492471826
68.14942473217641
70.06289458176305
49.31685407932383
101.0107702849464
96.0681012300636
84.10776633169547
38.88684222871872
51.576313969816404
31.59067618708284
87.26862884467843
105.56607867437806
41.287830284575044
92.68964281638719
1.8664877814132754
81.9073263918501
30.50361830910328
61.04571259472443
68.18575623471145
64.57929758709497
66.05914995958196
32.4832837079957
92.47715686840812
14.166403165667798
42.2542813384917
95.63640729655518
59.59587493077643
70.72865058310292
37.153884811635734
32.46544599910115
81.73581177688003
12.172427238140623
99.27754531796865
56.82882307147892
50.67867059358787
23.528691565626346
78.57632674362705
32.91824606918347
60.66003698502174
93.23555426936582
82.22648351107625
35.76699660323254
73.2190679394475
87.86381057972847
115.83080842149454
45.603859030729666
104.99531384007796
70.19643275104247
105.44226752440898
78.5034669676356
97.5368562767034
86.15317511561896
16.086009478743964
104.72422998207168
59.305853232706106
95.22950588896916
130.9923806117214
88.45309457495617
48.23610012258365
117.75598284274133
62.16497931658124
68.06989488021607
18.092589790112775
53.123586085661024
64.7990561165085
111.29377233466616
104.64032147378961
92.63873748625923
91.4250565138087
27.781737991139863
48.36046003024418
46.345497201710096
55.00016989746521
86.07542160598618
23.1982452554643
75.72852803243174
118.05751451532905
24.567166401661297
82.87195088799544
51.98574102416222
67.08356276727295
65.60853551302935
70.7317432048203
125.10096272544527
88.10149624349606
110.65359381354023
12.646261067339609
80.64432328833867
51.26467488042686
102.11710306808361
76.2916660715378
58.99398240227076
56.98701706819515
66.91841243407043
82.19393708715764
118.88116678220987
58.83856197722601
102.77510583996894
83.7907063276785
38.2501602370598
71.0868673441133
77.6443994667034
85.27199858711575
121.04756984144225
94.16252818747938
59.61692378955285
52.622774672598794
19.558587652166487
48.996305321381385
125.64395984464755
64.49580096193192
86.83523591895695
66.26447296048507
42.27901772087733
53.366989247854356
9.617875463559136
120.73072492030504
83.73256203370568
95.55270216525079
46.33566596357252
88.3006376830538
10.260323507281573
50.31634993337917
69.76594671899372
49.57030334883568
49.348341145352585
17.667656532787667
132.05105566439275
73.09091176561421
52.253332558993755
45.85181638018742
58.532763842202066
95.37107246682287
90.00206296454773
102.3659837642493
52.739845291118314
71.278790375378
50.21035247650208
64.46970370705364
36.03836026849284
54.17988600470936
94.86677852674497
58.137861378955776
99.19105096124238
41.700087843954066
74.39092657074717
114.11868744601293
114.27317223399253
98.70813833640925
78.66611136173395
82.63555417954646
111.046089688287
17.53426651634081
63.10460500422175
103.90120002776143
120.25402690530404
8.516219433366775
42.4605412723755
91.70741290471051
44.70419266236781
78.25124097966616
72.71138579912329
82.80612887994913
72.74546781258692
90.96915395235942
31.25765327479509
97.99746784309093
110.15390718668408
134.7708961692741
79.33662427526379
70.76371012424462
58.612250527814105
75.1646683340967
92.96005644462048
56.083643230169265
87.82197193787687
118.47547890615785
65.38029785957052
105.91982741035231
30.660692206899107
31.429479535347465
67.76669579895301
58.576484006250396
26.758068613330458
122.52320920248829
73.56430429456175
60.319115168581334
31.628738981829763
68.9269145361316
53.07369949911351
30.285072193587286
71.21287368213952
62.94998904695902
83.85046803665941
80.60559701225952
106.75187513555403
123.95769425199694
107.58857154137462
67.99533176987788
68.35540969891878
62.91740039994856
77.5047229713754
98.0210458140908
65.78199272650699
14.701125389515454
45.82006581201532
83.60893664182858
92.87004288244688
84.26025634151384
34.56286232915414
58.743739840830585
77.85239268733807
79.1755829501341
96.26720808856226
50.197181511438416
68.07565311634968
102.1647185885996
123.65237154246867
72.1352830134317
63.15189582750995
2.1195777693912925
38.80670338482721
125.2107904857192
84.94631609433435
49.42858253623537
131.1228806413925
130.42298836733164
71.86205268435144
55.502139555702115
5.287554924617854
109.29775481428723
79.52085281614043
66.10612811997923
108.6214750356247
94.13329872164724
27.165463262504026
58.01454016885392
28.30684414408341
98.73336610515463
56.003512039751904
78.03212860949628
60.265958373031964
20.1252268788705
104.67783489317961
73.28622482659682
53.52816148402441
87.04562623729201
76.9742669864644
22.11709613379852
41.15827882124287
51.10521089205504
64.31617751928181
97.16504437367678
62.26818789307348
49.49246441367438
60.642908266559026
79.40083309648492
67.80554842022963
112.77182958563654
94.68946617736374
48.05158464674928
48.633743992867664
86.62235535216732
130.54002249740955
87.48294341944
81.96232137237153
41.67674126422669
18.592366764983733
73.97706438486124
48.84271235426462
38.53211416829423
127.35511939096196
72.82359108235765
75.37771245189546
61.8789130658395
19.29939322886685
135.99472499120617
31.422858668447535
49.41052910830824
52.36682512338212
46.45196186667151
37.243881084708974
83.41847343669238
104.30576310538919
78.48218832300805
62.151901161652354
64.94254977689643
69.36144187405205
66.08060929881486
93.69570862594738
46.82717675474269
99.57574351632965
54.38974299940814
99.46018157865274
76.55971714905482
74.93474520220234
45.57899090104681
69.7599365628807
39.73624783056957
69.86262674505471
30.926718356370742
106.76445907297905
37.16309120236721
63.30959141398593
77.99414501316397
91.46875376106019
111.19394290885424
96.86834850014671
66.9282296186061
41.592090895735815
97.47594895267886
55.472774567217826
84.7014159262406
60.103873006794466
34.45417395098614
75.38239499272245
54.80857883535718
107.86781366214268
93.71003629177795
120.24598340951607
49.63334217777324
54.68108293317923
72.71560784614232
58.064972174677365
88.44811091184916
69.16505413986565
26.13959128290856
72.03292837696907
117.87802089775113
63.056904568744535
68.7575141726341
77.87203443739976
96.62285655647489
78.46565835122547
86.82126308585751
105.73527412254498
90.5839911641185
51.61040361604803
59.287320972733426
84.61082510183893
72.84328156173918
83.08285785628283
23.154410145018787
73.22735789257167
58.44526297002182
74.53427599107317
69.90793537922592
52.94125510881771
69.38482039187116
40.93739236117122
28.33940712481609
56.24378733613113
63.924955569649995
58.36070450877893
54.03180311341199
44.91679225355808
108.67026450974092
61.127989503893936
106.70239368327947
112.65643570859692
92.60173505895392
28.172258178048075
88.07866615481723
70.09338014653756
36.60554292134729
18.26746211507505
53.564897488655824
85.26183632043742
33.377818825185415
42.22050375614833
106.66983857202467
108.67436304781056
27.43542242903697
80.50568232811239
32.148730938555175
111.67884124473599
23.357417896515344
76.30138646631778
122.33217506200216
78.96760762111316
15.982831474306995
28.948134882320886
86.8104461307419
89.69775022719723
61.54340113746464
71.14452207385709
47.69501251031395
111.47396583632136
46.83291788058369
96.53237405499723
85.30815141228638
109.4158163374192
29.90688068211133
43.40227939421348
41.91767447880391
102.9489108139681
103.00222827482813
66.96662493724503
81.76633039093626
75.72513598530813
40.82153282447605
79.69122221653127
38.24788472172522
84.0333241523708
100.6622779507163
43.30108839967693
93.25014688400154
77.09395510608813
83.69195352670472
35.28578204077556
28.603213877068846
88.99177791605715
45.28801707264865
39.56569235053928
68.36481233969515
67.69953946842199
87.83224790463075
121.79591015603606
26.293261147790037
93.78886914327747
87.16424802145991
67.86703558724955
43.348688715915074
66.72611118914395
95.15615346729936
62.213851138958695
73.8686810938434
65.95623666641897
63.85574297849321
107.1353039384442
98.59601197021121
88.22882896444682
120.91060911886937
35.208573783843036
46.324038995127665
82.62036093872578
64.59229082381415
87.94512903822192
81.18003934680696
20.839038374353603
76.57056404646
91.55117164606341
69.09215566232379
25.594898598123393
56.19010460033488
67.82897730964022
132.49537057799608
79.22231171491879
51.27702897364834
96.42500672861436
72.60933103306209
44.03423707601603
105.42379388373821
55.43383905119351
48.22046634799201
63.06702560229344
108.21567990360748
30.40668956094212
62.32359933704655
83.58386633122029
110.33403644741617
85.28857935483398
34.72306202360026
76.093134732395
81.57566710180922
62.192291403396055
45.82416603744379
61.08743100193826
72.89236907768638
8.827341863946913
107.67397810283606
76.25920590300163
17.100369540445705
43.81130542383468
128.5861554472605
17.544233865022832
46.794283692158615
93.02777599165705
57.42125064833921
103.76927326695
37.265147223497834
94.81362188736153
97.06276768512734
20.44688621702181
64.60401356996302
70.877978219232
120.6141746624582
72.76863362971159
97.08608568157054
42.66142847037769
57.93921985645716
78.88971477293772
87.75979198795764
65.03129261713167
115.74406653595338
125.62372952221142
23.46027370770804
83.31702662632136
37.65332011509417
83.51014217582593
59.27643873559067
66.13724173982283
72.56235865256824
16.606201137063824
52.72473354452262
87.1532903056986
78.6548144435434
58.327063582918036
57.0023087234281
101.31633679213206
48.482387491144785
41.786459689191545
74.53845737291708
122.27234881814263
96.54850511054967
34.376347217426236
7.688480592263383
54.974307581184284
3.7460173975113644
35.680429440228664
37.27006301875173
16.89846748751585
41.872708432158944
31.365008433583263
94.52467392008198
43.8952281848323
91.4404243104878
60.43369126064177
84.63681001539199
82.30423195987156
60.19116127568684
63.562731411268196
85.4083784764663
108.65086603421136
90.76228528965888
113.8803963194101
68.25885185725349
104.5541415796624
35.83881988711882
79.44201770926257
96.42056892491618
67.16817182651391
31.47413925852014
58.91562490346184
45.920684951942704
34.11042219585241
80.13991687176345
73.65583498630534
51.58463239646365
33.4130988907435
18.658742159780573
17.21346057184551
109.95598658996852
33.389038136640146
76.4879109575311
36.11832320542823
83.62174445409029
74.1856181174804
28.746458412015713
68.87953015155524
95.66150160797716
60.72768511123441
132.44460063316555
107.03382089238757
82.59522757379818
99.24926287604649
72.07837853100573
49.40317366775913
61.711461184067446
76.12805305049201
129.3680046394072
41.002811024651216
78.21869250601758
47.848148881476284
78.72001201988039
38.97413586155317
88.91242451041015
76.50077117704284
44.90924394957699
52.34094027924577
112.80885109655418
103.16181422157601
55.47045325086276
81.74530427029237
68.56357782500044
34.85091697815564
122.87676628534552
95.58077984528501
70.24091819698819
131.48966819360464
40.001414535068065
38.73987150727886
107.67532494667078
74.37817576084632
71.55707196272894
52.03065788312327
54.90264307675085
88.75402725719289
74.6741210645287
26.531196701872116
36.79001870453091
82.31545355798363
11.600907918697247
52.2075063174371
95.34489134317386
88.34400768164488
67.53866974136727
79.70053509553213
83.43387653131843
83.13346410761575
76.42278844517504
97.06439936576675
70.1952784522986
61.61695107573347
55.54323695524832
52.60829326210495
74.22345873451812
59.45200392959969
91.20622894962717
63.28078868854062
38.554925928225515
69.5336911973235
71.88522129758911
50.68462736742016
86.53008653452308
51.59528297352976
24.82719086786357
115.52194250916432
15.308561576409017
80.54469510896001
18.839916713406566
123.91970734551586
61.91440680126571
74.14864239849975
54.3958574787363
33.718771707643604
34.62150373962797
32.44012847034011
110.92992111423847
40.47284355131043
15.878055887452255
100.92976638039565
22.693030458470908
28.542690498417862
40.50333823669125
53.68535052405178
68.74910598465468
126.82838687903964
69.77741534315632
58.85647964807923
126.71655741813112
91.66897458203952
66.15132024585327
28.797496710866103
115.33464396095528
35.120567857563586
104.32668340190648
48.667636015652896
90.49682108994949
11.744959809656134
82.22205689421997
74.88373736099577
101.8794586660756
74.0174262266072
104.08248610651148
103.87999559785722
40.09414399195603
29.352776854107436
53.3789111279623
113.02209831759927
25.620657879173955
94.96342358869066
68.85096800751334
86.3038675377125
96.3658658369853
47.15982100077577
89.91242673271226
54.936446611532354
81.0076471914063
123.96351389081504
34.28075512487246
72.52864488699117
95.67818067430866
80.06862823394883
81.2081803255681
82.99900955939175
79.14330522764196
108.96381081065051
60.71178458556627
113.09367351500373
34.8844489660194
58.355842588369526
48.604181370813116
45.37994736745465
123.30764585342463
68.1821432069095
121.84011107864757
134.97581420829215
32.1140548026498
57.18316843694446
53.94693213637344
94.04647685544334
67.0737384551615
18.131090364568543
71.91844343323996
23.579718172912916
102.47365973418312
77.96685149266561
48.100919643185264
76.7455106883015
110.30813114943044
103.86341547330969
56.420463745738836
46.98113844339251
104.38851942948298
57.50534625959178
83.11383737960848
49.009705582569126
17.880708887985516
30.41528668945532
101.23561208207101
44.76144414219332
94.75953959986248
40.1887958070864
78.1684630437804
104.4263740012473
91.60545356297521
46.345506151600716
84.86238240645964
59.63299352166373
76.15171509444635
69.12716502327967
87.62819590999251
79.40804084838342
20.00161980013967
91.34431685947273
66.53889882431754
48.16604326643244
81.24632068396735
96.14274100739914
47.80520357392008
86.07471368687946
62.74823470588846
114.4189112161722
82.17967261188332
64.17743607835126
100.95548700195896
22.840579032951517
121.51130095980511
49.771905138798246
106.26005753825117
37.35293277129594
52.6010142739639
32.11531474848961
59.84908699034711
72.78694599046314
121.60363507250321
98.90027180171734
123.07353398635944
45.30974242377208
44.961992104284214
56.620473312670754
7.979218605070531
134.99261496304752
118.46193514227174
101.21731229938166
124.02456833714214
49.22113246524816
85.52633641146957
103.25199427330074
55.93925018738045
45.41586292130911
35.181304830023755
36.199854707614094
90.73566810164063
34.950934641043034
48.37874551260777
62.431514263304294
56.7582968475579
118.31120748779327
4.042336950341686
63.94108624484065
24.88683454073049
76.16793915467193
40.08760714523136
62.76222730115907
70.86119681793417
8.843043482426786
51.44975515929143
54.490068590893344
119.51294876984583
54.38913689034953
19.121697321481737
127.18819214438231
66.26835383719417
65.56138988166884
101.17800107127309
51.56774608597924
63.17629786836246
89.0789640012293
81.28438194337181
57.497299451371816
123.19772685693871
44.10020300788926
102.27472185117455
80.859198783024
51.779445407530474
79.4459529835371
95.64538438138325
2.1137106080247747
97.86853128583847
136.46406904974737
125.0917677185549
96.75983270031895
35.65729206228562
51.543170885384164
105.89330885692127
98.74152840398561
41.651840681791604
65.15110627213771
3.703577132895587
53.70158857667112
92.12040299675107
111.44093555502312
117.29513755308136
110.17318179440383
69.65496105789423
72.2579084277963
88.25146584198336
115.00315352048518
55.99992288810104
102.2755386611077
49.61092691044303
118.38850898659521
59.02455740625935
32.550967132222695
96.38461479440198
124.32002201551362
38.51598556812203
69.8869991830907
49.34541407887378
66.38434440229238
87.14121728390677
47.72044458910091
51.922746935947785
33.401533147412685
113.70376067601839
128.0794078043325
24.35780569686796
24.631000605000064
120.99471299754751
123.21931804796694
43.38226532284135
94.89504772416834
80.86986902673067
50.04949870784486
104.5906177730761
103.73094511322196
45.92171281399956
96.91832415426512
50.31700773625372
41.7622824903616
90.99458938981482
105.45592442854179
106.78193338931692
53.19683710443116
50.008461386156846
79.69565104254931
72.7116144694234
116.0133806073432
79.00233250325753
68.52804672429805
82.2982004216102
19.004571073307233
64.55010389433423
92.08628013485293
69.5725462391653
95.50114929028393
106.32906190094947
57.49881884525138
113.27761630670236
123.86869384359056
91.30805902255257
109.34864538745282
89.24072132553287
78.43236776364299
57.49702931481466
42.698420882085415
45.37925086072347
75.75197435861313
111.8054056691293
43.94080040374373
89.54008100330148
14.921807149723538
43.031633974400414
49.004081158560666
68.58868778124383
45.042100649018636
55.33193412769538
116.21484174979622
74.15805299633698
85.81023110920914
72.34624917658559
40.907816603940574
59.08198409525433
94.0472009676001
95.83683538669123
95.70022234635314
67.03854556653033
9.871464259128206
15.762385425095475
72.74669265958212
121.7307838315408
40.666145909746206
117.23560836988223
72.31155733228151
116.67815334787574
81.6141282037328
74.18388985038555
35.513346775498455
31.70808037282657
54.39109960843119
112.50338676376629
28.524800219507433
73.60103898075965
35.58914730805666
112.31395886388596
125.9591625482493
49.35007212925905
63.06484496722089
37.556925898817894
89.15832655200107
65.4367860322858
55.070225655713266
64.46125888807401
108.8009406000269
73.56305456887759
108.79462578935149
128.44159186818513
43.491374676282874
59.074904577959124
31.7633723079922
12.637332209630276
109.7042005659693
30.477190340101693
110.40534378221463
50.06671883599061
101.95882340733752
129.73997445782828
55.38489836158473
88.5310536080587
123.78724832242457
52.676206299331824
63.47950728490263
84.11794902941467
58.49998910361498
46.01335788359396
12.090691863048198
100.62759197599433
58.33859507080159
52.14170811039171
51.38764920565321
96.21379479015064
26.606709374788004
101.6127317418197
68.55598285180685
72.7399214863429
92.86379791213932
58.94122442816516
90.65303163504215
129.09159576446027
110.10522578667403
34.183998455081976
85.78093014511748
111.8199749516313
85.50822299042994
73.27544686734323
24.30516943535754
110.56464130796408
91.32060019840173
40.86820094245229
111.36944007284532
43.6792045306292
75.67920695153455
74.92755103002766
87.32718513139183
69.53627680810688
69.06527646886038
76.7455747597606
38.36615968273545
48.84417801777762
31.214949939038906
80.22203726837726
94.35194390260334
110.7945373556723
109.53236280555423
46.367404191412966
108.61696499529828
92.54546612382622
62.48209184053118
74.78831102684843
46.19196401457638
53.815531510387075
116.58866358520514
13.442600527352484
75.93041669561254
73.97957058882889
67.305679961181
55.325383464147365
104.00002084129065
61.727785834408756
24.94786466453308
108.57426877627341
110.81561633607132
80.93194858354802
58.67009795873871
64.10003428668
7.657034331057439
48.36343191760583
67.4286776607596
62.310786754037075
73.8729644548987
55.89871661713221
111.50070565768888
39.14779215361374
95.4343247212896
58.61848409648437
48.17621767937891
118.79308791038116
31.134151923396907
66.8101486200647
64.31218643480719
75.97713525198446
63.03157539624603
112.29491954464531
53.3667732482217
67.35349059890665
70.92749521105488
91.87324587145852
65.67983229567623
62.660677379588705
64.29650732656413
58.935545655816064
85.84558046778939
86.84417971241382
114.30044854416934
82.92884943455469
107.9204672200067
11.9860935398377
67.24481636472875
69.61388113808246
8.96111678745935
118.23709029758612
77.48513271185794
106.02211468216406
105.26620246921055
75.81350039649277
73.4330605447469
122.94125120208693
57.55755592239503
33.54421917326171
98.67910996064843
86.01982954786823
51.627692975440596
71.29161305622443
56.19642390846248
44.00392394848595
84.78821265256808
23.000346634091827
47.53127575278993
91.50730283583735
65.95821473198583
109.3021824167131
76.92127641474136
61.799289796190855
22.726418050527432
60.946349114712405
84.61709214026263
33.56688972897324
24.98724147208587
98.72384565059207
70.90864630166243
123.89591772685912
84.16057545470049
101.3971676863789
105.08941525964337
83.90784049211493
89.6887549695965
100.59242006860154
124.06588581031261
82.49075232940035
60.60318536682639
50.88006831763469
48.862751513056054
73.009758044905
38.03915260590085
91.99738667027265
123.08987174155101
25.2886368885136
74.30968160806722
55.37327830061007
123.4471069364293
87.18240585958702
30.688698692245808
107.84293375016381
50.424884659308496
44.43665352983902
79.10016852345524
65.19169654015198
9.405645282998982
77.57655756517981
97.17785389235077
76.20718806578566
113.36770176238704
82.2323159794426
97.23809782718665
119.7670890980323
102.28825588118215
91.80347215352006
80.75881456046527
54.34490521547119
42.981592379258615
19.58951343885142
83.6676450371701
84.77667228508403
56.23190296785803
91.42593980938122
36.08571470622057
74.67681728329205
53.197028653309275
75.31327892984021
126.21723716357367
127.3122729646669
54.97103577043923
55.124529321632295
41.12798415569941
71.02251904350422
26.516898082678264
83.60923932882753
52.36098968709662
28.238790381099406
92.38118590901676
83.9840137355354
66.38537362648462
71.43308957366696
18.2022032581214
64.75286617837992
56.2702066643694
104.31856944706374
54.23979312076976
108.19834597597037
38.95025833161213
63.47941939900702
49.45599309358289
59.7090216661268
38.00414198375424
93.4573660027863
69.25763372872939
132.35003248882873
55.731709686198165
19.933719504346758
56.34422271526452
30.367195205321927
68.3075849045873
42.03766832008805
94.14761141459289
68.5986696702781
11.98010726717425
67.12476175835597
43.18767995316517
61.34998200067767
52.72954830016852
42.953179213779755
104.35893677617659
111.3585191602249
44.489980651985334
83.88124693769224
53.84996978683712
83.74388306189277
42.310469747386946
18.371179756263544
76.80702046178465
45.82245394611627
46.60429845889716
23.793646372656823
64.3855109438724
68.61696684829772
94.64769155087032
82.7409020997799
78.8574804051602
38.92991468489568
110.26088147234726
58.448895529721995
52.287747554003005
64.7895970910431
29.60302608508131
105.84983582183047
13.182185153503905
70.33385345961722
129.40392031514892
8.274285587551484
111.19326166415172
28.150305418241814
53.85037266799685
26.503729949784912
99.97385534069775
105.87932659788493
54.849363299241034
31.31926632053812
47.98169537411538
107.74502867414691
10.478696183913218
124.91754484072175
116.98998680726399
95.96542327740917
73.30040940989178
93.40654920373004
66.27443184401601
101.46188117110309
55.15459056711347
58.40621855513635
32.4545998125335
56.695092972128634
52.6166066126014
45.12674476379445
69.8913437920813
114.5324426487972
65.19526153114147
71.53840633117542
66.66415192886251
91.72914744325506
87.90239823239224
24.92346054405891
113.33801499801197
18.74034515295838
80.97714259120276
31.010961988392914
106.86614559638011
65.14334627755639
107.89918373894746
91.3084774066973
106.40647305053703
110.91052123045742
43.30259027589662
102.38729528807983
69.53124624415189
90.25902102744753
39.51273170892063
38.823778971530785
92.79287216747777
66.940976855939
83.53279986124625
39.27778146690397
105.00528702726871
117.85665167079341
32.2831856262245
42.900489263349506
65.04109666498479
69.47943319955378
60.53069716954756
83.22922253467229
101.35376788074842
74.24454849678575
77.12052365155651
60.8250740178628
47.33809067107457
72.45699556096538
68.93173136033676
76.60842325490357
115.40260941445683
63.44203266259185
112.18776173580487
55.3398260557915
109.53481079931117
30.05855417604939
116.76359271504572
82.57238951599817
104.49570275995362
113.64271576392817
125.66083948134721
59.72617286003674
61.724375559583876
92.75144996625258
36.368641449432715
76.26117175208783
28.917525235833253
19.67964001941781
69.83099009025216
64.82260229629452
117.35164111067468
51.72362946324452
102.06488226358357
124.72985335324665
48.02723234651167
76.4694199198513
63.71414644317259
33.18596441690679
55.02792100342961
35.81190014827202
88.83945974914818
36.54450429493844
97.53994138240374
112.40921037005305
75.3722572394412
71.93588967434798
48.889013860563935
49.4431513538421
106.76217628789988
82.70159208770909
35.252211925345875
100.74625523141252
109.01901128068815
114.87005976152807
22.552646765578494
98.16367936142136
26.187475732716525
90.28944764813369
66.08535478471929
112.2857456737638
62.669366903713765
69.23440674401131
87.92862097436725
80.90676929502003
69.04630402029385
66.41861391877231
79.18281702800753
52.38661038871108
88.2801604527348
